Project_Name,Project_Address_Display,latitude,longitude,Stage,Project_Type,Target_Population,Total_Units,Number_of_Affordable_Units,OBJECTID,Lead,Supporting_Agencies,Supporting_Agencies__Other_,Lead__Other_,Other_Involved_Organizations,City_Controlled_Public_Funding_,City_Controlled_Public_Funding1,Financing_Construction_or_Perma,Fully_Leveraged_Total,Other_Leveraged_Total,Total_LIHTC,City_Controlled_Public_Agency_F,Closing_Date,Stage_4_Date,Stage_5_Date,Parcel_ID_1,Private_Debt,Private_Equity,Other_Funds,LIHTC_4,LIHTC_9,HOME,NSP,HOPWA,CDBG,TBD,Tax_Exempt_Bonds,Tax_Allocation_District,HOB,Housing_Trust_Fund,Atlanta_Housing_Subsidy,AH_Development,Bonds_for_Title_Lease_Purchase_,Other_City_Controlled_Local_Fun,Estimated_Tax_Savings,Units_0_30__AMI,Units_31_50__AMI,Units_51_60__AMI,Units_61_80__AMI,Units_81_120__AMI,Units_Market_Rate,IZ_or_PSO_Project,IZ_Overlay,Ready_to_Display,GlobalID_2
Oglethorpe Place Apartments,"835 Oglethorpe Ave SW, Atlanta, GA 30310",33.73634183021966,-84.41535655614562,Stage 5,Rehab_HomeFlex,Renter,144,87,1,Other,,,,Atlanta Urban Development Corporation ,Other,,,2682539.0,0.0,0.0,2682539.0,2024-12-19 17:00:00,2024-12-19 17:00:00,2024-12-20 17:00:00,14 010700020662,0.0,0.0,0.0,0,0,0,0,0,0.0,,0.0,0,0,0.0,0.0,0.0,0.0,0.0,2682539,0.0,43.0,0.0,44.0,0.0,57.0,,4%,,e207f7f9-17af-4865-b57c-434f79f028ce
1265 Lakewood,"1265 Lakewood Avenue SE, Atlanta, GA 30315",33.719533013000046,-84.38296603199996,Stage 5,New_Construction,Renter,160,160,6,IA,"ABI,AH",,,"DCA, Prestwick Development Company","AH_DPA,TAD,Tax_Exempt_Bonds",,Construction,34144526.0,10364025.0,22780501.0,1000000.0,2021-07-29 16:00:00,2021-12-31 00:00:00,2023-11-21 17:00:00,,9350000.0,374025.0,640000.0,6280501,0,0,0,0,0.0,,16500000.0,1000000,0,0.0,0.0,0.0,0.0,0.0,0,0.0,26.0,121.0,13.0,0.0,0.0,Both,4%,,e6ac83d8-29fd-4300-a6f4-a0768043abc9
Ashley Scholars Landing IC,"152 Vine Street, Atlanta, GA 30314",33.75036500600003,-84.40755501599995,Stage 5,New_Construction,Renter,72,50,13,AH,,,,No other involved organizations.,"AH_DPA,AH_Development_Funds",,Construction,17351442.0,3850000.0,0.0,13501442.0,,2021-06-22 16:00:00,2022-12-19 16:00:00,,3850000.0,0.0,0.0,0,0,0,0,0,0.0,,0.0,0,0,0.0,227752.0,13273690.0,0.0,0.0,0,0.0,0.0,25.0,0.0,25.0,22.0,,,,1eea9279-40af-4ef5-80b1-aae2383a5187
Lakewood Christian Manor,"2141 Springdale Road SW, Atlanta, GA 30315",33.69622101200002,-84.41481298999997,Stage 5,Rehab/Preservation,Renter,250,250,32,IA,AH,,,"DCA, National Church Residences",AH_DPA,,Construction,36854894.0,12462153.0,22245943.0,2146798.0,,2021-06-11 16:00:00,2024-04-22 16:00:00,14 01020003057,5904758.0,519499.0,6037896.0,4745943,0,0,0,0,0.0,,17500000.0,0,0,0.0,2146798.0,0.0,0.0,0.0,0,21.0,154.0,75.0,0.0,0.0,0.0,,4%,Yes,0fd5ceca-2961-4bf6-8437-2b0ced989973
Intrada Westside,"2174 Donald Lee Hollowell Parkway NW, Atlanta, GA 30318",33.77555601900008,-84.45701603999998,Stage 5,New_Construction,Renter,143,143,33,IA,AH,,,"DCA, GH Holdings, LLC, Partners for Home, The Vecino Group","AH_DPA,HOB,TAD,Tax_Exempt_Bonds",,Construction,37424696.0,1000000.0,33573249.0,2851447.0,2021-03-14 16:00:00,2021-12-31 00:00:00,2023-02-01 17:00:00,,0.0,0.0,1000000.0,17073249,0,0,0,0,0.0,,16500000.0,1000000,1500000,0.0,351447.0,0.0,0.0,0.0,0,0.0,33.0,90.0,20.0,0.0,0.0,,4%,,d595e1bf-dcc9-4bf0-a9dd-4e6dcdf5fd5a
The Mallory,"251 Anderson Avenue NW, Atlanta, GA 30314",33.76193098400006,-84.45056599799995,Stage 5,New_Construction,Renter,116,116,39,IA,,,,"DCA, Prestwick Development Company",Tax_Exempt_Bonds,,Construction,28482144.0,8320000.0,20162144.0,0.0,2021-10-15 16:00:00,2021-05-10 17:00:00,2023-10-18 17:00:00,,5420000.0,0.0,2900000.0,7662144,0,0,0,0,0.0,,12500000.0,0,0,0.0,0.0,0.0,0.0,0.0,0,0.0,20.0,86.0,10.0,0.0,0.0,,4%,Yes,80775fd2-c5c6-46bd-88e4-20e5b846625d
James Allen Jr. Place,"2610 Martin Luther King Jr Drive SW, Atlanta, GA 30311",33.75202198200003,-84.47282699099998,Stage 5,Rehab_HomeFlex,Renter,129,129,46,AH,,,,DCA ,"AH_DPA,Other",TEB,Construction,45640672.0,259327.0,36233654.0,9147691.0,2023-03-10 16:00:00,2022-09-06 16:00:00,2023-11-30 17:00:00,,0.0,259327.0,0.0,23433654,0,0,0,0,0.0,,12800000.0,0,0,0.0,747691.0,8400000.0,0.0,0.0,0,0.0,0.0,129.0,0.0,0.0,0.0,,4%,,879e39be-8589-4151-b9d0-2db1c3d161a8
London Townhomes,"308 Scott Street, Atlanta, GA 30311",33.748995066000084,-84.49500718999997,Stage 5,Rehab_HomeFlex,Renter,200,180,52,AH,IA,,,"DCA, The Benoit Group","AH_DPA,Tax_Exempt_Bonds",,Construction,22596118.0,2444786.0,16922261.0,3229071.0,2020-08-01 16:00:00,2020-08-01 16:00:00,2022-07-19 16:00:00,,2294000.0,0.0,150786.0,16922261,0,0,0,0,0.0,,0.0,0,0,0.0,3229071.0,0.0,0.0,0.0,0,0.0,0.0,180.0,0.0,0.0,20.0,PSO,4%,Yes,301e3f69-5e3b-46e7-a388-baae08576320
Bridges at Landrum,"2944 Landrum Drive SW, Atlanta, GA 30318",33.70630180799945,-84.48521198299852,Stage 4,New_Construction,Renter,200,170,57,IA,,,,"DCA, LDG Development",TEB,,Construction,51591209.0,0.0,50220000.0,1371209.0,,2021-12-31 00:00:00,,,0.0,0.0,0.0,20220000,0,0,0,0,0.0,,30000000.0,0,0,0.0,0.0,0.0,1371209.0,0.0,0,0.0,0.0,170.0,0.0,0.0,30.0,,4%,,01cca00d-0972-4c94-aba4-5ce0bbda5df0
Englewood IB Senior,"505 Englewood Avenue SE, Atlanta, GA 30315",33.721597015000036,-84.37420199799999,Stage 4,New_Construction,Renter,160,160,69,AH,"IA,AH",,,"AH, The Benoit Group",AH_Development_Funds,,Construction,40706674.0,25090009.0,7669639.0,7947026.0,2024-04-17 16:00:00,2024-04-17 16:00:00,,,25077000.0,0.0,13009.0,7669639,0,0,0,0,0.0,,0.0,0,0,0.0,0.0,7947026.0,0.0,0.0,0,21.0,0.0,139.0,0.0,0.0,0.0,,4%,Yes,340c62f6-4e45-42ce-a6aa-29334ef759bf
Abbington at Ormewood,"525 Moreland Avenue SE, Atlanta, GA 30316",33.739821995998874,-84.3496420159971,Stage 5,New_Construction,Renter,42,42,73,IA,AH,,,"DCA, Rea Ventures Group, LLC","AH_DPA,HOB",,Construction,11214104.0,1078502.0,9835602.0,300000.0,,2021-07-08 16:00:00,2024-12-02 17:00:00,,1000000.0,0.0,78502.0,0,9835602,0,0,0,0.0,,0.0,0,300000,0.0,0.0,0.0,0.0,0.0,0,10.0,9.0,14.0,9.0,0.0,0.0,Both,9%,,a82096b2-6742-4e7c-a836-6ee0b30f0356
Haven at South Atlanta,"57 Hardwick Street SE, Atlanta, GA 30315",33.70953114500003,-84.38494110699997,Stage 5,New_Construction,Renter,84,71,74,IA,,,,"DCA, Pennrose, LLC",HOB,,Construction,18551381.0,5200000.0,12151381.0,1200000.0,,2021-06-10 16:00:00,2023-04-11 16:00:00,,5200000.0,0.0,0.0,0,12151381,0,0,0,0.0,,0.0,0,1200000,0.0,0.0,0.0,0.0,0.0,0,0.0,0.0,71.0,0.0,0.0,13.0,,9%,,3a66f357-d444-4175-b68c-26e660162106
Ashley Scholars Landing II,"668 Atlanta Student Movement Boulevard, Atlanta, GA 30314",33.74830707447127,-84.41044191114398,Stage 5,New_Construction,Renter,212,114,82,AH,,,,DCA,AH_Development_Funds,,Construction,65184915.0,16800000.0,16216580.0,32168335.0,2023-06-29 16:00:00,2023-06-29 16:00:00,2025-10-13 16:00:00,,16300000.0,0.0,500000.0,0,16216580,0,0,0,0.0,,0.0,0,0,0.0,0.0,32168335.0,0.0,0.0,0,0.0,0.0,114.0,0.0,0.0,98.0,,9%,,6ad21b09-ecfe-446a-bb8c-3c2aea3d7575
55 Milton,"55 Milton Avenue, Atlanta, GA 30315",33.72391498800004,-84.38646899699995,Stage 5,New_Construction,Renter,156,156,99,IA,AH,,,"DCA, Prestwick Development",AH_DPA,,Construction,15554532.0,6856866.0,8345146.0,352520.0,,2021-12-31 00:00:00,2022-04-13 16:00:00,,720000.0,716857.0,5420009.0,8345146,0,0,0,0,0.0,,0.0,0,0,0.0,352520.0,0.0,0.0,0.0,0,0.0,46.0,87.0,23.0,0.0,0.0,Both,4%,,4790a03d-d82e-4fd2-a49b-92d421c26e1f
Juanita H. Gardner Village,"3650 Bakers Ferry Road SW, Atlanta, GA 30331",33.75920200400002,-84.50740896399996,Stage 5,New_Construction,Renter,108,108,100,IA,AH,,,"DCA, Timshel Development Group, CRN, Gateway Development Companies",AH_DPA,,Construction,32936733.0,5400000.0,27536733.0,0.0,,2022-06-27 16:00:00,2024-07-11 16:00:00,,0.0,5400000.0,0.0,14436733,0,0,0,0,0.0,,13100000.0,0,0,0.0,0.0,0.0,0.0,0.0,0,0.0,0.0,108.0,0.0,0.0,0.0,,4%,,9c0065c6-a622-4ea1-9347-911fa7c05115
111 Moreland,"111 Moreland Avenue, SE, Atlanta, GA 30316",33.75038700799951,-84.34952098099853,Stage 5,New_Construction,Renter,45,42,102,IA,AH,,,Stryant Investments LLC,"AH_DPA,HOB,HOME",,Construction,5281148.0,3781148.0,0.0,1500000.0,2023-12-13 17:00:00,2023-12-13 17:00:00,2026-05-18 16:00:00,,3781148.0,0.0,0.0,0,0,500000,0,0,0.0,,0.0,0,1000000,0.0,0.0,0.0,0.0,0.0,0,24.0,0.0,18.0,0.0,0.0,3.0,,,Yes,e8da0df1-6757-40c3-b389-05164c43afec
The Populus at Westside,"1315 Northwest Drive NW, Atlanta, GA 3038",33.79121143200006,-84.48036054899995,Stage 4,New_Construction,Renter,286,43,113,IA,,,,Novare Group,Lease_Purchase_Bond,,Construction ,59720686.0,58000000.0,0.0,1720686.0,2021-09-17 16:00:00,2021-12-31 00:00:00,,,37120000.0,20880000.0,0.0,0,0,0,0,0,0.0,,0.0,0,0,0.0,0.0,0.0,0.0,0.0,1720686,0.0,0.0,13.0,30.0,0.0,243.0,,,,7f9c0633-8f17-49bc-b3b0-58d53575109b
Quest Village at English Ave,"694 Dalvigney Street NW, Atlanta, GA 30318",33.770579288536275,-84.41017315502023,Stage 5,"Rehab_HomeFlex,Rental_Assistance",Renter,12,12,121,IA,"COA,Other",,,"Quest Communities, Partners for Home","HOME,Housing_Trust_Fund",,Construction,1875346.0,379546.0,0.0,1495800.0,2019-02-18 16:00:00,2019-01-16 17:00:00,2022-03-01 17:00:00,,0.0,377800.0,1746.0,0,0,1250000,0,0,0.0,,0.0,0,0,245800.0,0.0,0.0,0.0,0.0,0,0.0,12.0,0.0,0.0,0.0,0.0,,,,89210d64-1950-46e8-ab5b-844e08630502
908 Crew - Single family,,33.74854370000003,-84.39057819999992,Stage 5,"New_Construction,Rehab_HomeFlex",Homeowner,1,1,133,LBA,,,,Synergy Real Estate,NSP,,Construction,209768.0,165768.0,0.0,44000.0,2023-02-15 17:00:00,2022-03-01 16:00:00,2023-02-24 17:00:00,14-0074-0004-056-0,146608.0,19160.0,0.0,0,0,0,44000,0,0.0,,0.0,0,0,0.0,0.0,0.0,0.0,0.0,0,0.0,0.0,0.0,0.0,1.0,0.0,,,,13b83bb8-8e17-4399-ba6d-22744afb8bc6
1515 Westwood - Single family,,33.74854370000003,-84.39057819999992,Stage 5,Rehab/Preservation,Homeowner,1,1,142,LBA,,,,SL Renovations,NSP,,Construction,329358.0,256009.0,0.0,73349.0,,2021-12-31 00:00:00,2022-01-28 16:00:00,14-0139-0001-036-8,0.0,256009.0,0.0,0,0,0,73349,0,0.0,,0.0,0,0,0.0,0.0,0.0,0.0,0.0,0,,,,,1.0,,,,,a6d2efbe-759d-4a58-b1c2-82688c0a31d2
The Trust at East Lake,"697 Fayetteville Road SE, Atlanta, GA 30316",33.73744976918793,-84.31378817333741,Stage 4,New_Construction,Homeowner,40,40,148,IA,Other,,,Atlanta Land Trust,HOB,,Construction,2000000.0,0.0,0.0,2000000.0,2022-12-09 17:00:00,2023-03-29 16:00:00,,,0.0,0.0,0.0,0,0,0,0,0,0.0,,0.0,0,2000000,0.0,0.0,0.0,0.0,0.0,0,0.0,0.0,0.0,20.0,20.0,0.0,,,Yes,61e2fc9f-002b-4648-964f-73c1e8b51def
Englewood IA Multifamily,"505 Englewood Avenue SE, Atlanta, GA 30315",33.7215970149983,-84.37420199799573,Stage 4,New_Construction,Renter,200,160,171,AH,IA,,,"AH, The Benoit Group","AH_DPA,AH_Development_Funds,HOB,TAD,Other",,Construction,126425188.0,27664192.0,83256087.0,15504909.0,2024-12-30 17:00:00,2024-12-11 17:00:00,,,27565100.0,0.0,99092.0,43256087,0,0,0,0,0.0,,40000000.0,3000000,4750000,0.0,0.0,7754909.0,0.0,0.0,0,0.0,0.0,160.0,0.0,0.0,40.0,,4%,Yes,e1103866-c7d2-4033-9a70-dd9e44382a6e
557 Lindsay Street,"557 Lindsay Street NW, Atlanta, GA 30314",33.76995034900005,-84.41640763599997,Stage 4,New_Construction,Renter,6,6,172,IA,COA,,,oaksATL ,"HOME,TAD",,Construction,2670780.0,1648932.0,0.0,1021848.0,,2024-09-23 16:00:00,,,1300000.0,148932.0,200000.0,0,0,421848,0,0,0.0,,0.0,600000,0,0.0,0.0,0.0,0.0,0.0,0,0.0,1.0,3.0,2.0,0.0,0.0,PSO,,Yes,1b7cb1bf-cae0-4c2f-bb6b-b7289f413eac
,,33.74854370000003,-84.39057819999992,Stage 5,dpa,Homeowner,1,1,193,IA,,,,,hob,,permanent,,,0.0,40000.0,,,2022-03-15 16:00:00,,184776.0,0.0,0.0,0,0,0,0,0,0.0,,0.0,0,20000,0.0,20000.0,0.0,0.0,0.0,0,,,,,1.0,,,,,ac06656e-88e0-4669-b059-74a17a66b614
Downpayment Assistance,,33.74854370000003,-84.39057819999992,Stage 5,dpa,owner,1,1,194,IA,,,,,hob,,permanent,,,0.0,40000.0,,,2022-03-15 15:00:00,,199684.0,0.0,0.0,0,0,0,0,0,0.0,,0.0,0,20000,0.0,20000.0,0.0,0.0,0.0,0,,,,,1.0,,,,,acd777ca-24f9-4edd-8097-0f5a34d28c46
,,33.74854370000003,-84.39057819999992,Stage 5,dpa,Homeowner,1,1,195,IA,,,,,,,permanent,,,0.0,40000.0,,,2022-03-15 16:00:00,,222500.0,0.0,0.0,0,0,0,0,0,0.0,,0.0,0,20000,0.0,20000.0,0.0,0.0,0.0,0,,,,,1.0,,,,,0ece361b-9a9a-426c-8cc6-76f1952faeb9
,,33.74854370000003,-84.39057819999992,Stage 5,dpa,Homeowner,1,1,196,IA,,,,,,,permanent,,,0.0,40000.0,,,2022-03-15 16:00:00,,232750.0,0.0,0.0,0,0,0,0,0,0.0,,0.0,0,20000,0.0,20000.0,0.0,0.0,0.0,0,,,,,1.0,,,,,4fa7771b-040c-4eb7-951d-e7ff470a7dd4
Columbia Grove,"1783 Johnson Rd NW, Atlanta, GA 30318",33.78598201700003,-84.44495096099996,Stage 5,Rehab_HomeFlex,Renter,139,97,202,AH,,,,,"AH_DPA,AH_Development_Funds",AH Subsidy,construction,78082.0,0.0,0.0,78082.0,,2023-10-25 16:00:00,2023-10-25 16:00:00,,0.0,0.0,0.0,0,0,0,0,0,0.0,,0.0,0,0,0.0,0.0,78082.0,0.0,0.0,0,0.0,0.0,97.0,0.0,0.0,42.0,,4%,,23345322-d37c-448b-835a-1d6f0a09590d
East Lake Highrise,"380 Eva Davis Way NE, Atlanta, GA 30317",33.74167301400006,-84.31418296199998,Stage 4,"Rehab_HomeFlex,Rental_Assistance",Renter,149,149,203,AH,IA,,,DCA,"AH_Development_Funds,HOB,HOME",AH Subsidy,Permanent,35072599.0,5898648.0,12479240.0,16694711.0,2023-08-10 16:00:00,2023-08-10 16:00:00,,,5650000.0,0.0,248648.0,0,12479240,4000000,0,0,0.0,,0.0,0,1000000,0.0,144711.0,11550000.0,0.0,0.0,0,0.0,54.0,92.0,3.0,0.0,0.0,,9%,Yes,0011074a-392b-4135-b37e-6fdef7ece6f2
The New Villages of Castleberry (Phase I ),"600 Greensferry Ave SW, Atlanta, GA 30314",33.746202008000076,-84.40823596199994,Stage 5,Rehab_HomeFlex,Renter,166,102,204,AH,,,,DCA,"AH_DPA,AH_Dev_Funds",AH Subsidy,Construction,28359990.0,6651363.0,15299170.0,6409457.0,,2021-12-31 17:00:00,2022-01-31 16:00:00,,5700000.0,0.0,951363.0,0,15299170,0,0,0,0.0,,0.0,0,0,0.0,2664609.0,3744848.0,0.0,0.0,0,0.0,0.0,66.0,36.0,0.0,64.0,,9%,,1c56342e-f6d2-4126-82f2-476f5832af2f
,,33.74854370000003,-84.39057819999992,Stage 5,Down_Payment_Assistance,Homeowner,1,1,207,IA,AH,,,,"AH_DPA,HOB",,Permanent,,,0.0,40000.0,2022-03-08 16:00:00,,2022-03-08 16:00:00,14 0199 000 20687,218660.0,0.0,0.0,0,0,0,0,0,0.0,,0.0,0,20000,0.0,20000.0,0.0,0.0,0.0,0,,,,,1.0,,,,,1f86982a-d0a3-4bd3-b399-25d8c4d7d4fd
,,33.74854370000003,-84.39057819999992,Stage 5,Down_Payment_Assistance,Homeowner,1,1,208,IA,,,,,HOB,,Permanent,,,0.0,20000.0,2022-03-15 16:00:00,,2022-03-15 16:00:00,14-0038-0003-054-1,265109.0,0.0,0.0,0,0,0,0,0,0.0,,0.0,0,20000,0.0,0.0,0.0,0.0,0.0,0,,,,,1.0,,,,,2376e913-c9e7-4dc7-a03e-e09a9ad8eb5d
,,33.74854370000003,-84.39057819999992,Stage 5,Down_Payment_Assistance,Homeowner,1,1,209,IA,AH,,,,"AH_DPA,HOB",,Permanent,,,0.0,40000.0,2022-03-22 16:00:00,,2022-03-22 16:00:00,14-0086-0010-007-1,201500.0,0.0,0.0,0,0,0,0,0,0.0,,0.0,0,20000,0.0,20000.0,0.0,0.0,0.0,0,,,,,1.0,,,,,fb39c36c-cdf3-4ca6-abb8-7fafe21300b9
Owner Occupied Rehab - IA - 2018 through YTD 2022,,33.74854370000003,-84.39057819999992,Stage 5,Rehab_HomeFlex,Homeowner,1,1,211,IA,,,,,HOB,,,,,0.0,29336.0,,,2022-02-02 16:00:00, 14 01530001009,0.0,0.0,0.0,0,0,0,0,0,0.0,,0.0,0,29336,0.0,0.0,0.0,0.0,0.0,0,,,1.0,,,,,,,c93c1cdb-4d40-4a45-af84-3a886f656f61
Villages of Carver Phase I,"174 Moury Drive SE, Atlanta, GA 30315",33.71267157100004,-84.38819244999995,Stage 5,"Rehab_HomeFlex,Rental_Assistance",Renter,220,154,212,AH,IA,,,DCA,"AH_DPA,HOB",AH Subsidy/ TEB,Construction,71757711.0,15949658.0,44554972.0,11253081.0,2023-11-17 17:00:00,2023-11-17 17:00:00,2023-11-17 17:00:00,,14200000.0,100.0,1749558.0,19054972,0,0,0,0,0.0,,25500000.0,0,2000000,0.0,355320.0,8897761.0,0.0,0.0,0,0.0,0.0,154.0,0.0,0.0,66.0,,4%,,f683317d-c6c9-47fc-9202-47c5b83c781d
Owner Occupied Rehab - IA - 2018 through YTD 2022,,33.74854370000003,-84.39057819999992,Stage 5,Rehab_HomeFlex,Homeowner,1,1,213,IA,,,,,HOB,,,,,0.0,30000.0,,,2022-02-09 16:00:00,14 01380005122,0.0,0.0,0.0,0,0,0,0,0,0.0,,0.0,0,30000,0.0,0.0,0.0,0.0,0.0,0,,,1.0,,,,,,,c0239899-c5a1-4c7f-b7c1-391092ae97bf
Owner Occupied Rehab - IA - 2018 through YTD 2022,,33.74854370000003,-84.39057819999992,Stage 5,Rehab_HomeFlex,Homeowner,1,1,214,IA,,,,,HOB,,,,,0.0,29815.0,,,2022-02-22 16:00:00,14 01460010040,0.0,0.0,0.0,0,0,0,0,0,0.0,,0.0,0,29815,0.0,0.0,0.0,0.0,0.0,0,,,1.0,,,,,,,57a4858a-04b1-4faf-8a23-3db74d731d2e
Owner Occupied Rehab - IA - 2018 through YTD 2022,,33.74854370000003,-84.39057819999992,Stage 5,Rehab_HomeFlex,Homeowner,1,1,215,IA,,,,,HOB,,,,,0.0,29997.0,2022-03-09 16:00:00,,2022-03-09 16:00:00,14 01050009131,0.0,0.0,0.0,0,0,0,0,0,0.0,,0.0,0,29997,0.0,0.0,0.0,0.0,0.0,0,,,1.0,,,,,,,0e3df6b8-ff7f-428c-bfc5-fc6b418fb496
Owner Occupied Rehab - IA - 2018 through YTD 2022,,33.74854370000003,-84.39057819999992,Stage 5,Rehab_HomeFlex,Homeowner,1,1,216,IA,,,,,HOB,,,,,0.0,29959.0,,,2022-03-09 16:00:00, 14 00910003052,0.0,0.0,0.0,0,0,0,0,0,0.0,,0.0,0,29959,0.0,0.0,0.0,0.0,0.0,0,,,1.0,,,,,,,02c347c7-3010-4dee-a598-3a5dc696ec34
Owner Occupied Rehab - IA - 2018 through YTD 2022,,33.74854370000003,-84.39057819999992,Stage 5,Rehab_HomeFlex,Homeowner,1,1,217,IA,,,,,HOB,,,,,0.0,30000.0,,,2022-03-15 16:00:00, 14 01170008147,0.0,0.0,0.0,0,0,0,0,0,0.0,,0.0,0,30000,0.0,0.0,0.0,0.0,0.0,0,,,1.0,,,,,,,24eb7244-6cb1-4519-85ec-2e9bd346d1a2
Owner Occupied Rehab - IA - 2018 through YTD 2022,,33.74854370000003,-84.39057819999992,Stage 5,Rehab_HomeFlex,Homeowner,1,1,218,IA,,,,,HOB,,,,,0.0,29815.0,,,2022-03-15 16:00:00,14 01410001039,0.0,0.0,0.0,0,0,0,0,0,0.0,,0.0,0,29815,0.0,0.0,0.0,0.0,0.0,0,,,1.0,,,,,,,efe2f3f4-b20c-4a5b-9f99-c02f587653de
Owner Occupied Rehab - IA - 2018 through YTD 2022,,33.74854370000003,-84.39057819999992,Stage 5,Rehab_HomeFlex,Homeowner,1,1,219,IA,,,,,HOB,,,,,0.0,29957.0,,,2022-03-18 16:00:00, 15 208 04 134,0.0,0.0,0.0,0,0,0,0,0,0.0,,0.0,0,29957,0.0,0.0,0.0,0.0,0.0,0,,,1.0,,,,,,,c9b1df2e-7881-4c5d-8dc5-aa859282e2d4
,,33.74854370000003,-84.39057819999992,Stage 5,Down_Payment_Assistance,Homeowner,1,1,221,IA,,,,,HOB,,Permanent,,,0.0,20000.0,2022-04-06 16:00:00,,2022-04-06 16:00:00,1400720003052,206654.0,2482.0,0.0,0,0,0,0,0,0.0,,0.0,0,20000,0.0,0.0,0.0,0.0,0.0,0,0.0,0.0,0.0,0.0,1.0,0.0,,,Yes,c1efc6d1-ecc9-4e68-9d5b-82b34c841b85
Owner Occupied Rehab - IA - 2018 through YTD 2022,,33.74854370000003,-84.39057819999992,Stage 5,Rehab_HomeFlex,Homeowner,1,1,222,IA,,,,,Other,,,,,0.0,66720.0,2022-03-29 16:00:00,,2022-03-29 16:00:00,14 01160004065,0.0,0.0,0.0,0,0,0,0,0,0.0,,0.0,0,0,0.0,0.0,0.0,0.0,66720.0,0,,,1.0,,,,,,,1aa54488-1959-4d1b-9f9d-1803a36ec325
,,33.74854370000003,-84.39057819999992,Stage 5,Down_Payment_Assistance,Homeowner,1,1,223,IA,AH,,,,AH_DPA,,Permanent,,,0.0,25000.0,2022-04-08 16:00:00,,2022-04-08 16:00:00,14004600150166,138750.0,2404.0,0.0,0,0,0,0,0,0.0,,0.0,0,0,0.0,25000.0,0.0,0.0,0.0,0,,,,,1.0,,,,,973496ed-a264-403b-bb51-88fd71b261ee
,,33.74854370000003,-84.39057819999992,Stage 5,Down_Payment_Assistance,Homeowner,1,1,224,IA,AH,,,,AH_DPA,,Permanent,,,0.0,20000.0,2022-04-25 16:00:00,,2022-04-25 16:00:00,1402500005016,222500.0,2475.0,0.0,0,0,0,0,0,0.0,,0.0,0,0,0.0,20000.0,0.0,0.0,0.0,0,,,,,1.0,,,,,a2414fa4-6339-4e20-a985-9ca7e6457b9a
Villages at East Lake Redevelopment,"457 East Lake Boulevard, Atlanta, GA 30317",33.74152646500005,-84.31501403699997,Stage 5,Rehab_HomeFlex,Renter,542,271,230,AH,IA,,,DCA,"AH_DPA,AH_Dev_Funds,Tax_Exempt_Bonds",,Construction,59354768.0,5319541.0,44555033.0,9480194.0,,2019-04-01 16:00:00,2022-05-22 16:00:00,,319541.0,0.0,5000000.0,20555033,0,0,0,0,0.0,,24000000.0,0,0,0.0,9480194.0,0.0,0.0,0.0,0,0.0,0.0,271.0,0.0,0.0,271.0,PSO,4%,,2a865572-c623-4fc2-9a52-6ba8b0504a15
Madison Reynoldstown,"872 Memorial Drive, Atlanta, GA 30316",33.74681419534852,-84.35888527787792,Stage 5,New_Construction,Renter,116,116,235,ABI,"IA,AH",,,"DCA, Rea Ventures Group, Bank of America","AH_DPA,AH_Development_Funds",,Construction,16505309.0,8575605.0,7929704.0,0.0,,2020-11-24 16:00:00,2024-11-04 17:00:00,,8025000.0,550605.0,0.0,7929704,0,0,0,0,0.0,,0.0,0,0,0.0,0.0,0.0,0.0,0.0,0,24.0,0.0,68.0,24.0,0.0,0.0,Both,4%,Yes,02caec70-cf2b-499c-bcfb-a6e30e7c56b1
Villas at Stone Hogan Road,"3133 Continental Colony, Atlanta, GA 30331",33.679398682000055,-84.49391635099994,Stage 4,New_Construction,Renter,192,192,238,IA,AH,,,"DCA, Zimmerman Properties, TriStar Realty Investments","AH_Dev_Funds,Tax_Exempt_Bonds",,Construction,70844500.0,10877389.0,54342101.0,5625010.0,2024-10-16 16:00:00,2024-10-16 16:00:00,,,9965000.0,0.0,912389.0,37342101,0,0,0,0,0.0,,17000000.0,0,0,0.0,0.0,5625010.0,0.0,0.0,0,0.0,64.0,64.0,64.0,0.0,0.0,,4%,,8acc1ef3-b8ed-4fb2-a0c7-a1e1c1c29232
Flats at Stone Hogan ,"2796 Continental Colony Parkway, SW, Atlanta, GA 30331",33.685942809000046,-84.49155146,Stage 4,New_Construction,Renter,256,256,239,IA,AH,,,"DCA, Zimmerman Properties, TriStar Realty Investments","AH_Dev_Funds,Tax_Exempt_Bonds",,Construction,106885190.0,18141666.0,84368514.0,4375010.0,2024-10-23 16:00:00,2024-10-23 16:00:00,,,17074000.0,0.0,1067666.0,56868514,0,0,0,0,0.0,,27500000.0,0,0,0.0,0.0,4375010.0,0.0,0.0,0,0.0,75.0,78.0,103.0,0.0,0.0,,4%,,0e273f0e-0e5e-46ee-b0a4-fbe7171ebf1a
,,33.74854370000003,-84.39057819999992,Stage 5,Down_Payment_Assistance,Homeowner,1,1,253,IA,"AH,Other",,,,"AH_DPA,HOB,Other",,Permanent,,,0.0,45000.0,2022-03-01 16:00:00,,2022-03-01 16:00:00,14F-0043-0001-010-2,241000.0,0.0,0.0,0,0,0,0,0,0.0,,0.0,0,20000,0.0,20000.0,0.0,0.0,5000.0,0,,,,1.0,,,,,,d21db718-bb97-47d1-8a87-53d499066cd9
,,33.74854370000003,-84.39057819999992,Stage 5,Down_Payment_Assistance,Homeowner,1,1,257,IA,AH,,,,"AH_DPA,HOB",,Permanent,,,0.0,40000.0,2022-03-01 16:00:00,,2022-03-01 16:00:00,14 0227 LL1734,234399.0,0.0,0.0,0,0,0,0,0,0.0,,0.0,0,20000,0.0,20000.0,0.0,0.0,0.0,0,,,,,1.0,,,,,ee1f5d1c-36a1-4428-94ab-f997ddcafeab
Hollywood Shawnee,"1033 Hollywood Road NW, Atlanta, GA 30318",33.78572901000006,-84.45835597099995,Stage 4,Rehab/Preservation,Renter,112,112,264,IA,,,,"DCA, Vitus Development",TEB,,Construction,34360373.0,9776216.0,13334157.0,11250000.0,,2021-12-31 00:00:00,,,9250000.0,526216.0,0.0,13334157,0,0,0,0,0.0,,11250000.0,0,0,0.0,0.0,0.0,0.0,0.0,0,,,112.0,,,,,4%,,6ba3848a-5357-4300-909a-145288ee861d
Stanton Park,"1056 Hank Aaron Drive SE, Atlanta, GA 30315",33.72573530615789,-84.38764891814775,Stage 5,New_Construction,Renter,56,56,273,IA,"ABI,AH,Other",,,"Partners for Home, Woda Group","Beltline TAD, TEB",,Construction,4337478.0,2603618.0,1733860.0,0.0,,2021-12-31 00:00:00,2024-02-27 17:00:00,,0.0,3618.0,2600000.0,1733860,0,0,0,0,0.0,,0.0,0,0,0.0,0.0,0.0,0.0,0.0,0,10.0,0.0,34.0,12.0,0.0,0.0,Both,4%,Yes,492c2fb3-e7aa-4a68-b9b2-8faccea57784
Sylvan Hills II,"1950 Sylvan Road, Atlanta, GA 30310",33.700028994910014,-84.41638702731771,Stage 4,New_Construction,Renter,233,233,274,AH,"IA,AH,COA,Other",,,"AH, The Benoit Group, Partners for Home, ANDP, Community Foundation for Greater Atlanta","AH_Development_Funds,HOB,HOME",,Construction,51234856.0,37714265.0,0.0,13520591.0,2025-05-14 16:00:00,2025-05-14 16:00:00,,,30207365.0,0.0,7506900.0,0,0,1020591,0,0,0.0,,0.0,0,2500000,0.0,0.0,10000000.0,0.0,0.0,0,0.0,24.0,0.0,209.0,0.0,0.0,,,Yes,c2aca0d4-0d70-4724-b066-4348dc839f10
The Reserve at Bolton Road,"1070 Bolton Road, Atlanta, GA 30331",33.78293155600005,-84.49812728399998,Stage 4,New_Construction,Renter,209,209,280,IA,,,,"DCA, KCG Development, LLC",TEB,,Construction,39850040.0,717859.0,39132181.0,0.0,2020-09-01 17:00:00,2020-09-01 17:00:00,,,0.0,717859.0,0.0,16632181,0,0,0,0,0.0,,22500000.0,0,0,0.0,0.0,0.0,0.0,0.0,0,0.0,43.0,133.0,33.0,0.0,0.0,PSO,4%,Yes,5017912e-207b-43af-8964-dc31a43adc46
Avenue at Oakland City,"1091-1095 Tucker Avenue SW, Atlanta, GA 30310",33.72413501300007,-84.42326203199997,Stage 4,New_Construction,Homeowner,40,40,295,IA,,,,Atlanta Land Trust,HOB,,Construction,13333612.0,11333612.0,0.0,3170000.0,2022-12-09 17:00:00,,,,0.0,0.0,0.0,0,0,0,0,0,0.0,,0.0,1170000,2000000,0.0,0.0,0.0,0.0,0.0,0,0.0,0.0,0.0,20.0,20.0,,,,,8528b718-6c8a-4cbc-97ca-9e914e80fa6d
Parkside at Quarry Yards,"1314 Donald Lee Hollowell Parkway NW, Atlanta, GA 30318",33.77152600000004,-84.43098897299996,Stage 5,New Construction,Renter,182,182,366,IA,ABI,,,"DCA, Prestwick Development Company",Housing_Trust_Fund,,Construction,39317230.0,831843.0,36485387.0,2000000.0,,2020-01-17 17:00:00,2022-06-01 16:00:00,,0.0,0.0,831843.0,17485387,0,0,0,0,0.0,,19000000.0,0,0,2000000.0,0.0,0.0,0.0,0.0,0,0.0,57.0,96.0,29.0,0.0,0.0,Both,4%,,be6ed16d-6057-4217-9cab-8ee0967613d7
Lakewood Homeownership Initiative,"1800 Jonesboro Road, Atlanta, GA 30315",33.704956003000056,-84.37780495899995,Stage 4,Rehab/Preservation,Homeowner,9,9,454,IA,,,,,HOB,,Construction,2463870.0,2013870.0,0.0,450000.0,,2021-12-31 00:00:00,,,1992020.0,21850.0,0.0,0,0,0,0,0,0.0,,0.0,0,450000,0.0,0.0,0.0,0.0,0.0,0,,,,,9.0,,,,,df7ed95b-87a3-4f3c-8029-57a3833bc897
Abbington at Cheshire Bridge,"2070 Cheshire Bridge Road, Atlanta, GA 30324",33.81212198800005,-84.35567598099998,Stage 5,New Construction,Renter,48,40,543,IA,,,,"DCA, Rea Ventures Group, LLC",HOB,,Construction,11237602.0,1137493.0,8900109.0,1200000.0,,2021-12-31 00:00:00,2022-03-11 16:00:00,,1100000.0,0.0,37493.0,0,8900109,0,0,0,0.0,,0.0,0,1200000,0.0,0.0,0.0,0.0,0.0,0,,12.0,28.0,,,8.0,PSO,9%,,a8c96a9f-d8b9-4cc8-bb8e-2aab3cd8525f
Ella Apartments (FKA Tama Glenwood),"2201 Glenwood Avenue, Atlanta, GA 30316",33.73985699086444,-84.3149840199924,Stage 5,New_Construction,Renter,230,39,602,IA,,,,"Perennial Properties, Inc",Lease_Purchase_Bond,,Construction,46139199.0,43515595.0,0.0,2623604.0,,2020-08-26 16:00:00,2022-08-25 16:00:00,,28818923.0,14696672.0,0.0,0,0,0,0,0,0.0,,0.0,0,0,0.0,0.0,0.0,0.0,0.0,2623604,0.0,0.0,0.0,39.0,0.0,191.0,,,Yes,8a88ecb4-ed37-44d4-a931-387a7290f7e8
PMBC Housing Initiative,,33.74854370000003,-84.39057819999992,Stage 4,Rehab/Preservation,Homeowner,1,1,665,COA,,,,PMBC,CDBG,,Construction,150000.0,25000.0,0.0,125000.0,,2021-12-31 00:00:00,,,0.0,25000.0,0.0,0,0,0,0,0,125000.0,,0.0,0,0,0.0,0.0,0.0,0.0,0.0,0,,,,1.0,,,,,Yes,4299b6f2-86a4-487d-bf14-da459364e9e0
Barge Road Highrise,"2440 Barge Road SW, Atlanta, GA 30331",33.68845400600003,-84.50578999899994,Stage 5,"Rehab_HomeFlex,Rental_Assistance",Renter,129,129,680,AH,IA,,,"DCA, The Michaels Organization","AH_DPA,Other",TEB,Construction,35482058.0,3558580.0,23285306.0,8638172.0,2022-07-01 16:00:00,2022-07-01 16:00:00,2022-08-22 16:00:00,,3055000.0,200.0,503380.0,12285306,0,0,0,0,0.0,,11000000.0,0,0,0.0,1838172.0,6800000.0,0.0,0.0,0,0.0,0.0,129.0,0.0,0.0,0.0,,4%,,e30f4480-c256-40c6-bbcb-0eea582827cb
Quest Residences at Grove Park,"339 Holly Street NW, Atlanta, GA 30318",33.76460099799889,-84.43728897899712,Stage 5,New_Construction,Renter,40,40,916,COA,AH,,,Quest Communities,"AH_DPA,HOME",,Construction ,3818812.0,1725000.0,0.0,2093812.0,,2023-12-12 17:00:00,2025-04-07 16:00:00,,275000.0,0.0,1450000.0,0,0,2093812,0,0,0.0,,0.0,0,0,0.0,0.0,0.0,0.0,0.0,0,40.0,0.0,0.0,0.0,0.0,0.0,Both,,Yes,6e9de6af-0b58-49b4-b5aa-466ab5589b10
McAuley Station,"375 Gartrell Street SE, Atlanta, GA 30312",33.75215198599947,-84.37488897899857,Stage 5,New_Construction,Renter,170,160,1012,IA,AH,,,"DCA, Focused Community Strategies and Pennrose, LLC","AH_DPA,TAD",,Construction,45490786.0,5243493.0,36247293.0,4000000.0,2022-04-14 16:00:00,2022-06-22 16:00:00,2024-09-06 16:00:00,,0.0,4043493.0,1200000.0,15969270,0,0,0,0,0.0,,20278023.0,4000000,0,0.0,0.0,0.0,0.0,0.0,0,30.0,0.0,101.0,29.0,0.0,10.0,PSO,4%,Yes,b7d753f5-0d15-444f-b148-e4a0eb8ebbe1
588 / 592 Paines,"588 Paines Ave NW, Atlanta, GA 30318",33.75743999999828,-84.41137999999566,Stage 5,Rehab_HomeFlex,Renter,12,12,1067,IA,AH,,,Westside Future Fund,AH_DPA,,Construction,0.0,0.0,0.0,0.0,,2024-12-23 17:00:00,2026-07-09 16:00:00,,0.0,0.0,0.0,0,0,0,0,0,0.0,,0.0,0,0,0.0,0.0,0.0,0.0,0.0,0,0.0,0.0,12.0,0.0,0.0,0.0,,,,a427b95a-37c4-4278-a345-26c5d858d279
Quest Legacy Homes,,33.74854370000003,-84.39057819999992,Stage 4,Rehab/Preservation,Homeowner,1,1,1114,COA,,,,Quest CDC,HOME,,Construction,100000.0,10000.0,0.0,90000.0,,2021-12-31 00:00:00,,,0.0,10000.0,0.0,0,0,90000,0,0,0.0,,0.0,0,0,0.0,0.0,0.0,0.0,0.0,0,,,,1.0,,,,,,87adc03e-26c3-4157-ba6d-7e6c5186d014
Herndon Square II,"485 John Street, Atlanta, GA 30318",33.76722901799948,-84.40332500499852,Stage 5,New_Construction,Renter,200,170,1160,AH,,,,,"AH_DPA,AH_Development_Funds",,Construction,82163375.0,41976922.0,15589953.0,24596500.0,2023-12-13 17:00:00,2023-12-13 17:00:00,2026-04-20 16:00:00,,15000000.0,0.0,26976922.0,15589953,0,0,0,0,0.0,,0.0,0,0,0.0,0.0,24596500.0,0.0,0.0,0,0.0,90.0,80.0,0.0,0.0,30.0,,4%,Yes,9e318620-f411-4fb5-bb4c-8fb4cf889f17
Station 496 (fka City Lights II-A),"496 Boulevard, NE, Atlanta, GA 30308",33.76779999300003,-84.37226703599998,Stage 5,New_Construction,Renter,123,123,1163,IA,,,,"DCA, Wingate Companies","LPB, TEB",,Construction,21558651.0,2454000.0,17394000.0,1710651.0,,2020-07-16 17:00:00,2022-05-02 17:00:00,,0.0,0.0,2454000.0,17394000,0,0,0,0,0.0,,0.0,0,0,0.0,0.0,0.0,0.0,0.0,1710651,0.0,0.0,123.0,0.0,0.0,0.0,Both,4%,Yes,311b480c-aca3-453a-bbee-882817d6f1aa
Big Bethel Village,"505 Fairburn Road SW, Atlanta, GA 30331",33.73968398800002,-84.51089097399995,Stage 5,Rehab/Preservation,Renter,120,120,1173,IA,,,,"DCA, National Church Residences",TEB,,Construction,25719099.0,8272112.0,17446987.0,0.0,,2021-12-31 00:00:00,2023-04-04 16:00:00,,6090233.0,181879.0,2000000.0,5056987,0,0,0,0,0.0,,12390000.0,0,0,0.0,0.0,0.0,0.0,0.0,0,0.0,0.0,120.0,0.0,0.0,0.0,,4%,,ffa2b43b-7ef5-4ed4-8d4c-8653427adb91
Henderson Place Apartments,"520 Irwin Street NE, Atlanta, GA 30312",33.75769533600004,-84.37071865699994,Stage 4,Rehab/Preservation,Renter,76,76,1179,IA,,,,DCA,"Eastside TAD, TEB",,Construction,19183556.0,3930863.0,11152693.0,4100000.0,2023-12-29 17:00:00,2023-12-29 17:00:00,,,2636162.0,544701.0,750000.0,1752693,0,1000000,0,0,0.0,,9400000.0,3100000,0,0.0,0.0,0.0,0.0,0.0,0,39.0,0.0,21.0,16.0,0.0,0.0,,4%,,a1dba8d3-19dd-4671-b745-8d6475299d00
Urban Oasis,"520 Paines Avenue, Atlanta, GA 30318",33.768883019000036,-84.41469296099996,Stage 5,Rehab/Preservation,Homeowner,4,4,1184,IA,,,,Reinvestment Fund,VCHTF,,,701409.0,451409.0,0.0,250000.0,,2021-12-31 00:00:00,2023-05-31 16:00:00,,430513.0,5896.0,15000.0,0,0,0,0,0,0.0,,0.0,0,0,250000.0,0.0,0.0,0.0,0.0,0,0.0,0.0,1.0,2.0,1.0,0.0,,,,b5411675-3377-4c19-9aa4-14a719c2054d
Columbia Canopy at Grove Park,"557 West Lake Avenue, Atlanta, GA 30318",33.77066199400007,-84.44162401599993,Stage 5,New_Construction,Renter,110,70,1201,IA,,,,"DCA, New Affordable Housing Partners, LLC",HOB,,Construction,21949213.0,5727658.0,15721555.0,500000.0,,2021-12-31 00:00:00,2022-06-29 00:00:00,,5200000.0,0.0,527658.0,0,15721555,0,0,0,0.0,,0.0,0,500000,0.0,0.0,0.0,0.0,0.0,0,,,70.0,,,40.0,Both,9%,,aed95cd3-5cbd-4b6f-bede-7e583580ef7a
City Lights Boulevard North,"595 Boulevard NE, Atlanta, GA 30308",33.77025199299775,-84.3714809809943,Stage 5,New_Construction,Renter,88,88,1204,IA,,,,"DCA, Wingate Companies","HOB,HOME",,Permanent,39549958.0,328157.0,33721801.0,5500000.0,,2023-12-21 17:00:00,2025-05-29 16:00:00,,0.0,328157.0,0.0,23491801,0,4000000,0,0,0.0,,10230000.0,0,1500000,0.0,0.0,0.0,0.0,0.0,0,0.0,0.0,88.0,0.0,0.0,0.0,Both,4%,Yes,46199e61-12fd-4e98-b8cd-d8dade86450e
719 Cooper - Single family,,33.74854370000003,-84.39057819999992,Stage 4,"Down Payment Assistance, Rehab/Preservation",Homeowner,1,1,1254,COA,,,,Synergy Real Estate,"HOME, NSP",,Const,219150.0,46882.0,0.0,172268.0,2022-01-31 00:00:00,2021-12-31 00:00:00,,,0.0,46882.0,0.0,0,0,129407,42861,0,0.0,,0.0,0,0,0.0,0.0,0.0,0.0,0.0,0,,1.0,,,,,,,,05d17aa5-4686-4545-96bd-dcad5cc8bccd
Place Properties Scattered Site,Multi-site 30314,33.75029916600004,-84.36551591599994,Stage 4,New Construction,Homeowner,8,8,1385,IA,,,,"City Place Affordable Housing, LLC",VCHTF,,,1000000.0,0.0,0.0,1000000.0,,2021-12-31 00:00:00,,,0.0,0.0,0.0,0,0,0,0,0,0.0,,0.0,0,0,1000000.0,0.0,0.0,0.0,0.0,0,,,,,8.0,,,,,092ef0f4-1c9b-43ef-9fe9-2bd6aecd29d2
Hagar Scattered Site Development,"583 James P. Brawley, 741 Magnolia St., 177 Joseph E. Lowery Blvd., 181 Joseph E. Lowery Blvd.",33.77058295291545,-84.41236352561504,Stage 4,Rehab/Preservation,Renter,21,21,1389,IA,,,,"Hagar Civilization Traning Missionary, Inc.","VCHTF, Westside TAD",,Construction,2888184.0,1266014.0,0.0,1622170.0,,2021-12-31 00:00:00,,,0.0,1195634.0,70380.0,0,0,0,0,0,0.0,,0.0,811085,0,811085.0,0.0,0.0,0.0,0.0,0,0.0,21.0,0.0,0.0,0.0,0.0,,,,e64d791f-e011-4cdc-bbb3-0b3c2c2ac551
SouthEast Atlanta SFR Rentals,SouthEast Atlanta - P2,33.74324003200006,-84.37278491199999,Stage 4,Rehab/Preservation,Renter,20,20,1400,IA,,,,,HOB,,Construction,1900000.0,1400000.0,0.0,500000.0,,2021-12-31 00:00:00,,,0.0,1000000.0,400000.0,0,0,0,0,0,0.0,,0.0,0,500000,0.0,0.0,0.0,0.0,0.0,0,,,20.0,,,,,,,3de5541b-2474-4361-bc62-008b7bf4ebd5
The Simpson,"810 Joseph E. Boone Boulevard, Atlanta, GA 30314",33.762916990000065,-84.41439003899995,Stage 4,New Construction,Renter,139,139,1415,IA,AH,,,"DCA, Quest Communities",TEB,,Construction,34129825.0,11999825.0,22130000.0,0.0,2024-07-31 16:00:00,2024-07-31 16:00:00,,,8999825.0,1500000.0,1500000.0,7500000,0,0,0,0,0.0,,14630000.0,0,0,0.0,0.0,0.0,0.0,0.0,0,0.0,0.0,0.0,39.0,100.0,0.0,,4%,,ff731c6b-5e46-4b9e-a22d-da3d92f3da5c
Greenbriar Multifamily,"2841 Greenbriar Parkway SW, Atlanta, GA 30331",33.69045099400005,-84.48963396499994,Stage 5,New Construction,Renter,240,240,1417,IA,,,,"DCA, Beverly J. Searles Foundation Dominium Development",TEB,,Construction,,,42098924.0,0.0,,2022-03-23 16:00:00,2024-07-09 16:00:00,,,23057361.0,217300.0,5098924,0,0,0,0,0.0,,37000000.0,0,0,0.0,0.0,0.0,0.0,0.0,0,0.0,0.0,240.0,0.0,0.0,0.0,PSO,4%,Yes,b2522435-cd77-49a1-aef2-f616259666e8
Atlanta Single-Family Preservation Initiative,Scattered Site,33.68713062900002,-84.41246387799998,Stage 4,Rehab/Preservation,Renter,47,47,1418,IA,,,,"ANDP, Atlanta Affordable Housing Fund",HOB ,,,7600000.0,6100000.0,0.0,1500000.0,,2021-12-31 00:00:00,,,4200000.0,400000.0,1500000.0,0,0,0,0,0,0.0,,0.0,0,1500000,0.0,0.0,0.0,0.0,0.0,0,,,,24.0,23.0,,,,,f2b5eb02-c597-4cbf-a2cf-96d54d2eccab
Skyline Apartments (fka Beltline Crossings and East Medinah Village Phase I),"1090 Hank Aaron Drive, Atlanta, GA 30315",33.724518236999465,-84.38801102699853,Stage 4,New_Construction,Renter,250,250,1441,IA,ABI,,,"DCA, Exact Capital Group, LLC",TAD,,Construction,80656627.0,21400745.0,57255882.0,2000000.0,2022-02-01 16:00:00,2022-02-01 16:00:00,,,21400745.0,0.0,0.0,14555882,0,0,0,0,0.0,,42700000.0,2000000,0,0.0,0.0,0.0,0.0,0.0,0,0.0,0.0,250.0,0.0,0.0,0.0,Both,4%,Yes,ac5f75d0-a032-4429-ad73-beedc805f8fd
Greenbriar Senior,"2841 Greenbriar Parkway SW, Atlanta, GA 30331",33.69045099400005,-84.48963396499994,Stage 5,New_Construction,Renter,244,244,1444,IA,,,,"DCA, Beverly J. Searles Foundation, Dominium Development",TEB,,Construction,,,35741379.0,0.0,,2022-03-23 16:00:00,2024-07-09 16:00:00,,,24528372.0,162300.0,4741379,0,0,0,0,0.0,,31000000.0,0,0,0.0,0.0,0.0,0.0,0.0,0,0.0,0.0,244.0,0.0,0.0,0.0,PSO,4%,Yes,95eff783-fcf4-491a-b388-96c3e7896c16
Thrive Sweet Auburn Residential,"302 Decatur Street, NE, Atlanta, GA 30312",33.75313503600006,-84.36538993599999,Stage 5,New_Construction,Renter,117,117,1458,IA,"AH,Other",,,"DCA, Mercy Housing, Project Community Connections Inc. (PCCI)","AH_DPA,TAD",,Construction,28013788.0,10596830.0,16172124.0,1244834.0,,2021-03-18 16:00:00,2023-02-23 16:00:00,,8275542.0,236288.0,2085000.0,0,16172124,0,0,0,0.0,,0.0,950000,0,0.0,294834.0,0.0,0.0,0.0,0,16.0,0.0,62.0,39.0,0.0,0.0,,9%,Yes,c760334f-8055-4308-b679-f063084cd3f2
The Proctor,"698 Oliver Street NW, Atlanta, GA 30318",33.77381602012264,-84.41561798770708,Stage 4,New_Construction,Renter,137,41,1468,IA,AH,,,Windsor Stevens Holdings LLC,"AH_DPA,TAD",,Construction,,,0.0,7300000.0,2024-09-20 16:00:00,2024-09-20 16:00:00,,,,13035158.0,37370055.0,0,0,0,0,0,0.0,,0.0,3200000,0,0.0,0.0,4100000.0,0.0,0.0,0,0.0,41.0,0.0,0.0,0.0,96.0,Both,,,7beccb15-57a6-497d-9637-45eb6dd3d3f4
Owner Occupied Rehab - IA - 2018 through YTD 2021,,33.74854370000003,-84.39057819999992,Stage 4,Rehab/Preservation,Homeowner,1,1,1500,IA ,,,,Individual Homeowner,Choice Neighborhoods,,,69850.0,0.0,0.0,69850.0,,2021-12-31 00:00:00,,,0.0,0.0,0.0,0,0,0,0,0,0.0,,0.0,0,0,0.0,0.0,0.0,0.0,69850.0,0,,,,1.0,,,,,,4ce1c048-00a4-46ca-b0b4-06f13f6293fd
Owner Occupied Rehab - IA - 2018 through YTD 2022,,33.74854370000003,-84.39057819999992,Stage 5,Rehab_HomeFlex,Homeowner,1,1,1521,IA,,,,,HOB,,,30000.0,,0.0,30000.0,2022-04-28 16:00:00,,2022-04-28 16:00:00, 14 01510005029,0.0,0.0,0.0,0,0,0,0,0,0.0,,0.0,0,30000,0.0,0.0,0.0,0.0,0.0,0,,,1.0,,,,,,,2a0b6da4-062f-415b-9921-ab6c55406e08
Owner Occupied Rehab - IA - 2018 through YTD 2022,,33.74854370000003,-84.39057819999992,Stage 5,Rehab_HomeFlex,Homeowner,1,1,1522,IA,,,,,HOB,,,29982.0,,0.0,29982.0,,,2022-04-15 16:00:00,   14 01500005002,0.0,0.0,0.0,0,0,0,0,0,0.0,,0.0,0,29982,0.0,0.0,0.0,0.0,0.0,0,,,1.0,,,,,,,96e14644-b88a-4598-be2c-43c823e872ff
Owner Occupied Rehab - IA - 2018 through YTD 2022,,33.74854370000003,-84.39057819999992,Stage 5,Rehab_HomeFlex,Homeowner,1,1,1523,IA,,,,,HOB,,,30000.0,,0.0,30000.0,,,2022-04-11 16:00:00,14 01380005046,0.0,0.0,0.0,0,0,0,0,0,0.0,,0.0,0,30000,0.0,0.0,0.0,0.0,0.0,0,,,1.0,,,,,,,bf307e7a-b497-47f0-a5d5-01fbe165e1f6
Owner Occupied Rehab - IA - 2018 through YTD 2022,,33.74854370000003,-84.39057819999992,Stage 5,Rehab_HomeFlex,Homeowner,1,1,1524,IA,,,,,HOB,,,30000.0,,0.0,30000.0,,,2022-04-22 16:00:00,14 01370003005,0.0,0.0,0.0,0,0,0,0,0,0.0,,0.0,0,30000,0.0,0.0,0.0,0.0,0.0,0,,,1.0,,,,,,,5a9fa55a-b7bd-46cb-84c5-aa773b284be0
Owner Occupied Rehab - IA - 2018 through YTD 2022,,33.74854370000003,-84.39057819999992,Stage 5,Rehab_HomeFlex,Homeowner,1,1,1525,IA,,,,,HOB,,,30000.0,,0.0,30000.0,,,2022-04-25 16:00:00,14 01150008015,0.0,0.0,0.0,0,0,0,0,0,0.0,,0.0,0,30000,0.0,0.0,0.0,0.0,0.0,0,,,1.0,,,,,,,c32e1c39-1be6-4590-a829-0a345f5b5e93
Owner Occupied Rehab - IA - 2018 through YTD 2022,,33.74854370000003,-84.39057819999992,Stage 5,Rehab_HomeFlex,Homeowner,1,1,1526,IA,,,,,HOB,,,30000.0,,0.0,30000.0,,,2022-04-11 16:00:00, 14 01150006146,0.0,0.0,0.0,0,0,0,0,0,0.0,,0.0,0,30000,0.0,0.0,0.0,0.0,0.0,0,,,1.0,,,,,,,84d13724-077b-4379-8aeb-5a135747a05e
Owner Occupied Rehab - IA - 2018 through YTD 2022,,33.74854370000003,-84.39057819999992,Stage 5,Rehab_HomeFlex,Homeowner,1,1,1527,IA,,,,,HOB,,,30000.0,,0.0,30000.0,,,2022-04-19 16:00:00,14 01370002106,0.0,0.0,0.0,0,0,0,0,0,0.0,,0.0,0,30000,0.0,0.0,0.0,0.0,0.0,0,,,1.0,,,,,,,df95812a-b523-48bc-a486-f6a07ca70ee9
Marchon,"240 Grant St SE, Atlanta, GA 30312",33.74877960900006,-84.37586930299994,Stage 5,New_Construction,Renter,305,98,1528,MARTA,,,,,,,,0.0,,0.0,0.0,,,2022-05-23 16:00:00,,0.0,0.0,0.0,0,0,0,0,0,0.0,,0.0,0,0,0.0,0.0,0.0,0.0,0.0,0,,,,98.0,,,PSO,,,bb792b26-8727-4bfe-9268-04b68746ed7a
555 Boulevard,"555 Boulevard, NE",33.76973692400003,-84.37117428199998,Stage 5,New_Construction,Renter,105,11,1529,COA,,,,,Other,,,0.0,0.0,0.0,0.0,,2020-06-01 16:00:00,2023-12-11 17:00:00,,0.0,0.0,0.0,0,0,0,0,0,0.0,,0.0,0,0,0.0,0.0,0.0,0.0,0.0,0,0.0,0.0,11.0,0.0,0.0,94.0,IZ,,Yes,55c483f1-bfe9-4abe-b5e3-c6ee23564684
Iris Old Fourth Ward,652 Angier Ave NE,33.76643396200006,-84.36594722799998,Stage 5,New_Construction,Renter,319,48,1537,COA,,,,,Other,,,0.0,0.0,0.0,0.0,,2021-07-30 17:00:00,2023-05-02 17:00:00,,0.0,0.0,0.0,0,0,0,0,0,0.0,,0.0,0,0,0.0,0.0,0.0,0.0,0.0,0,0.0,0.0,0.0,48.0,0.0,271.0,IZ,,,e0cc8f2e-f0b5-4011-8db3-679340e54fb1
Ascent Peachtree,"161 Peachtree Center Ave NE, Atlanta, GA, 30303",33.758858764000024,-84.38599751499999,Stage 5,,Renter,345,70,1540,other,,,,,,,,0.0,,0.0,0.0,,,2022-02-21 16:00:00,,0.0,0.0,0.0,0,0,0,0,0,0.0,,0.0,0,0,0.0,0.0,0.0,0.0,0.0,0,,,,70.0,,275.0,PSO,,,643c07cb-96ad-4d6c-af27-d8f35a8f0228
Goat Farm Apartments,"1200 Foster St NW, Atlanta, GA, 30318",33.78614500400005,-84.41630697999993,Stage 5,New_Construction,Renter,210,32,1541,COA,,,,,Other,,,0.0,0.0,0.0,0.0,,2022-01-24 16:00:00,2024-02-29 16:00:00,,0.0,0.0,0.0,0,0,0,0,0,0.0,,0.0,0,0,0.0,0.0,0.0,0.0,0.0,0,0.0,0.0,0.0,32.0,0.0,178.0,Both,,Yes,a5ec2f87-5e3b-4c1f-84b6-ca56699bfaca
542 Boulevard,542 Boulevard,33.76910166300007,-84.37222989599996,Stage 5,,Renter,30,3,1543,other,,,,,,,,0.0,,0.0,0.0,,,2022-04-19 16:00:00,,0.0,0.0,0.0,0,0,0,0,0,0.0,,0.0,0,0,0.0,0.0,0.0,0.0,0.0,0,,,3.0,,,27.0,IZ,,,620671f1-fb9d-48a9-805c-f086571479f3
Verge Apartments,"125 Milton Ave., SE ",33.72154898600007,-84.38496997699998,Stage 5,New_Construction,Renter,319,48,1545,Other,,,,,Other,,,0.0,0.0,0.0,0.0,,2020-11-12 16:00:00,2022-08-10 16:00:00,,0.0,0.0,0.0,0,0,0,0,0,0.0,,0.0,0,0,0.0,0.0,0.0,0.0,0.0,0,0.0,0.0,0.0,48.0,0.0,271.0,Both,,Yes,54fa4a74-ce1d-4c0c-88d2-4f3cee4b43a3
Signal House,680 North Avenue NE,33.77119605900003,-84.36446033699998,Stage 5,New_Construction,Renter,163,17,1546,COA,,,,,Other,,,0.0,0.0,0.0,0.0,,2021-12-10 16:00:00,2023-09-01 16:00:00,,0.0,0.0,0.0,0,0,0,0,0,0.0,,0.0,0,0,0.0,0.0,0.0,0.0,0.0,0,0.0,0.0,17.0,0.0,0.0,146.0,IZ,,Yes,e012a321-1317-40e9-9c17-fb5fe62da411
1015 Boulevard,1015 Boulevard SE,33.72658761600007,-84.36950884899994,Stage 5,New_Construction,Renter,323,49,1548,Other,,,,,Other,TBC,,0.0,0.0,0.0,0.0,,2021-06-17 16:00:00,2023-05-23 16:00:00,,0.0,0.0,0.0,0,0,0,0,0,0.0,,0.0,0,0,0.0,0.0,0.0,0.0,0.0,0,0.0,0.0,0.0,49.0,0.0,274.0,Both,,Yes,1ad6a128-4e40-459c-8185-16890bfaff3c
Park Vue,"1615 Johnson Rd NW, Atlanta, GA, 30318",33.78666598100005,-84.44155402699994,Stage 4,New_Construction,Homeowner,293,61,1549,COA,,,,,,,,0.0,,0.0,0.0,,,,,0.0,0.0,0.0,0,0,0,0,0,0.0,,0.0,0,0,0.0,0.0,0.0,0.0,0.0,0,,,,44.0,17.0,232.0,IZ,,,040465f4-0af8-497b-ad5d-3149daad8f8a
The Vivian,"1246 Allene Ave SW, Atlanta, GA, 30310",33.72066100700004,-84.41109796299996,Stage 5,New_Construction,Renter,325,50,1550,COA,,,,,Other,,,0.0,0.0,0.0,0.0,,2022-02-07 16:00:00,2023-07-13 16:00:00,,0.0,0.0,0.0,0,0,0,0,0,0.0,,0.0,0,0,0.0,0.0,0.0,0.0,0.0,0,0.0,0.0,0.0,50.0,0.0,275.0,Both,,,c908c45d-78b3-4cdf-8008-53c0327df951
The Penman (fka Hamilton Apartments),680 Hamilton Ave SE,33.72659360800003,-84.36539007499994,Stage 5,New_Construction,Renter,265,41,1551,Other,ABI,,,,Other,DAFC tax abatement,,,,0.0,2387136.0,,2020-12-23 16:00:00,2022-11-16 16:00:00,,0.0,0.0,,0,0,0,0,0,0.0,,0.0,0,0,0.0,0.0,0.0,0.0,0.0,2387136,0.0,0.0,0.0,41.0,0.0,224.0,Both,,Yes,fbaaa15c-aca4-46f5-8a3f-5d3f72cd45c5
760 Ralph McGill,"760 Ralph McGill Blvd., NE",33.76844699200006,-84.36281199799998,Stage 4,,Renter,359,36,1552,other,,,,,,,,0.0,,0.0,0.0,,,,,0.0,0.0,0.0,0,0,0,0,0,0.0,,0.0,0,0,0.0,0.0,0.0,0.0,0.0,0,,,36.0,,,305.0,IZ,,,6c82de0c-913c-483d-b637-3357bcf8d8fc
Vibe at Echo Street West,750 Echo Street NW,33.77474548700007,-84.41047152199997,Stage 5,New_Construction,Renter,292,44,1553,COA,,,,Lincoln Property Company,Other,,,41282517.0,41282517.0,0.0,0.0,,2021-04-15 16:00:00,2023-06-08 16:00:00,,41282517.0,0.0,0.0,0,0,0,0,0,0.0,,0.0,0,0,0.0,0.0,0.0,0.0,0.0,0,0.0,0.0,0.0,44.0,0.0,248.0,Both,,Yes,fe96842d-8a0f-4df3-af08-6060c674853d
Novel West Midtown,1330 Fairmont Ave.,33.79129464100003,-84.42339403099999,Stage 5,New_Construction,Renter,340,34,1554,COA,,,,,Other,,,0.0,0.0,0.0,0.0,,2021-10-25 17:00:00,2023-09-07 17:00:00,,0.0,0.0,0.0,0,0,0,0,0,0.0,,0.0,0,0,0.0,0.0,0.0,0.0,0.0,0,0.0,0.0,34.0,0.0,0.0,306.0,IZ,,Yes,5dc6b166-4f72-46ab-81d3-4aa194a0a116
The Edley Apartments,1950 Piedmont Circle,33.81159983399948,-84.36771388999853,Stage 5,New_Construction,Renter,392,59,1555,COA,,,,,Other,,,0.0,0.0,0.0,0.0,,2022-08-18 16:00:00,2025-03-11 16:00:00,,0.0,0.0,0.0,0,0,0,0,0,0.0,,0.0,0,0,0.0,0.0,0.0,0.0,0.0,0,0.0,0.0,0.0,59.0,0.0,333.0,Both,,,bbcaecb6-7ea8-4b52-851d-72b173a7e139
Sylvan Hills Senior Apartments,"1950 SW Sylvan Rd, Atlanta, GA 30310",33.700563465307205,-84.4167192857041,Stage 5,New_Construction,Renter,183,183,1556,Other,,,,"ANDP, The Benoit Group",HOB,,,33658864.0,0.0,31158864.0,2500000.0,,2020-12-22 16:00:00,2022-11-04 16:00:00,14 0103  LL001,0.0,0.0,0.0,13658864,0,0,0,0,0.0,,17500000.0,0,2500000,0.0,0.0,0.0,0.0,0.0,0,0.0,51.0,132.0,0.0,0.0,0.0,PSO,4%,Yes,8c02baa3-71c0-46e0-8344-f1c2461289c9
,,33.74854370000003,-84.39057819999992,Stage 5,Down_Payment_Assistance,Homeowner,1,1,1560,IA,AH,,,,"AH_DPA,HOB",,Permanent,256000.0,,0.0,45000.0,2022-05-05 16:00:00,,2022-05-05 16:00:00,14006700010638,211000.0,0.0,0.0,0,0,0,0,0,0.0,,0.0,0,20000,0.0,25000.0,0.0,0.0,0.0,0,,,,,1.0,,,,,a67bd733-c148-4e31-a0d5-c24f3666780b
,,33.74854370000003,-84.39057819999992,Stage 5,Down_Payment_Assistance,Homeowner,1,1,1561,IA,AH,,,,"AH_DPA,HOB",,Permanent,280350.0,,0.0,40000.0,2022-05-06 16:00:00,,2022-05-06 16:00:00,1700990007127,240350.0,0.0,0.0,0,0,0,0,0,0.0,,0.0,0,20000,0.0,20000.0,0.0,0.0,0.0,0,,,,,1.0,,,,,62d6b4b6-dda1-490c-93ee-8fdbc2db830b
,,33.74854370000003,-84.39057819999992,Stage 5,Down_Payment_Assistance,Homeowner,1,1,1562,IA,"AH,Other",,,Atlanta Neighborhood Development Partnership,"AH_DPA,AH_Dev_Funds,Trust_Fund",,Permanent,244006.0,,0.0,75000.0,2022-05-09 16:00:00,,2022-05-09 16:00:00,140111000719,169006.0,0.0,0.0,0,0,0,0,0,0.0,,0.0,0,0,10000.0,25000.0,40000.0,0.0,0.0,0,,,,,1.0,,,,,981db93a-501d-40da-bd31-4b208aff134a
,,33.74854370000003,-84.39057819999992,Stage 5,Down_Payment_Assistance,Homeowner,1,1,1563,IA,AH,,,,"AH_DPA,HOB",,Permanent,193200.0,,0.0,45000.0,2022-05-13 16:00:00,,2022-05-13 16:00:00,14F001600021185,148200.0,0.0,0.0,0,0,0,0,0,0.0,,0.0,0,20000,0.0,25000.0,0.0,0.0,0.0,0,,,,,1.0,,,,,0f3cee44-5ab1-4243-8523-7a2d53662763
,,33.74854370000003,-84.39057819999992,Stage 5,Down_Payment_Assistance,Homeowner,1,1,1564,IA,AH,,,,"AH_DPA,HOB",,Permanent,297200.0,,0.0,45000.0,2022-05-31 16:00:00,,2022-05-31 16:00:00,14008900050356,252200.0,0.0,0.0,0,0,0,0,0,0.0,,0.0,0,20000,0.0,25000.0,0.0,0.0,0.0,0,,,,,1.0,,,,,3a13acb9-96fa-4c24-a2bf-75262e44c740
,,33.74854370000003,-84.39057819999992,Stage 5,Down_Payment_Assistance,Homeowner,1,1,1565,IA,,,,,HOB,,Permanent,275290.0,,0.0,20000.0,2022-05-31 16:00:00,,2022-05-31 16:00:00,1400060003017,255290.0,0.0,0.0,0,0,0,0,0,0.0,,0.0,0,20000,0.0,0.0,0.0,0.0,0.0,0,,,,,1.0,,,,,02ff0cd9-423d-45d0-b892-e900b2525221
,,33.74854370000003,-84.39057819999992,Stage 5,Down_Payment_Assistance,Homeowner,1,1,1566,IA,AH,,,Atlanta Housing,"AH_DPA,HOB",,Permanent,245382.0,,0.0,50000.0,2022-06-29 16:00:00,,2022-06-29 16:00:00,1401020005040,192307.0,3075.0,0.0,0,0,0,0,0,0.0,,0.0,0,30000,0.0,20000.0,0.0,0.0,0.0,0,,,,,1.0,,,,,421442c4-13f7-4806-857f-70ff8e4b26f3
,,33.74854370000003,-84.39057819999992,Stage 5,Down_Payment_Assistance,Homeowner,1,1,1567,IA,,,,,HOB,,Permanent,280024.0,,0.0,20000.0,2022-07-05 16:00:00,,2022-07-05 16:00:00,1401750013011,257050.0,2974.0,0.0,0,0,0,0,0,0.0,,0.0,0,20000,0.0,0.0,0.0,0.0,0.0,0,,,,,1.0,,,,,3afd5aac-4a3e-4925-81c0-6d20351dbb53
,,33.74854370000003,-84.39057819999992,Stage 5,Down_Payment_Assistance,Homeowner,1,1,1568,IA,AH,,,,"AH_DPA,HOB",,Permanent,335845.0,,0.0,55000.0,2022-07-06 16:00:00,,2022-07-06 16:00:00,1401200003109,278140.0,2705.0,0.0,0,0,0,0,0,0.0,,0.0,0,30000,0.0,25000.0,0.0,0.0,0.0,0,,,,,1.0,,,,,8dc4ebe0-4451-4c14-a616-249b793a65ac
,,33.74854370000003,-84.39057819999992,Stage 5,Down_Payment_Assistance,Homeowner,1,1,1569,IA,AH,,,,"AH_DPA,HOB",,Permanent,272019.0,,0.0,50000.0,2022-07-08 16:00:00,,2022-07-08 16:00:00,14F00240003019,218660.0,3359.0,0.0,0,0,0,0,0,0.0,,0.0,0,30000,0.0,20000.0,0.0,0.0,0.0,0,,,,,1.0,,,,,61ad47e3-09ee-4a3a-8a53-4f0e3983edbc
,,33.74854370000003,-84.39057819999992,Stage 5,Down_Payment_Assistance,Homeowner,1,1,1570,IA,AH,,,,"AH_DPA,HOB",,Permanent,332151.0,,0.0,55000.0,2022-07-15 16:00:00,,2022-07-15 16:00:00,1400070009041,275233.0,1918.0,0.0,0,0,0,0,0,0.0,,0.0,0,30000,0.0,25000.0,0.0,0.0,0.0,0,,,,,1.0,,,,,f75b99a8-1d89-4861-8ea0-17bd5898aa8f
,,33.74854370000003,-84.39057819999992,Stage 5,Down_Payment_Assistance,Homeowner,1,1,1571,IA,AH,,,,"AH_DPA,HOB",,Permanent,287550.0,,0.0,50000.0,2022-07-18 16:00:00,,2022-07-18 16:00:00,1400590004107,234500.0,3050.0,0.0,0,0,0,0,0,0.0,,0.0,0,30000,0.0,20000.0,0.0,0.0,0.0,0,,,,,1.0,,,,,70022c2a-1895-4929-9f64-c70c6d31d29d
,,33.74854370000003,-84.39057819999992,Stage 5,Down_Payment_Assistance,Homeowner,1,1,1572,IA,AH,,,,"AH_DPA,HOB",,Permanent,134635.0,,0.0,40000.0,2022-07-22 16:00:00,,2022-07-22 16:00:00,1400300001041,91900.0,2735.0,0.0,0,0,0,0,0,0.0,,0.0,0,20000,0.0,20000.0,0.0,0.0,0.0,0,,,,,1.0,,,,,54d588b0-f3fa-4ddf-84da-a4824748c0c0
,,33.74854370000003,-84.39057819999992,Stage 5,Down_Payment_Assistance,Homeowner,1,1,1573,IA,,,,,HOB,,Permanent,284837.0,,0.0,30000.0,2022-07-22 16:00:00,,2022-07-22 16:00:00,1402490002019,250712.0,2800.0,1325.0,0,0,0,0,0,0.0,,0.0,0,30000,0.0,0.0,0.0,0.0,0.0,0,,,,,1.0,,,,,9ea6d4f4-3fc3-4dd6-97e3-3415e35225e8
,,33.74854370000003,-84.39057819999992,Stage 5,Down_Payment_Assistance,Homeowner,1,1,1574,IA,AH,,,,"AH_DPA,HOB",,Permanent,222495.0,,0.0,50000.0,2022-07-22 16:00:00,,2022-07-22 16:00:00,1701110020057,170100.0,2395.0,0.0,0,0,0,0,0,0.0,,0.0,0,30000,0.0,20000.0,0.0,0.0,0.0,0,,,,,1.0,,,,,11852c7d-9684-47a3-99de-6af59226dbb6
,,33.74854370000003,-84.39057819999992,Stage 5,Down_Payment_Assistance,Homeowner,1,1,1575,IA,"AH,Other",,,Atlanta Neighborhood Development Partnership,"AH_DPA,HOB,Other",,Permanent,260200.0,,0.0,70000.0,2022-07-25 16:00:00,,2022-07-25 16:00:00,1400050001067,188700.0,1500.0,0.0,0,0,0,0,0,0.0,,0.0,0,30000,0.0,20000.0,0.0,0.0,20000.0,0,,,,,1.0,,,,,a988a88c-24f4-409a-a316-72628cff69b8
,,33.74854370000003,-84.39057819999992,Stage 5,Down_Payment_Assistance,Homeowner,1,1,1576,IA,,,,,HOB,,Permanent,349930.0,,0.0,30000.0,2022-07-26 16:00:00,,2022-07-26 16:00:00,1702520018003,301180.0,3750.0,15000.0,0,0,0,0,0,0.0,,0.0,0,30000,0.0,0.0,0.0,0.0,0.0,0,,,,,1.0,,,,,c6c9be6f-99fe-4177-b3a9-036b479c728b
,,33.74854370000003,-84.39057819999992,Stage 5,Down_Payment_Assistance,Homeowner,1,1,1577,IA,AH,,,,"AH_DPA,HOB",,Permanent,223254.0,,0.0,50000.0,2022-07-26 16:00:00,,2022-07-26 16:00:00,14F00160005098,171754.0,1500.0,0.0,0,0,0,0,0,0.0,,0.0,0,30000,0.0,20000.0,0.0,0.0,0.0,0,,,,,1.0,,,,,87160a89-72da-4316-8b62-28cbfad23770
,,33.74854370000003,-84.39057819999992,Stage 5,Down_Payment_Assistance,Homeowner,1,1,1578,IA,AH,,,,"AH_DPA,HOB",,Permanent,266090.0,,0.0,50000.0,2022-07-27 16:00:00,,2022-07-27 16:00:00,1400720001059,214590.0,1500.0,0.0,0,0,0,0,0,0.0,,0.0,0,30000,0.0,20000.0,0.0,0.0,0.0,0,,,,,1.0,,,,,44db4324-e0f0-47e5-aba9-28c29334d71e
,,33.74854370000003,-84.39057819999992,Stage 5,Down_Payment_Assistance,Homeowner,1,1,1579,IA,AH,,,,"AH_DPA,HOB",,Permanent,256050.0,,0.0,50000.0,2022-07-28 16:00:00,,2022-07-28 16:00:00,1400930002061,203550.0,2500.0,0.0,0,0,0,0,0,0.0,,0.0,0,30000,0.0,20000.0,0.0,0.0,0.0,0,,,,,1.0,,,,,ff51386c-efb7-4c8d-afb2-04f09c1e8c78
,,33.74854370000003,-84.39057819999992,Stage 5,Down_Payment_Assistance,Homeowner,1,1,1580,IA,AH,,,,"AH_DPA,HOB",,Permanent,278536.0,,0.0,50000.0,2022-07-28 16:00:00,,2022-07-28 16:00:00,1700090004296,222832.0,5704.0,0.0,0,0,0,0,0,0.0,,0.0,0,30000,0.0,20000.0,0.0,0.0,0.0,0,,,,,1.0,,,,,65d454c8-4979-426c-8cd0-417782379c82
,,33.74854370000003,-84.39057819999992,Stage 5,Down_Payment_Assistance,Homeowner,1,1,1581,IA,,,,,HOB,,Permanent,245927.0,,0.0,30000.0,2022-07-29 16:00:00,,2022-07-29 16:00:00,1400350003069,210927.0,1500.0,3500.0,0,0,0,0,0,0.0,,0.0,0,30000,0.0,0.0,0.0,0.0,0.0,0,,,,,1.0,,,,,66847e4b-7724-4500-91f8-81ed5733903b
,,33.74854370000003,-84.39057819999992,Stage 5,Down_Payment_Assistance,Homeowner,1,1,1582,IA,AH,,,,"AH_DPA,HOB",,Permanent,159057.0,,0.0,55000.0,2022-07-29 16:00:00,,2022-07-29 16:00:00,1402400003026,97000.0,7057.0,0.0,0,0,0,0,0,0.0,,0.0,0,30000,0.0,25000.0,0.0,0.0,0.0,0,,,1.0,0.0,,,,,,9d800efd-24aa-4644-8d4a-9b4d96dccc6c
Owner Occupied Rehab - IA - 2018 through YTD 2022,,33.74854370000003,-84.39057819999992,Stage 5,Rehab_HomeFlex,Homeowner,1,1,1583,IA,,,,,HOB,,,30000.0,,0.0,30000.0,,,2022-08-01 16:00:00,,0.0,0.0,0.0,0,0,0,0,0,0.0,,0.0,0,30000,0.0,0.0,0.0,0.0,0.0,0,1.0,,,,,,,,,a80e2fe2-9e5e-42f9-bef8-08902daf1085
Owner Occupied Rehab - IA - 2018 through YTD 2022,,33.74854370000003,-84.39057819999992,Stage 5,Rehab_HomeFlex,Homeowner,1,1,1584,IA,,,,,HOB,,,29368.0,,0.0,29368.0,,,2022-08-01 16:00:00,,0.0,0.0,0.0,0,0,0,0,0,0.0,,0.0,0,29368,0.0,0.0,0.0,0.0,0.0,0,,1.0,,,,,,,,887f2569-e23a-4269-b31b-9a4efadecdd9
The Trust at Oakland City Townhomes,1024 Donnelly Ave NE Atlanta GA 30310,33.72944599656828,-84.42152002100903,Stage 4,New_Construction,Homeowner,42,21,1585,IA,"IA,ABI",,Atlanta Land Trust,,TAD,,Construction,6815940.0,5335940.0,0.0,1480000.0,2023-12-14 17:00:00,2022-12-01 16:00:00,,,4000000.0,1190000.0,145940.0,0,0,0,0,0,0.0,,0.0,1480000,0,0.0,0.0,0.0,0.0,0.0,0,0.0,0.0,0.0,13.0,8.0,21.0,,,Yes,41a6336f-6087-4583-ab5c-9c9950acd056
,,33.74854370000003,-84.39057819999992,Stage 5,Down_Payment_Assistance,Homeowner,1,1,1588,IA,,,,,HOB,,Permanent,554355.0,,0.0,30000.0,2022-08-01 16:00:00,,2022-08-01 16:00:00,1401750007008,231990.0,292365.0,0.0,0,0,0,0,0,0.0,,0.0,0,30000,0.0,0.0,0.0,0.0,0.0,0,,,,,1.0,,,,,625ec473-fab9-4858-99ba-3bbb60ededa0
,,33.74854370000003,-84.39057819999992,Stage 5,Down_Payment_Assistance,Homeowner,1,1,1589,IA,AH,,,,"AH_DPA,HOB",,Permanent,362950.0,,0.0,55000.0,2022-08-05 16:00:00,,2022-08-05 16:00:00,170060001249,132950.0,175000.0,0.0,0,0,0,0,0,0.0,,0.0,0,30000,0.0,25000.0,0.0,0.0,0.0,0,,,,,1.0,,,,,07684297-ab73-4f60-a2f8-a50cc75cbd12
,,33.74854370000003,-84.39057819999992,Stage 5,Down_Payment_Assistance,Homeowner,1,1,1590,IA,AH,,,,"AH_DPA,HOB",,Permanent,243596.0,,0.0,55000.0,2022-08-08 16:00:00,,2022-08-08 16:00:00,14F00430004055,175600.0,12996.0,0.0,0,0,0,0,0,0.0,,0.0,0,30000,0.0,25000.0,0.0,0.0,0.0,0,,,,1.0,,,,,,9254bfbe-c88b-41e7-a512-46416b986f35
,,33.74854370000003,-84.39057819999992,Stage 5,Down_Payment_Assistance,Homeowner,1,1,1591,IA,AH,,,,"AH_DPA,HOB",,Permanent,204220.0,,0.0,50000.0,2022-08-16 16:00:00,,2022-08-16 16:00:00,1402360003028,152000.0,2220.0,0.0,0,0,0,0,0,0.0,,0.0,0,30000,0.0,20000.0,0.0,0.0,0.0,0,,,,1.0,,,,,,052c2eaa-ae84-45a6-9950-a5566d35ce13
,,33.74854370000003,-84.39057819999992,Stage 5,Down_Payment_Assistance,Homeowner,1,1,1592,IA,Other,,,ATLANTA NEIGHBORHOOD DEVELOPMENT PARTNERSHIP,"Trust_Fund,Other",,Permanent,374429.0,,0.0,50000.0,2022-08-18 16:00:00,,2022-08-18 16:00:00,1401110007056,315425.0,9004.0,0.0,0,0,0,0,0,0.0,,0.0,0,0,10000.0,0.0,0.0,0.0,40000.0,0,,,,,1.0,,,,,e74c6237-e18e-4a2e-aba5-b74d96d1bb97
,,33.74854370000003,-84.39057819999992,Stage 5,Down_Payment_Assistance,Homeowner,1,1,1593,IA,,,,,HOB,,Permanent,231095.0,,0.0,30000.0,2022-08-19 16:00:00,,2022-08-19 16:00:00,1401790004028,197008.0,4087.0,0.0,0,0,0,0,0,0.0,,0.0,0,30000,0.0,0.0,0.0,0.0,0.0,0,,,,,1.0,,,,,aaada0b2-0b54-46af-920e-e40ac601fa25
,,33.74854370000003,-84.39057819999992,Stage 5,Down_Payment_Assistance,Homeowner,1,1,1594,IA,,,,,HOB,,Permanent,318574.0,,0.0,30000.0,2022-08-24 16:00:00,,2022-08-24 16:00:00,1402080002148,280830.0,7744.0,0.0,0,0,0,0,0,0.0,,0.0,0,30000,0.0,0.0,0.0,0.0,0.0,0,,,,,1.0,,,,,e29ba6cf-42e8-412f-9448-6b3abbde94ba
,,33.74854370000003,-84.39057819999992,Stage 5,Down_Payment_Assistance,Homeowner,1,1,1595,IA,AH,,,,"AH_DPA,HOB",,Permanent,225316.0,,0.0,50000.0,2022-08-25 16:00:00,,2022-08-25 16:00:00,1400460015182,171448.0,3868.0,0.0,0,0,0,0,0,0.0,,0.0,0,30000,0.0,20000.0,0.0,0.0,0.0,0,,,,,1.0,,,,,da350a0b-fda1-4b72-9f1f-cd05b0c235d6
,,33.74854370000003,-84.39057819999992,Stage 5,Down_Payment_Assistance,Homeowner,1,1,1596,IA,AH,,,,"AH_DPA,HOB",,,286649.0,,0.0,55000.0,2022-08-26 16:00:00,,2022-08-26 16:00:00,1402100001052,229649.0,2000.0,0.0,0,0,0,0,0,0.0,,0.0,0,30000,0.0,25000.0,0.0,0.0,0.0,0,,,,1.0,,,,,,57d59a94-5393-495e-bccc-60aa966e30cb
,,33.74854370000003,-84.39057819999992,Stage 5,Down_Payment_Assistance,Homeowner,1,1,1597,IA,AH,,,,"AH_DPA,HOB",,Permanent,314983.0,,0.0,50000.0,2022-08-29 16:00:00,,2022-08-29 16:00:00,1401050010025,261100.0,3883.0,0.0,0,0,0,0,0,0.0,,0.0,0,30000,0.0,20000.0,0.0,0.0,0.0,0,,,,,1.0,,,,,23bb99cd-94ec-4d2d-9b06-01631f1aa97a
Owner Occupied Rehab - IA 2018 through YTD 2022,,33.74854370000003,-84.39057819999992,Stage 5,Rehab_HomeFlex,Homeowner,1,1,1598,IA,,,,,HOB,,,30000.0,,0.0,30000.0,,,2022-09-01 16:00:00,,0.0,0.0,0.0,0,0,0,0,0,0.0,,0.0,0,30000,0.0,0.0,0.0,0.0,0.0,0,,1.0,,,,,,,,ae487f26-c5a1-4c26-81d7-e5c603deeb3b
Owner Occupied Rehab - IA - 2008 through YTD 2022,,33.74854370000003,-84.39057819999992,Stage 5,Rehab_HomeFlex,Homeowner,1,1,1599,IA,,,,,HOB,,,29574.0,,0.0,29574.0,,,2022-09-01 16:00:00,,0.0,0.0,0.0,0,0,0,0,0,0.0,,0.0,0,29574,0.0,0.0,0.0,0.0,0.0,0,1.0,,,,,,,,,37f04f3b-93c5-400e-9477-cffbff007e87
Owner Occupied Rehab - IA - 2018 through YTD 2022,,33.74854370000003,-84.39057819999992,Stage 5,Rehab_HomeFlex,Homeowner,1,1,1600,IA,,,,,TAD,,,60000.0,,0.0,60000.0,,,2022-09-01 16:00:00,,0.0,0.0,0.0,0,0,0,0,0,0.0,,0.0,60000,0,0.0,0.0,0.0,0.0,0.0,0,,1.0,,,,,,,,107d94f4-c3f8-454b-b812-9e64eeae1f4b
,,33.76123889380567,-84.51490439910054,Stage 5,DPA,Homeowner,1,1,1603,AH,,,,,AH_DPA,,Permanent,295000.0,0.0,0.0,20000.0,2022-01-07 16:00:00,,2022-01-07 16:00:00,,275000.0,0.0,0.0,0,0,0,0,0,0.0,,0.0,0,0,0.0,20000.0,0.0,0.0,0.0,0,0.0,0.0,0.0,1.0,0.0,0.0,,,Yes,1c28e9c0-5d85-4e61-8396-ef24ec1268c4
,,33.74722599999942,-84.38573389999858,Stage 5,DPA,Homeowner,1,1,1604,AH,AH,,,,AH_DPA,,Permanent,254859.0,0.0,0.0,20000.0,,,2022-01-11 16:00:00,,234859.0,0.0,0.0,0,0,0,0,0,0.0,,0.0,0,0,0.0,20000.0,0.0,0.0,0.0,0,0.0,0.0,0.0,1.0,0.0,0.0,,,Yes,1a54865a-6695-4283-8152-ec5b6d50acb5
,,33.75610087929705,-84.49620600999916,Stage 5,DPA,Homeowner,1,1,1605,AH,,,,,AH_DPA,,Permanent,230000.0,0.0,0.0,20000.0,,,2022-01-11 16:00:00,,210000.0,0.0,0.0,0,0,0,0,0,0.0,,0.0,0,0,0.0,20000.0,0.0,0.0,0.0,0,0.0,1.0,0.0,0.0,0.0,0.0,,,Yes,e51aee1e-cfc6-4c45-8d16-680f5f986b7a
,,33.74722599999942,-84.38573389999858,Stage 5,DPA,Homeowner,1,1,1606,AH,,,,,AH_DPA,,,215800.0,0.0,0.0,20000.0,,,2022-01-20 16:00:00,,195800.0,0.0,0.0,0,0,0,0,0,0.0,,0.0,0,0,0.0,20000.0,0.0,0.0,0.0,0,0.0,1.0,0.0,0.0,0.0,0.0,,,Yes,79e197bc-e671-4a22-8cab-6ba6596d39e7
,,33.74672276205518,-84.5022611797876,Stage 5,DPA,Homeowner,1,1,1607,AH,,,,,AH_DPA,,,253184.0,0.0,0.0,20000.0,,,2022-01-25 16:00:00,,233184.0,0.0,0.0,0,0,0,0,0,0.0,,0.0,0,0,0.0,20000.0,0.0,0.0,0.0,0,0.0,0.0,0.0,1.0,0.0,0.0,,,Yes,8b1799a7-83d4-415a-8388-71964a257014
,,33.79333628515083,-84.49211322976733,Stage 5,DPA,Homeowner,1,1,1608,AH,,,,,AH_DPA,,,290000.0,0.0,0.0,25000.0,,,2022-01-26 16:00:00,,265000.0,0.0,0.0,0,0,0,0,0,0.0,,0.0,0,0,0.0,25000.0,0.0,0.0,0.0,0,0.0,0.0,0.0,1.0,0.0,0.0,,,Yes,b8e4ddca-2b5d-43e2-8525-738ddb24994a
,,33.6651290132036,-84.38256403635376,Stage 5,DPA,Homeowner,1,1,1609,AH,,,,,AH_DPA,,,238000.0,0.0,0.0,20000.0,,,2022-01-26 16:00:00,,218000.0,0.0,0.0,0,0,0,0,0,0.0,,0.0,0,0,0.0,20000.0,0.0,0.0,0.0,0,0.0,0.0,0.0,1.0,0.0,0.0,,,Yes,e8587a18-6d40-49d1-8fc4-9eb5d25e44c1
,,33.74477599456198,-84.50325799384305,Stage 5,DPA,Homeowner,1,1,1610,AH,,,,,AH_DPA,,,249597.0,0.0,0.0,25000.0,,,2022-01-27 16:00:00,,224597.0,0.0,0.0,0,0,0,0,0,0.0,,0.0,0,0,0.0,25000.0,0.0,0.0,0.0,0,0.0,0.0,0.0,1.0,0.0,0.0,,,Yes,1e66c154-081a-4f0d-8d6d-03164408f5cb
,,33.73863398737211,-84.43687600290258,Stage 5,DPA,Homeowner,1,1,1611,AH,,,,,AH_DPA,,,277890.0,0.0,0.0,25000.0,,,2022-01-27 16:00:00,,252890.0,0.0,0.0,0,0,0,0,0,0.0,,0.0,0,0,0.0,25000.0,0.0,0.0,0.0,0,0.0,0.0,0.0,1.0,0.0,0.0,,,Yes,46dc7d10-8e9d-46f6-8b6b-df66938884cc
,,33.74722599999942,-84.38573389999858,Stage 5,DPA,Homeowner,1,1,1612,AH,,,,,AH_DPA,,,225000.0,0.0,0.0,20000.0,,,2022-01-31 16:00:00,,205000.0,0.0,0.0,0,0,0,0,0,0.0,,0.0,0,0,0.0,20000.0,0.0,0.0,0.0,0,0.0,0.0,1.0,0.0,0.0,0.0,,,Yes,f40a8d89-f38f-4903-8777-eec1cc4da0b1
,,33.687645643561,-84.35678083021475,Stage 5,DPA,Homeowner,1,1,1613,AH,,,,,AH_DPA,,,225000.0,0.0,0.0,25000.0,,,2022-01-31 16:00:00,,200000.0,0.0,0.0,0,0,0,0,0,0.0,,0.0,0,0,0.0,25000.0,0.0,0.0,0.0,0,0.0,1.0,0.0,0.0,0.0,0.0,,,Yes,6ce0121f-5b97-477a-8d23-6e34a68375a0
,,33.72278100052978,-84.44571396542979,Stage 5,DPA,Homeowner,1,1,1614,AH,,,,,AH_DPA,,,295000.0,0.0,0.0,20000.0,,,2022-02-07 16:00:00,,275000.0,0.0,0.0,0,0,0,0,0,0.0,,0.0,0,0,0.0,20000.0,0.0,0.0,0.0,0,0.0,0.0,0.0,1.0,0.0,0.0,,,Yes,981b0132-1018-42cc-8bdc-e4670fc26148
,,33.76512800984323,-84.38818896393673,Stage 5,DPA,Homeowner,1,1,1615,AH,,,,,AH_DPA,,,300000.0,0.0,0.0,20000.0,,,2022-02-09 16:00:00,,280000.0,0.0,0.0,0,0,0,0,0,0.0,,0.0,0,0,0.0,20000.0,0.0,0.0,0.0,0,0.0,0.0,0.0,1.0,0.0,0.0,,,Yes,b165bd76-7b8b-4ecf-8d14-594f12a1f408
,,33.744357989050606,-84.50320300855824,Stage 5,DPA,Homeowner,1,1,1616,AH,,,,,AH_DPA,,,253500.0,0.0,0.0,20000.0,,,2022-02-11 16:00:00,,233500.0,0.0,0.0,0,0,0,0,0,0.0,,0.0,0,0,0.0,20000.0,0.0,0.0,0.0,0,0.0,0.0,0.0,1.0,0.0,0.0,,,Yes,422832b2-9414-432d-8340-4f8a70e983ef
,,33.74722599999942,-84.38573389999858,Stage 5,DPA,Homeowner,1,1,1617,AH,,,,,AH_DPA,,,237000.0,0.0,0.0,20000.0,,,2022-02-16 16:00:00,,217000.0,0.0,0.0,0,0,0,0,0,0.0,,0.0,0,0,0.0,20000.0,0.0,0.0,0.0,0,0.0,0.0,0.0,1.0,0.0,0.0,,,Yes,88c504f4-94cc-4948-8a8a-7c4d4cf629c5
,,33.694957985400656,-84.53516203189974,Stage 5,DPA,Homeowner,1,1,1618,AH,,,,,AH_DPA,,,250000.0,0.0,0.0,20000.0,,,2022-02-22 16:00:00,,230000.0,0.0,0.0,0,0,0,0,0,0.0,,0.0,0,0,0.0,20000.0,0.0,0.0,0.0,0,0.0,0.0,1.0,0.0,0.0,0.0,,,Yes,42d4f4ba-ffcf-44f3-8f2e-39a41b047d17
,,33.70192301166334,-84.380122974692,Stage 5,DPA,Homeowner,1,1,1619,AH,,,,,AH_DPA,,,165258.0,0.0,0.0,20000.0,,,2022-02-24 16:00:00,,145258.0,0.0,0.0,0,0,0,0,0,0.0,,0.0,0,0,0.0,20000.0,0.0,0.0,0.0,0,0.0,1.0,0.0,0.0,0.0,0.0,,,Yes,44e73511-e5fa-4cdb-8f38-687c486ea865
,,33.7607600534152,-84.50736491685144,Stage 5,DPA,Homeowner,1,1,1620,AH,,,,,AH_DPA,,,212307.0,0.0,0.0,20000.0,,,2022-02-24 16:00:00,,192307.0,0.0,0.0,0,0,0,0,0,0.0,,0.0,0,0,0.0,20000.0,0.0,0.0,0.0,0,0.0,1.0,0.0,0.0,0.0,0.0,,,Yes,95e4f29a-b05f-4f94-8711-a065043daf46
,,33.7938450597198,-84.4542399116113,Stage 5,DPA,Homeowner,1,1,1621,AH,,,,,AH_DPA,,,277890.0,0.0,0.0,25000.0,,,2022-02-25 16:00:00,,252890.0,0.0,0.0,0,0,0,0,0,0.0,,0.0,0,0,0.0,25000.0,0.0,0.0,0.0,0,0.0,0.0,1.0,0.0,0.0,0.0,,,Yes,67733edf-fda0-4d2e-8e09-25891fcd5578
,,33.74722599999942,-84.38573389999858,Stage 5,DPA,Homeowner,1,1,1622,AH,,,,,AH_DPA,,,277890.0,0.0,0.0,25000.0,,,2022-02-25 16:00:00,,252890.0,0.0,0.0,0,0,0,0,0,0.0,,0.0,0,0,0.0,25000.0,0.0,0.0,0.0,0,0.0,0.0,1.0,0.0,0.0,0.0,,,Yes,a6a3ffb4-a946-441b-88da-006ed2ea0886
,,33.79367021998281,-84.45408819767052,Stage 5,DPA,Homeowner,1,1,1623,AH,,,,,AH_DPA,,,505780.0,0.0,0.0,252890.0,,,2022-02-25 16:00:00,,252890.0,0.0,0.0,0,0,0,0,0,0.0,,0.0,0,0,0.0,252890.0,0.0,0.0,0.0,0,0.0,0.0,1.0,0.0,0.0,0.0,,,Yes,f2b62125-5019-44d0-8a81-6090aa44d021
,,33.66626999977337,-84.49465003073898,Stage 5,DPA,Homeowner,1,1,1624,AH,,,,,AH_DPA,,,285760.0,0.0,0.0,25000.0,,,2022-02-28 16:00:00,,260760.0,0.0,0.0,0,0,0,0,0,0.0,,0.0,0,0,0.0,25000.0,0.0,0.0,0.0,0,0.0,0.0,0.0,1.0,0.0,0.0,,,Yes,333951c5-0dc9-4b39-840a-cd15de6e60cf
,,33.74722599999942,-84.38573389999858,Stage 5,DPA,Homeowner,1,1,1625,AH,,,,,AH_DPA,,,289799.0,0.0,0.0,25000.0,,,2022-02-28 16:00:00,,264799.0,0.0,0.0,0,0,0,0,0,0.0,,0.0,0,0,0.0,25000.0,0.0,0.0,0.0,0,0.0,0.0,0.0,1.0,0.0,0.0,,,Yes,c8103512-6af3-45bc-8ae0-1e10af3bb6de
,,33.66626999977337,-84.49452296108684,Stage 5,DPA,Homeowner,1,1,1626,AH,,,,,AH_DPA,,,525920.0,0.0,0.0,262960.0,,,2022-02-28 16:00:00,,262960.0,0.0,0.0,0,0,0,0,0,0.0,,0.0,0,0,0.0,262960.0,0.0,0.0,0.0,0,0.0,0.0,0.0,1.0,0.0,0.0,,,Yes,c0ff62d0-1bd2-44f8-87b1-36192e8a65c5
,,33.7156039959358,-84.43076500875445,Stage 5,DPA,Homeowner,1,1,1627,AH,,,,,AH_DPA,,,167258.0,0.0,0.0,20000.0,,,2022-02-28 16:00:00,,147258.0,0.0,0.0,0,0,0,0,0,0.0,,0.0,0,0,0.0,20000.0,0.0,0.0,0.0,0,0.0,1.0,0.0,0.0,0.0,0.0,,,Yes,6e29beaa-71c9-46b5-8bcc-fb484e3f2d08
,,33.7938450597198,-84.4542399116113,Stage 5,DPA,Homeowner,1,1,1628,AH,,,,,AH_DPA,,,272890.0,0.0,0.0,20000.0,,,2022-02-28 16:00:00,,252890.0,0.0,0.0,0,0,0,0,0,0.0,,0.0,0,0,0.0,20000.0,0.0,0.0,0.0,0,0.0,1.0,0.0,0.0,0.0,0.0,,,Yes,840b72f6-7da1-45c0-8614-1f9fb41b63ff
,,33.7607570149753,-84.51982599893577,Stage 5,DPA,Homeowner,1,1,1629,AH,,,,,AH_DPA,,,295000.0,0.0,0.0,25000.0,,,2022-03-01 16:00:00,,270000.0,0.0,0.0,0,0,0,0,0,0.0,,0.0,0,0,0.0,25000.0,0.0,0.0,0.0,0,0.0,0.0,0.0,1.0,0.0,0.0,,,Yes,191def7f-5c8c-4620-890f-d53977aeb5e4
,,33.69586700280004,-84.37208498100381,Stage 5,DPA,Homeowner,1,1,1630,AH,,,,,AH_DPA,,,270000.0,0.0,0.0,20000.0,,,2022-03-02 16:00:00,,250000.0,0.0,0.0,0,0,0,0,0,0.0,,0.0,0,0,0.0,20000.0,0.0,0.0,0.0,0,0.0,0.0,0.0,1.0,0.0,0.0,,,Yes,1f5a2ad3-8db5-426f-835a-f48316300691
,,33.74449800874316,-84.50364699796944,Stage 5,DPA,Homeowner,1,1,1631,AH,,,,,AH_DPA,,,251621.0,0.0,0.0,20000.0,,,2022-03-04 16:00:00,,231621.0,0.0,0.0,0,0,0,0,0,0.0,,0.0,0,0,0.0,20000.0,0.0,0.0,0.0,0,0.0,0.0,1.0,0.0,0.0,0.0,,,Yes,7d8f31a4-02a8-40e4-88cb-0eaf790a4ea6
,,33.6763350519707,-84.40017990507194,Stage 5,DPA,Homeowner,1,1,1632,AH,,,,,AH_DPA,,,167258.0,0.0,0.0,25000.0,,,2022-03-14 16:00:00,,142258.0,0.0,0.0,0,0,0,0,0,0.0,,0.0,0,0,0.0,25000.0,0.0,0.0,0.0,0,0.0,1.0,0.0,0.0,0.0,0.0,,,Yes,2f681a39-c26f-4b01-8033-a83a29746036
,,33.76341198280611,-84.3753720281531,Stage 5,DPA,Homeowner,1,1,1633,AH,,,,,AH_DPA,,,154000.0,0.0,0.0,20000.0,,,2022-03-17 16:00:00,,134000.0,0.0,0.0,0,0,0,0,0,0.0,,0.0,0,0,0.0,20000.0,0.0,0.0,0.0,0,0.0,0.0,0.0,1.0,0.0,0.0,,,Yes,fdd491d7-6b0d-4cff-8c94-a2b4d966e8fd
,,33.711282999120314,-84.33270596169527,Stage 5,DPA,Homeowner,1,1,1634,AH,,,,,AH_DPA,,,254000.0,0.0,0.0,20000.0,,,2022-03-22 16:00:00,,234000.0,0.0,0.0,0,0,0,0,0,0.0,,0.0,0,0,0.0,20000.0,0.0,0.0,0.0,0,0.0,0.0,1.0,0.0,0.0,0.0,,,Yes,87e78f3b-e6f6-4754-8618-c42e485e87b1
,,33.69382399772006,-84.38759301062096,Stage 5,DPA,Homeowner,1,1,1635,AH,,,,,AH_DPA,,,260000.0,0.0,0.0,20000.0,,,2022-03-29 16:00:00,,240000.0,0.0,0.0,0,0,0,0,0,0.0,,0.0,0,0,0.0,20000.0,0.0,0.0,0.0,0,0.0,1.0,0.0,0.0,0.0,0.0,,,Yes,4efba5dc-c2d5-4159-88c0-46890bda5203
,,33.749737997422784,-84.42025401835343,Stage 5,DPA,Homeowner,1,1,1636,AH,,,,,AH_DPA,,,345000.0,0.0,0.0,20000.0,,,2022-03-30 16:00:00,,325000.0,0.0,0.0,0,0,0,0,0,0.0,,0.0,0,0,0.0,20000.0,0.0,0.0,0.0,0,0.0,0.0,0.0,1.0,0.0,0.0,,,Yes,1bcc0b89-60ee-4a91-8bab-5c618481a95f
,,33.66893598980686,-84.49260995932512,Stage 5,DPA,Homeowner,1,1,1637,AH,,,,,AH_DPA,,,302335.0,0.0,0.0,20000.0,,,2022-03-30 16:00:00,,282335.0,0.0,0.0,0,0,0,0,0,0.0,,0.0,0,0,0.0,20000.0,0.0,0.0,0.0,0,0.0,0.0,0.0,1.0,0.0,0.0,,,Yes,5a6d7323-cfc0-41c7-884c-a21b912d5b8d
,,33.74114399018751,-84.39400499891211,Stage 5,DPA,Homeowner,1,1,1638,AH,,,,,AH_DPA,,,244000.0,0.0,0.0,25000.0,,,2022-03-31 16:00:00,,219000.0,0.0,0.0,0,0,0,0,0,0.0,,0.0,0,0,0.0,25000.0,0.0,0.0,0.0,0,0.0,0.0,1.0,0.0,0.0,0.0,,,Yes,d0802407-0718-4896-841b-44c7d94364d4
,,33.74722599999942,-84.38573389999858,Stage 5,DPA,Homeowner,1,1,1639,AH,,,,,AH_DPA,,,276500.0,0.0,0.0,20000.0,,,2022-03-31 16:00:00,,256500.0,0.0,0.0,0,0,0,0,0,0.0,,0.0,0,0,0.0,20000.0,0.0,0.0,0.0,0,0.0,1.0,0.0,0.0,0.0,0.0,,,Yes,1d19dabf-bf4b-47c2-8342-4182b1a0b4db
,,33.687172999459854,-84.35625902579925,Stage 5,DPA,Homeowner,1,1,1640,AH,,,,,AH_DPA,,,260000.0,0.0,0.0,20000.0,,,2022-04-04 16:00:00,,240000.0,0.0,0.0,0,0,0,0,0,0.0,,0.0,0,0,0.0,20000.0,0.0,0.0,0.0,0,0.0,0.0,0.0,1.0,0.0,0.0,,,Yes,70d24a28-f51a-468a-8067-ad4bea4c947e
,,33.710879997215635,-84.39960997756552,Stage 5,DPA,Homeowner,1,1,1641,AH,,,,,AH_DPA,,,255000.0,0.0,0.0,20000.0,,,2022-04-07 16:00:00,,235000.0,0.0,0.0,0,0,0,0,0,0.0,,0.0,0,0,0.0,20000.0,0.0,0.0,0.0,0,0.0,0.0,1.0,0.0,0.0,0.0,,,Yes,1f743811-ed69-4452-8d05-d67e43ebd4c7
,,33.76910798892801,-84.47536997705483,Stage 5,DPA,Homeowner,1,1,1642,AH,,,,,AH_DPA,,,330000.0,0.0,0.0,25000.0,,,2022-04-08 16:00:00,,305000.0,0.0,0.0,0,0,0,0,0,0.0,,0.0,0,0,0.0,25000.0,0.0,0.0,0.0,0,0.0,0.0,0.0,1.0,0.0,0.0,,,Yes,d17bfbb5-79e2-4703-8283-de149be9ba81
,,33.72750101784593,-84.3868020104183,Stage 5,DPA,Homeowner,1,1,1643,AH,,,,,AH_DPA,,,164758.0,0.0,0.0,20000.0,,,2022-04-11 16:00:00,,144758.0,0.0,0.0,0,0,0,0,0,0.0,,0.0,0,0,0.0,20000.0,0.0,0.0,0.0,0,0.0,0.0,0.0,1.0,0.0,0.0,,,Yes,c09682d0-d3c1-4a83-8b1e-fd10c14c5913
,,33.71397501496317,-84.38448801840865,Stage 5,DPA,Homeowner,1,1,1644,AH,,,,,AH_DPA,,,165258.0,0.0,0.0,20000.0,,,2022-04-11 16:00:00,,145258.0,0.0,0.0,0,0,0,0,0,0.0,,0.0,0,0,0.0,20000.0,0.0,0.0,0.0,0,0.0,0.0,0.0,1.0,0.0,0.0,,,Yes,2dbc1e8b-712e-4168-8d1f-e4030605c054
,,33.74722599999942,-84.38573389999858,Stage 5,DPA,Homeowner,1,1,1645,AH,,,,,AH_DPA,,,168258.0,0.0,0.0,20000.0,,,2022-04-11 16:00:00,,148258.0,0.0,0.0,0,0,0,0,0,0.0,,0.0,0,0,0.0,20000.0,0.0,0.0,0.0,0,0.0,1.0,0.0,0.0,0.0,0.0,,,Yes,b5928d64-9ac1-44e4-8c6f-1c26f4ec58a4
,,33.74722599999942,-84.38573389999858,Stage 5,DPA,Homeowner,1,1,1646,AH,,,,,AH_DPA,,,167258.0,0.0,0.0,25000.0,,,2022-04-12 16:00:00,,142258.0,0.0,0.0,0,0,0,0,0,0.0,,0.0,0,0,0.0,25000.0,0.0,0.0,0.0,0,0.0,1.0,0.0,0.0,0.0,0.0,,,Yes,be64f036-9897-4c59-87e3-a402065b2972
,,33.74722599999942,-84.38573389999858,Stage 5,DPA,Homeowner,1,1,1647,AH,,,,,AH_DPA,,,298335.0,0.0,0.0,20000.0,,,2022-04-13 16:00:00,,278335.0,0.0,0.0,0,0,0,0,0,0.0,,0.0,0,0,0.0,20000.0,0.0,0.0,0.0,0,0.0,0.0,1.0,0.0,0.0,0.0,,,Yes,4b94aa79-a36a-498b-8e79-142dd9c46509
,,33.74722599999942,-84.38573389999858,Stage 5,DPA,Homeowner,1,1,1648,AH,,,,,AH_DPA,,,270000.0,0.0,0.0,20000.0,,,2022-04-13 16:00:00,,250000.0,0.0,0.0,0,0,0,0,0,0.0,,0.0,0,0,0.0,20000.0,0.0,0.0,0.0,0,0.0,1.0,0.0,0.0,0.0,0.0,,,Yes,a8aa9930-4349-4d79-86a4-093aea6819bf
,,33.77954999626592,-84.45325399025027,Stage 5,DPA,Homeowner,1,1,1649,AH,,,,,AH_DPA,,,120000.0,0.0,0.0,20000.0,,,2022-04-14 16:00:00,,100000.0,0.0,0.0,0,0,0,0,0,0.0,,0.0,0,0,0.0,20000.0,0.0,0.0,0.0,0,1.0,0.0,0.0,0.0,0.0,0.0,,,Yes,c960d2c6-288f-466d-8974-dfd1aebf3b1e
,,33.74722599999942,-84.38573389999858,Stage 5,DPA,Homeowner,1,1,1650,AH,,,,,AH_DPA,,,245000.0,0.0,0.0,25000.0,,,2022-04-15 16:00:00,,220000.0,0.0,0.0,0,0,0,0,0,0.0,,0.0,0,0,0.0,25000.0,0.0,0.0,0.0,0,0.0,0.0,0.0,1.0,0.0,0.0,,,Yes,5d988403-2f9b-4740-869b-6dee5a631aed
,,33.668371007623314,-84.49222196102711,Stage 5,DPA,Homeowner,1,1,1651,AH,,,,,AH_DPA,,,300000.0,0.0,0.0,25000.0,,,2022-04-19 16:00:00,,275000.0,0.0,0.0,0,0,0,0,0,0.0,,0.0,0,0,0.0,25000.0,0.0,0.0,0.0,0,0.0,0.0,1.0,0.0,0.0,0.0,,,Yes,dbf73f44-3da2-4b3d-8076-fc4cc49efc72
,,33.668428004564916,-84.49222397268387,Stage 5,DPA,Homeowner,1,1,1652,AH,,,,,AH_DPA,,,307835.0,0.0,0.0,25000.0,,,2022-04-20 16:00:00,,282835.0,0.0,0.0,0,0,0,0,0,0.0,,0.0,0,0,0.0,25000.0,0.0,0.0,0.0,0,0.0,0.0,0.0,1.0,0.0,0.0,,,Yes,7551dd7b-ac93-4fb3-8388-b914ed09ac24
,,33.66548201705585,-84.35572803223305,Stage 5,DPA,Homeowner,1,1,1653,AH,,,,,AH_DPA,,,173258.0,0.0,0.0,25000.0,,,2022-04-25 16:00:00,,148258.0,0.0,0.0,0,0,0,0,0,0.0,,0.0,0,0,0.0,25000.0,0.0,0.0,0.0,0,1.0,0.0,0.0,0.0,0.0,0.0,,,Yes,7aa0716e-9d9c-4a77-8697-8123fdd6502d
,,33.754946009141825,-84.51756296889742,Stage 5,DPA,Homeowner,1,1,1654,AH,,,,,AH_DPA,,,285000.0,0.0,0.0,20000.0,,,2022-04-25 16:00:00,,265000.0,0.0,0.0,0,0,0,0,0,0.0,,0.0,0,0,0.0,20000.0,0.0,0.0,0.0,0,0.0,1.0,0.0,0.0,0.0,0.0,,,Yes,3a7e347f-8c46-4af9-8875-163c3d978c33
,,33.70412497953702,-84.49921598867476,Stage 5,DPA,Homeowner,1,1,1655,AH,,,,,AH_DPA,,,270000.0,0.0,0.0,20000.0,,,2022-04-26 16:00:00,,250000.0,0.0,0.0,0,0,0,0,0,0.0,,0.0,0,0,0.0,20000.0,0.0,0.0,0.0,0,0.0,0.0,0.0,1.0,0.0,0.0,,,Yes,922e356c-bdd0-4d7f-85d2-3054a7eb1c3f
,,33.66854099261971,-84.49221701570424,Stage 5,DPA,Homeowner,1,1,1656,AH,,,,,AH_DPA,,,315135.0,0.0,0.0,25000.0,,,2022-04-29 16:00:00,,290135.0,0.0,0.0,0,0,0,0,0,0.0,,0.0,0,0,0.0,25000.0,0.0,0.0,0.0,0,0.0,0.0,0.0,1.0,0.0,0.0,,,Yes,5084b219-e116-4f27-8443-23ab5db8fdb1
,,33.66626698228821,-84.4944590071656,Stage 5,DPA,Homeowner,1,1,1657,AH,,,,,AH_DPA,,,298530.0,0.0,0.0,25000.0,,,2022-04-29 16:00:00,,273530.0,0.0,0.0,0,0,0,0,0,0.0,,0.0,0,0,0.0,25000.0,0.0,0.0,0.0,0,0.0,0.0,0.0,1.0,0.0,0.0,,,Yes,7b083132-f383-4f95-80d1-b7b0fa6290b2
,,33.666265012540975,-84.4945869988271,Stage 5,DPA,Homeowner,1,1,1658,AH,,,,,AH_DPA,,,298335.0,0.0,0.0,25000.0,,,2022-05-03 16:00:00,,273335.0,0.0,0.0,0,0,0,0,0,0.0,,0.0,0,0,0.0,25000.0,0.0,0.0,0.0,0,0.0,0.0,1.0,0.0,0.0,0.0,,,Yes,395ebde4-0045-47b6-8cd8-4ecb71da325a
,,33.77197900031317,-84.38596298191044,Stage 5,DPA,Homeowner,1,1,1659,AH,,,,,AH_DPA,,,230000.0,0.0,0.0,25000.0,,,2022-05-03 16:00:00,,205000.0,0.0,0.0,0,0,0,0,0,0.0,,0.0,0,0,0.0,25000.0,0.0,0.0,0.0,0,0.0,0.0,0.0,1.0,0.0,0.0,,,Yes,6f6b718f-d6b0-43db-8ec4-de2e59a46a43
,,33.69412499186307,-84.3995219675822,Stage 5,DPA,Homeowner,1,1,1660,AH,,,,,AH_DPA,,,164258.0,0.0,0.0,20000.0,,,2022-05-11 16:00:00,,144258.0,0.0,0.0,0,0,0,0,0,0.0,,0.0,0,0,0.0,20000.0,0.0,0.0,0.0,0,0.0,1.0,0.0,0.0,0.0,0.0,,,Yes,07fa7504-9abe-47ab-876f-79d4c90d7e49
,,33.765805016162695,-84.4730969725517,Stage 5,DPA,Homeowner,1,1,1661,AH,,,,,AH_DPA,,,249000.0,0.0,0.0,20000.0,,,2022-05-13 16:00:00,,229000.0,0.0,0.0,0,0,0,0,0,0.0,,0.0,0,0,0.0,20000.0,0.0,0.0,0.0,0,0.0,1.0,0.0,0.0,0.0,0.0,,,Yes,e94f0bba-3b86-4248-886d-e6951067b167
,,33.72650998352396,-84.42014899310662,Stage 5,DPA,Homeowner,1,1,1662,AH,,,,,AH_DPA,,,170258.0,0.0,0.0,20000.0,,,2022-06-01 16:00:00,,150258.0,0.0,0.0,0,0,0,0,0,0.0,,0.0,0,0,0.0,20000.0,0.0,0.0,0.0,0,0.0,0.0,0.0,1.0,0.0,0.0,,,Yes,11533038-94a0-423b-816a-52094fd8aeb4
,,33.707030985367965,-84.41132796202382,Stage 5,DPA,Homeowner,1,1,1663,AH,,,,,AH_DPA,,,210000.0,0.0,0.0,25000.0,,,2022-06-06 16:00:00,,185000.0,0.0,0.0,0,0,0,0,0,0.0,,0.0,0,0,0.0,25000.0,0.0,0.0,0.0,0,0.0,1.0,0.0,0.0,0.0,0.0,,,Yes,198a776a-1b18-4a19-8933-c5f708da51d5
,,33.725238993635976,-84.44348597174672,Stage 5,DPA,Homeowner,1,1,1664,AH,,,,,AH_DPA,,,165000.0,0.0,0.0,25000.0,,,2022-06-16 16:00:00,,140000.0,0.0,0.0,0,0,0,0,0,0.0,,0.0,0,0,0.0,25000.0,0.0,0.0,0.0,0,0.0,1.0,0.0,0.0,0.0,0.0,,,Yes,7f6a1355-aba1-4861-8685-4444b01899da
,,33.68610501926676,-84.411792990012,Stage 5,DPA,Homeowner,1,1,1665,AH,,,,,AH_DPA,,,225000.0,0.0,0.0,25000.0,,,2022-06-17 16:00:00,,200000.0,0.0,0.0,0,0,0,0,0,0.0,,0.0,0,0,0.0,25000.0,0.0,0.0,0.0,0,0.0,1.0,0.0,0.0,0.0,0.0,,,Yes,fe67a886-394d-4038-89cb-e35d10e6b280
,,33.69932001163218,-84.49623898812395,Stage 5,DPA,Homeowner,1,1,1666,AH,,,,,AH_DPA,,,355000.0,0.0,0.0,20000.0,,,2022-06-22 16:00:00,,335000.0,0.0,0.0,0,0,0,0,0,0.0,,0.0,0,0,0.0,20000.0,0.0,0.0,0.0,0,0.0,0.0,0.0,1.0,0.0,0.0,,,Yes,887e374d-f3c7-420c-8039-6817ad8b9e5c
,,33.7938450597198,-84.4542399116113,Stage 5,DPA,Homeowner,1,1,1667,AH,,,,,AH_DPA,,,295700.0,0.0,0.0,25000.0,,,2022-06-24 16:00:00,,270700.0,0.0,0.0,0,0,0,0,0,0.0,,0.0,0,0,0.0,25000.0,0.0,0.0,0.0,0,0.0,0.0,0.0,1.0,0.0,0.0,,,Yes,2330e2c0-6729-41b4-8a70-55dc54fabd33
,,33.7938450597198,-84.4542399116113,Stage 5,DPA,Homeowner,1,1,1668,AH,,,,,AH_DPA,,,296260.0,0.0,0.0,20000.0,,,2022-06-24 16:00:00,,276260.0,0.0,0.0,0,0,0,0,0,0.0,,0.0,0,0,0.0,20000.0,0.0,0.0,0.0,0,0.0,0.0,1.0,0.0,0.0,0.0,,,Yes,b8e65136-08c7-4af2-8b76-75f62c70cadf
,,33.7938450597198,-84.4542399116113,Stage 5,DPA,Homeowner,1,1,1669,AH,,,,,AH_DPA,,,291535.0,0.0,0.0,20000.0,,,2022-06-27 16:00:00,,271535.0,0.0,0.0,0,0,0,0,0,0.0,,0.0,0,0,0.0,20000.0,0.0,0.0,0.0,0,0.0,0.0,0.0,1.0,0.0,0.0,,,Yes,37a4bff9-eb72-48eb-8bdf-95aee0361e01
,,33.74722599999942,-84.38573389999858,Stage 5,DPA,Homeowner,1,1,1670,AH,,,,,AH_DPA,,,234000.0,0.0,0.0,20000.0,,,2022-06-27 16:00:00,,214000.0,0.0,0.0,0,0,0,0,0,0.0,,0.0,0,0,0.0,20000.0,0.0,0.0,0.0,0,0.0,0.0,1.0,0.0,0.0,0.0,,,Yes,92b41e5d-b74d-45d2-8053-ca0b3b3bed58
,,33.70672098067902,-84.41241702270342,Stage 5,DPA,Homeowner,1,1,1671,AH,,,,,AH_DPA,,,225000.0,0.0,0.0,25000.0,,,2022-06-29 16:00:00,,200000.0,0.0,0.0,0,0,0,0,0,0.0,,0.0,0,0,0.0,25000.0,0.0,0.0,0.0,0,0.0,1.0,0.0,0.0,0.0,0.0,,,Yes,9c29f8f3-ef63-49ef-8c31-fbfe983333f6
,,33.72842499694248,-84.40018003080048,Stage 5,DPA,Homeowner,1,1,1672,AH,,,,,AH_DPA,,,220000.0,0.0,0.0,20000.0,,,2022-07-15 16:00:00,,200000.0,0.0,0.0,0,0,0,0,0,0.0,,0.0,0,0,0.0,20000.0,0.0,0.0,0.0,0,0.0,1.0,0.0,0.0,0.0,0.0,,,Yes,6db2ec80-ddc0-4362-8595-a7ebfa9210c5
,,33.77337500628705,-84.38197504001762,Stage 5,DPA,Homeowner,1,1,1673,AH,,,,,AH_DPA,,,234000.0,0.0,0.0,25000.0,,,2022-07-06 16:00:00,,209000.0,0.0,0.0,0,0,0,0,0,0.0,,0.0,0,0,0.0,25000.0,0.0,0.0,0.0,0,0.0,1.0,0.0,0.0,0.0,0.0,,,Yes,613320b8-9897-4e62-87d7-3efcded45383
,,33.74722599999942,-84.38573389999858,Stage 5,DPA,Homeowner,1,1,1674,AH,,,,,AH_DPA,,,229000.0,0.0,0.0,20000.0,,,2022-07-26 16:00:00,,209000.0,0.0,0.0,0,0,0,0,0,0.0,,0.0,0,0,0.0,20000.0,0.0,0.0,0.0,0,0.0,0.0,1.0,0.0,0.0,0.0,,,Yes,84fba048-f491-4856-8029-c1e0ec86f730
,,33.74722599999942,-84.38573389999858,Stage 5,DPA,Homeowner,1,1,1675,AH,,,,,AH_DPA,,,250000.0,0.0,0.0,20000.0,,,2022-07-11 16:00:00,,230000.0,0.0,0.0,0,0,0,0,0,0.0,,0.0,0,0,0.0,20000.0,0.0,0.0,0.0,0,0.0,0.0,1.0,0.0,0.0,0.0,,,Yes,4c4e4dbb-c5f7-4aa6-8c1b-d5ab53457c97
,,33.72832898224159,-84.4302610049165,Stage 5,DPA,Homeowner,1,1,1676,AH,,,,,AH_DPA,,,173258.0,0.0,0.0,25000.0,,,2022-07-07 16:00:00,,148258.0,0.0,0.0,0,0,0,0,0,0.0,,0.0,0,0,0.0,25000.0,0.0,0.0,0.0,0,0.0,0.0,1.0,0.0,0.0,0.0,,,Yes,078525b2-3706-4404-8d12-0d7b7f33158a
,,33.74722599999942,-84.38573389999858,Stage 5,DPA,Homeowner,1,1,1677,AH,,,,,AH_DPA,,,195000.0,0.0,0.0,20000.0,,,2022-07-07 16:00:00,,175000.0,0.0,0.0,0,0,0,0,0,0.0,,0.0,0,0,0.0,20000.0,0.0,0.0,0.0,0,0.0,0.0,1.0,0.0,0.0,0.0,,,Yes,4ca4b560-f800-4dd2-8802-e979fa2dca14
,,33.74722599999942,-84.38573389999858,Stage 5,DPA,Homeowner,1,1,1678,AH,,,,,AH_DPA,,,195000.0,0.0,0.0,20000.0,,,2022-07-01 16:00:00,,175000.0,0.0,0.0,0,0,0,0,0,0.0,,0.0,0,0,0.0,20000.0,0.0,0.0,0.0,0,0.0,0.0,1.0,0.0,0.0,0.0,,,Yes,a62ff4d2-af44-439b-8e2f-4bee50adf603
,,33.7938450597198,-84.4542399116113,Stage 5,DPA,Homeowner,1,1,1679,AH,,,,,AH_DPA,,,278885.0,0.0,0.0,20000.0,,,2022-07-29 16:00:00,,258885.0,0.0,0.0,0,0,0,0,0,0.0,,0.0,0,0,0.0,20000.0,0.0,0.0,0.0,0,0.0,0.0,1.0,0.0,0.0,0.0,,,Yes,c72c67e5-550e-438e-8c07-fedcd8dd3ae3
,,33.74722599999942,-84.38573389999858,Stage 5,DPA,Homeowner,1,1,1680,AH,,,,,AH_DPA,,,202500.0,0.0,0.0,20000.0,,,2022-07-25 16:00:00,,182500.0,0.0,0.0,0,0,0,0,0,0.0,,0.0,0,0,0.0,20000.0,0.0,0.0,0.0,0,0.0,0.0,1.0,0.0,0.0,0.0,,,Yes,23a307c3-daa0-4e99-8757-9b975ffba004
,,33.67511802058439,-84.40549700726079,Stage 5,DPA,Homeowner,1,1,1681,AH,,,,,AH_DPA,,,167258.0,0.0,0.0,25000.0,,,2022-07-06 16:00:00,,142258.0,0.0,0.0,0,0,0,0,0,0.0,,0.0,0,0,0.0,25000.0,0.0,0.0,0.0,0,0.0,0.0,0.0,1.0,0.0,0.0,,,Yes,cedb75b8-02e0-49b3-85cd-91f3dfb76dd1
,,33.69874798865,-84.4958690109178,Stage 5,DPA,Homeowner,1,1,1682,AH,,,,,AH_DPA,,,255000.0,0.0,0.0,25000.0,,,2022-07-25 16:00:00,,230000.0,0.0,0.0,0,0,0,0,0,0.0,,0.0,0,0,0.0,25000.0,0.0,0.0,0.0,0,0.0,0.0,0.0,1.0,0.0,0.0,,,Yes,ad5d9df1-0711-4187-8615-3ed82a3553d6
,,33.77754097980333,-84.50389501848441,Stage 5,DPA,Homeowner,1,1,1683,AH,,,,,AH_DPA,,,270000.0,0.0,0.0,20000.0,,,2022-07-13 16:00:00,,250000.0,0.0,0.0,0,0,0,0,0,0.0,,0.0,0,0,0.0,20000.0,0.0,0.0,0.0,0,0.0,0.0,0.0,1.0,0.0,0.0,,,Yes,8c826dbb-bb54-4cc4-85f4-e8d28bed76ea
,,33.74722599999942,-84.38573389999858,Stage 5,DPA,Homeowner,1,1,1684,AH,,,,,AH_DPA,,,282000.0,0.0,0.0,25000.0,,,2022-07-01 16:00:00,,257000.0,0.0,0.0,0,0,0,0,0,0.0,,0.0,0,0,0.0,25000.0,0.0,0.0,0.0,0,0.0,0.0,0.0,1.0,0.0,0.0,,,Yes,ec3bf0a6-a62e-4687-857c-b31eaad3d193
,,33.74722599999942,-84.38573389999858,Stage 5,DPA,Homeowner,1,1,1685,AH,,,,,AH_DPA,,,282000.0,0.0,0.0,25000.0,,,2022-07-29 16:00:00,,257000.0,0.0,0.0,0,0,0,0,0,0.0,,0.0,0,0,0.0,25000.0,0.0,0.0,0.0,0,0.0,0.0,0.0,1.0,0.0,0.0,,,Yes,8eb19cc9-7807-4230-87bd-a582f7a6e970
,,33.762347984017026,-84.52218701342221,Stage 5,DPA,Homeowner,1,1,1686,AH,,,,,AH_DPA,,,277500.0,0.0,0.0,20000.0,,,2022-07-08 16:00:00,,257500.0,0.0,0.0,0,0,0,0,0,0.0,,0.0,0,0,0.0,20000.0,0.0,0.0,0.0,0,0.0,0.0,0.0,1.0,0.0,0.0,,,Yes,e3121380-b206-446d-8e1a-337ee8c4af69
,,33.67317199412415,-84.51565197879246,Stage 5,DPA,Homeowner,1,1,1687,AH,,,,,AH_DPA,,,210000.0,0.0,0.0,20000.0,,,2022-07-19 16:00:00,,190000.0,0.0,0.0,0,0,0,0,0,0.0,,0.0,0,0,0.0,20000.0,0.0,0.0,0.0,0,0.0,0.0,0.0,1.0,0.0,0.0,,,Yes,a8cd62d2-4e65-4a05-846b-63058c9a8f4d
,,33.69375799023255,-84.53513596418087,Stage 5,DPA,Homeowner,1,1,1688,AH,,,,,AH_DPA,,,242000.0,0.0,0.0,20000.0,,,2022-07-27 16:00:00,,222000.0,0.0,0.0,0,0,0,0,0,0.0,,0.0,0,0,0.0,20000.0,0.0,0.0,0.0,0,0.0,0.0,0.0,1.0,0.0,0.0,,,Yes,d9a11f86-976b-4843-85aa-d07669c7ab16
,,33.692238015910725,-84.5192950053696,Stage 5,DPA,Homeowner,1,1,1689,AH,,,,,AH_DPA,,,164258.0,0.0,0.0,20000.0,,,2022-08-01 16:00:00,,144258.0,0.0,0.0,0,0,0,0,0,0.0,,0.0,0,0,0.0,20000.0,0.0,0.0,0.0,0,1.0,0.0,0.0,0.0,0.0,0.0,,,Yes,bd8fe4e1-982f-4cf8-8cf6-3eb2a43bcc81
,,33.78135298554846,-84.4541419690727,Stage 5,DPA,Homeowner,1,1,1690,AH,,,,,AH_DPA,,,172258.0,0.0,0.0,20000.0,2022-08-10 16:00:00,,2022-08-10 16:00:00,,152258.0,0.0,0.0,0,0,0,0,0,0.0,,0.0,0,0,0.0,20000.0,0.0,0.0,0.0,0,0.0,1.0,0.0,0.0,0.0,0.0,,,Yes,8c05212c-ee08-4a28-862e-b1283db6f84b
,,33.71480398518722,-84.43034800907148,Stage 5,DPA,Homeowner,1,1,1691,AH,,,,,AH_DPA,,,172258.0,0.0,0.0,20000.0,,,2022-08-10 16:00:00,,152258.0,0.0,0.0,0,0,0,0,0,0.0,,0.0,0,0,0.0,20000.0,0.0,0.0,0.0,0,0.0,1.0,0.0,0.0,0.0,0.0,,,Yes,dd500c4c-e81c-4d4a-8c83-5033df096e37
,,33.74722599999942,-84.38573389999858,Stage 5,DPA,Homeowner,1,1,1692,AH,,,,,AH_DPA,,,220000.0,0.0,0.0,20000.0,,,2022-08-01 16:00:00,,0.0,200000.0,0.0,0,0,0,0,0,0.0,,0.0,0,0,0.0,20000.0,0.0,0.0,0.0,0,0.0,1.0,0.0,0.0,0.0,0.0,,,Yes,9e4a4831-77a5-4c4b-8855-3ee3341657b7
,,33.76459406399127,-84.42995705620136,Stage 5,DPA,Homeowner,1,1,1693,AH,,,,,AH_DPA,,,310000.0,0.0,0.0,20000.0,,,2022-08-15 16:00:00,,290000.0,0.0,0.0,0,0,0,0,0,0.0,,0.0,0,0,0.0,20000.0,0.0,0.0,0.0,0,0.0,0.0,0.0,1.0,0.0,0.0,,,Yes,6be65278-4a61-4486-8554-2c09df5f4d60
,,33.6886980029236,-84.38146902452291,Stage 5,DPA,Homeowner,1,1,1694,AH,,,,,AH_DPA,,,303000.0,0.0,0.0,20000.0,,,2022-08-16 16:00:00,,283000.0,0.0,0.0,0,0,0,0,0,0.0,,0.0,0,0,0.0,20000.0,0.0,0.0,0.0,0,0.0,0.0,0.0,1.0,0.0,0.0,,,Yes,3e96b48f-ef60-4e9f-8c22-5ddb4bfbb731
,,33.69687501047592,-84.47818101592277,Stage 5,DPA,Homeowner,1,1,1695,AH,,,,,AH_DPA,,,250000.0,0.0,0.0,25000.0,,,2022-08-19 16:00:00,,225000.0,0.0,0.0,0,0,0,0,0,0.0,,0.0,0,0,0.0,25000.0,0.0,0.0,0.0,0,0.0,0.0,1.0,0.0,0.0,0.0,,,Yes,58530182-34f7-4a7d-87e6-fe767f884c39
,,33.75126501254329,-84.4769499658034,Stage 5,DPA,Homeowner,1,1,1696,AH,,,,,AH_DPA,,,140000.0,0.0,0.0,20000.0,,,2022-08-23 16:00:00,,120000.0,0.0,0.0,0,0,0,0,0,0.0,,0.0,0,0,0.0,20000.0,0.0,0.0,0.0,0,0.0,1.0,0.0,0.0,0.0,0.0,,,Yes,84472f5d-0a3f-4487-8dd5-afc7ac0aa797
,,33.68798600215837,-84.36764902638626,Stage 5,DPA,Homeowner,1,1,1697,AH,,,,,AH_DPA,,,253500.0,0.0,0.0,20000.0,,,2022-08-25 16:00:00,,233500.0,0.0,0.0,0,0,0,0,0,0.0,,0.0,0,0,0.0,20000.0,0.0,0.0,0.0,0,0.0,0.0,1.0,0.0,0.0,0.0,,,Yes,65d19cc9-7e73-42e6-8032-b51789271ece
,,33.70456000031184,-84.52063895972475,Stage 5,DPA,Homeowner,1,1,1698,AH,,,,,AH_DPA,,,297000.0,0.0,0.0,20000.0,,,2022-08-26 16:00:00,,277000.0,0.0,0.0,0,0,0,0,0,0.0,,0.0,0,0,0.0,20000.0,0.0,0.0,0.0,0,0.0,0.0,0.0,1.0,0.0,0.0,,,Yes,22bb6a13-3a88-4f51-852d-dfba16da53d2
,,33.74722599999942,-84.38573389999858,Stage 5,DPA,Homeowner,1,1,1699,AH,,,,,AH_DPA,,,280000.0,0.0,0.0,20000.0,,,2022-08-29 16:00:00,,260000.0,0.0,0.0,0,0,0,0,0,0.0,,0.0,0,0,0.0,20000.0,0.0,0.0,0.0,0,0.0,0.0,0.0,1.0,0.0,0.0,,,Yes,5ee69ae3-9f4c-4670-8fe1-e6bcafe2535e
,,33.70538800661701,-84.38601696136688,Stage 5,DPA,Homeowner,1,1,1700,AH,,,,,AH_DPA,,,264900.0,0.0,0.0,25000.0,,,2022-08-31 16:00:00,,239900.0,0.0,0.0,0,0,0,0,0,0.0,,0.0,0,0,0.0,25000.0,0.0,0.0,0.0,0,0.0,0.0,0.0,1.0,0.0,0.0,,,Yes,751bef3e-e27a-4129-8d98-2a95b7447f11
,,33.698918015555904,-84.49804797046725,Stage 5,DPA,Homeowner,1,1,1701,AH,,,,,AH_DPA,,,270000.0,0.0,0.0,25000.0,,,2022-08-31 16:00:00,,245000.0,0.0,0.0,0,0,0,0,0,0.0,,0.0,0,0,0.0,25000.0,0.0,0.0,0.0,0,0.0,0.0,1.0,0.0,0.0,0.0,,,Yes,5e9f103e-6934-4875-8257-0c0b972b4d98
,,33.694604017629565,-84.53520402523466,Stage 5,DPA,Homeowner,1,1,1703,IA,,,,,HOB,,Permanent,277037.0,0.0,0.0,30000.0,2022-09-02 16:00:00,,2022-09-02 16:00:00,14F0043LL141,243589.0,3448.0,0.0,0,0,0,0,0,0.0,,0.0,0,30000,0.0,0.0,0.0,0.0,0.0,0,0.0,0.0,0.0,1.0,0.0,0.0,,,Yes,382a19f2-1658-4ce6-8dba-89c752360713
,,33.666450509910725,-84.51603684242679,Stage 5,DPA,Homeowner,1,1,1704,IA,,,,,HOB,,Permanent,297408.0,0.0,0.0,30000.0,2022-09-07 16:00:00,,2022-09-07 16:00:00,14F0002LL335,263023.0,4385.0,0.0,0,0,0,0,0,0.0,,0.0,0,30000,0.0,0.0,0.0,0.0,0.0,0,0.0,0.0,0.0,0.0,1.0,0.0,,,Yes,56367dae-5c43-4462-8eca-46e9a8d29714
,,33.74250434128564,-84.50566528126394,Stage 5,DPA,Homeowner,1,1,1705,IA,AH,,,,"AH_DPA,HOME",,Permanent,274179.0,0.0,0.0,50000.0,2022-09-07 16:00:00,,2022-09-07 16:00:00,14F0012LL240,220700.0,3479.0,0.0,0,0,30000,0,0,0.0,,0.0,0,0,0.0,20000.0,0.0,0.0,0.0,0,0.0,0.0,0.0,0.0,1.0,0.0,,,Yes,a74235d7-0248-4bd2-812f-1c080ab44553
,,33.699476884203484,-84.49659322109197,Stage 5,DPA,Homeowner,1,1,1706,IA,,,,,HOB,,Permanent,298414.0,0.0,0.0,30000.0,2022-09-08 16:00:00,,2022-09-08 16:00:00,140231LL179,265414.0,3000.0,0.0,0,0,0,0,0,0.0,,0.0,0,30000,0.0,0.0,0.0,0.0,0.0,0,0.0,0.0,0.0,0.0,1.0,0.0,,,Yes,e6388a86-b58b-4abe-8939-12f50010d339
,,33.7148759857355,-84.35087801159867,Stage 5,DPA,Homeowner,1,1,1707,IA,AH,,,,"AH_DPA,HOME",,Permanent,357370.0,0.0,0.0,50000.0,2022-09-19 16:00:00,,2022-09-19 16:00:00,1400096LL125,301688.0,5682.0,0.0,0,0,30000,0,0,0.0,,0.0,0,0,0.0,20000.0,0.0,0.0,0.0,0,0.0,0.0,0.0,0.0,1.0,0.0,,,Yes,ad7fc4a7-8394-4e6f-8aea-eee8b66a84de
,,33.72243298390993,-84.38036496023665,Stage 5,DPA,Homeowner,1,1,1708,IA,,,,,HOB,,Permanent,247548.0,0.0,0.0,30000.0,2022-09-19 16:00:00,,2022-09-19 16:00:00,1400550014026,215048.0,2500.0,0.0,0,0,0,0,0,0.0,,0.0,0,30000,0.0,0.0,0.0,0.0,0.0,0,0.0,0.0,0.0,0.0,1.0,0.0,,,Yes,2cb409b3-2ae6-43c8-8ded-74b7ec1a4736
,,33.68558206138498,-84.38144849647554,Stage 5,DPA,Homeowner,1,1,1709,IA,AH,,,,"AH_DPA,HOB",,Permanent,206750.0,0.0,0.0,55000.0,2022-09-23 16:00:00,,2022-09-23 16:00:00,1400600003121,149750.0,2000.0,0.0,0,0,0,0,0,0.0,,0.0,0,30000,0.0,25000.0,0.0,0.0,0.0,0,0.0,0.0,0.0,0.0,0.0,0.0,,,Yes,5f599ae6-e284-478c-87f7-8294dee59d97
,,33.7488580994469,-84.53794523065385,Stage 5,DPA,Homeowner,1,1,1710,IA,AH,,,,"AH_DPA,HOB",,Permanent,237523.0,0.0,0.0,50000.0,2022-09-28 16:00:00,,2022-09-28 16:00:00,14F00580001050,185948.0,1575.0,0.0,0,0,0,0,0,0.0,,0.0,0,30000,0.0,20000.0,0.0,0.0,0.0,0,0.0,0.0,1.0,0.0,0.0,0.0,,,Yes,9964254c-60d6-4406-8197-c790ee295b7e
,,33.76867060461645,-84.49969673492808,Stage 5,DPA,Homeowner,1,1,1711,IA,AH,,,,"AH_DPA,HOB",,Permanent,211176.0,0.0,0.0,50000.0,2022-09-29 16:00:00,,2022-09-29 16:00:00,1402420006002,157458.0,3718.0,0.0,0,0,0,0,0,0.0,,0.0,0,30000,0.0,20000.0,0.0,0.0,0.0,0,0.0,0.0,1.0,0.0,0.0,0.0,,,Yes,01740c3a-7963-4679-875d-045ea0a9ef1d
,,33.698895014510626,-84.49623196139996,Stage 5,DPA,Homeowner,1,1,1712,IA,AH,,,,"AH_DPA,HOB",,,322712.0,0.0,0.0,50000.0,2022-09-29 16:00:00,,2022-09-29 16:00:00,140231LL404,269637.0,3075.0,0.0,0,0,0,0,0,0.0,,0.0,0,30000,0.0,20000.0,0.0,0.0,0.0,0,0.0,0.0,0.0,0.0,1.0,0.0,,,Yes,532ec0e0-449b-40f8-8493-e8a656ea42ad
,,33.69804617339445,-84.35894502801146,Stage 5,DPA,Homeowner,1,1,1713,IA,AH,,,,"AH_DPA,HOB",,,323484.0,0.0,0.0,50000.0,2022-09-29 16:00:00,,2022-09-29 16:00:00,1400070012084,267806.0,5678.0,0.0,0,0,0,0,0,0.0,,0.0,0,30000,0.0,20000.0,0.0,0.0,0.0,0,0.0,0.0,0.0,0.0,1.0,0.0,,,Yes,b04edc38-68b8-4109-8f1d-a84fbc0db057
,,33.78012499482376,-84.38369500654922,Stage 5,DPA,Homeowner,1,1,1714,IA,,,,,HOB,,,294490.0,0.0,0.0,30000.0,2022-09-30 16:00:00,,2022-09-30 16:00:00,1701060008125,257122.0,7368.0,0.0,0,0,0,0,0,0.0,,0.0,0,30000,0.0,0.0,0.0,0.0,0.0,0,0.0,0.0,0.0,0.0,0.0,0.0,,,Yes,b977a515-b269-411f-8cf1-356f8f59f703
,,33.70111670387176,-84.35198685345057,Stage 5,DPA,Homeowner,1,1,1715,IA,AH,,,,"AH_DPA,HOB",,Permanent,212410.0,0.0,0.0,55000.0,2022-09-30 16:00:00,,2022-09-30 16:00:00,14007001011,154850.0,2560.0,0.0,0,0,0,0,0,0.0,,0.0,0,30000,0.0,25000.0,0.0,0.0,0.0,0,0.0,0.0,0.0,0.0,1.0,0.0,,,Yes,aa50c437-bb09-43cf-8f0d-905c5da685b3
,,33.7656897361882,-84.44701493631351,Stage 5,DPA,Homeowner,1,1,1716,IA,AH,,,,"AH_DPA,HOB",,Permanent,327130.0,0.0,0.0,50000.0,2022-09-30 16:00:00,,2022-09-30 16:00:00,1401750017084,254000.0,23130.0,0.0,0,0,0,0,0,0.0,,0.0,0,30000,0.0,20000.0,0.0,0.0,0.0,0,0.0,0.0,0.0,0.0,1.0,0.0,,,Yes,51f63623-d2be-456f-8d7f-75fcf0814ef4
,,33.697371998644776,-84.50939962478884,Stage 5,DPA,Homeowner,1,1,1717,IA,,,,,HOB,,Permanent,318547.0,0.0,0.0,30000.0,2022-09-30 16:00:00,,2022-09-30 16:00:00,14F00070001002,286935.0,1612.0,0.0,0,0,0,0,0,0.0,,0.0,0,30000,0.0,0.0,0.0,0.0,0.0,0,0.0,0.0,0.0,0.0,1.0,0.0,,,Yes,3610d6af-012c-4b4a-8393-86c9226aa4e1
Owner Occupied Rehab - IA 2018 through YTD 2022,,0.0,0.0,Stage 5,Rehab_HomeFlex,Homeowner,1,1,1718,IA,,,,,HOB,,,29994.0,0.0,0.0,29994.0,,,2022-09-01 16:00:00,,0.0,0.0,0.0,0,0,0,0,0,0.0,,0.0,0,29994,0.0,0.0,0.0,0.0,0.0,0,0.0,1.0,0.0,0.0,0.0,0.0,,,Yes,9bc66159-1401-4357-880a-ac8f183f6fa6
Owner Occupied Rehab - IA - 2018 through YTD 2022,,0.0,0.0,Stage 5,Rehab_HomeFlex,Homeowner,1,1,1719,IA,,,,,HOB,,,30000.0,0.0,0.0,30000.0,,,2022-09-01 16:00:00,,0.0,0.0,0.0,0,0,0,0,0,0.0,,0.0,0,30000,0.0,0.0,0.0,0.0,0.0,0,0.0,1.0,0.0,0.0,0.0,0.0,,,Yes,157c3169-dcbe-40e4-8fad-020ca90f2b74
Owner Occupied Rehab - IA - 2018 through YTD 2022,,0.0,0.0,Stage 5,Rehab_HomeFlex,Homeowner,1,1,1720,IA,,,,,HOB,,,30000.0,0.0,0.0,30000.0,,,2022-09-01 16:00:00,,0.0,0.0,0.0,0,0,0,0,0,0.0,,0.0,0,30000,0.0,0.0,0.0,0.0,0.0,0,0.0,1.0,0.0,0.0,0.0,0.0,,,Yes,34add8b5-f70f-4dca-8434-5b0f8daf787d
Owner Occupied Rehab - IA - 2018 through YTD 2022,,0.0,0.0,Stage 5,Rehab_HomeFlex,Homeowner,1,1,1721,IA,,,,,HOB,,,21545.0,0.0,0.0,21545.0,,,2022-09-01 16:00:00,,0.0,0.0,0.0,0,0,0,0,0,0.0,,0.0,0,21545,0.0,0.0,0.0,0.0,0.0,0,0.0,1.0,0.0,0.0,0.0,0.0,,,Yes,cf24a79b-b69e-4f0d-8657-103fade1eafa
,,33.74722599999942,-84.38573389999858,Stage 5,DPA,Homeowner,1,1,1723,AH,IA,,,,"AH_DPA,Other",,Permanent,235465.0,0.0,0.0,40000.0,,,2022-09-30 17:00:00,,0.0,0.0,0.0,0,0,0,0,0,0.0,,0.0,0,0,0.0,20000.0,0.0,0.0,20000.0,0,0.0,0.0,0.0,1.0,0.0,0.0,,,Yes,d699204b-858e-4ecd-8742-21a8d98811b6
,,33.69843449926113,-84.5058041370649,Stage 5,DPA,Homeowner,1,1,1724,IA,AH,,,,"AH_DPA,Other",,Permanent,190000.0,0.0,0.0,40000.0,,,2022-09-30 17:00:00,,0.0,0.0,0.0,0,0,0,0,0,0.0,,0.0,0,0,0.0,20000.0,0.0,0.0,20000.0,0,0.0,1.0,0.0,0.0,0.0,0.0,,,Yes,10d0ab72-8563-45e8-842c-08a330b534e3
,,33.78937999894347,-84.49407503218116,Stage 5,DPA,Homeowner,1,1,1725,AH,IA,,,,"AH_DPA,Other",,Permanent,260000.0,0.0,0.0,40000.0,,,2022-09-30 17:00:00,,220000.0,0.0,0.0,0,0,0,0,0,0.0,,0.0,0,0,0.0,20000.0,0.0,0.0,20000.0,0,0.0,1.0,0.0,0.0,0.0,0.0,,,Yes,2ea6761e-20b5-49ed-8be5-86eb20df1af7
,,33.7323262532739,-84.40094656493787,Stage 5,DPA,Homeowner,1,1,1726,IA,AH,,,,"AH_DPA,Other",,,295000.0,0.0,0.0,65000.0,,,2022-09-30 17:00:00,,230000.0,0.0,0.0,0,0,0,0,0,0.0,,0.0,0,0,0.0,25000.0,0.0,0.0,40000.0,0,0.0,0.0,1.0,0.0,0.0,0.0,,,Yes,d2d81679-08fe-4c49-84ca-191debcc756f
,,33.732350319841615,-84.40094759069082,Stage 5,DPA,Homeowner,1,1,1727,IA,AH,,,,"AH_DPA,Other",,Permanent,290000.0,0.0,0.0,60000.0,,,2022-09-30 17:00:00,,230000.0,0.0,0.0,0,0,0,0,0,0.0,,0.0,0,0,0.0,20000.0,0.0,0.0,40000.0,0,0.0,0.0,0.0,1.0,0.0,0.0,,,Yes,f6aa2a7b-968d-453b-811f-0f02b4baaf86
,,33.7372210080443,-84.45228797590933,Stage 5,DPA,Homeowner,1,1,1728,AH,IA,,,,"AH_DPA,Other",,,325000.0,0.0,0.0,45000.0,,,2022-09-30 17:00:00,,280000.0,0.0,0.0,0,0,0,0,0,0.0,,0.0,0,0,0.0,25000.0,0.0,0.0,20000.0,0,0.0,0.0,0.0,1.0,0.0,0.0,,,Yes,177a72dc-72c8-4d17-886c-0e9b3de504ce
,,33.729976990134446,-84.40421197768497,Stage 5,DPA,Homeowner,1,1,1729,AH,IA,,,,"AH_DPA,Other",,,219900.0,0.0,0.0,45000.0,,,2022-09-30 17:00:00,,174900.0,0.0,0.0,0,0,0,0,0,0.0,,0.0,0,0,0.0,25000.0,0.0,0.0,20000.0,0,0.0,1.0,0.0,0.0,0.0,0.0,,,Yes,f0c02848-0f49-41fa-80cb-051e63fe6c38
,,33.765402014258036,-84.4090660216329,Stage 5,DPA,Homeowner,1,1,1730,AH,IA,,,,"AH_DPA,Other",,,265000.0,0.0,0.0,40000.0,,,2022-09-30 17:00:00,,225000.0,0.0,0.0,0,0,0,0,0,0.0,,0.0,0,0,0.0,20000.0,0.0,0.0,20000.0,0,0.0,0.0,0.0,1.0,0.0,0.0,,,Yes,883132dc-949c-4d84-8c58-2fe1191a0ac3
,,33.759708019792896,-84.47327500417515,Stage 5,DPA,Homeowner,1,1,1731,AH,IA,,,,"AH_DPA,Other",,,255000.0,0.0,0.0,40000.0,,,2022-09-30 17:00:00,,215000.0,0.0,0.0,0,0,0,0,0,0.0,,0.0,0,0,0.0,20000.0,0.0,0.0,20000.0,0,0.0,0.0,1.0,0.0,0.0,0.0,,,Yes,e1e95186-836d-41c4-8512-f2af0a05df78
,,33.75922199513727,-84.46286702736414,Stage 5,DPA,Homeowner,1,1,1732,AH,IA,,,,"AH_DPA,Other",,,290000.0,0.0,0.0,40000.0,,,2022-09-01 17:00:00,,250000.0,0.0,0.0,0,0,0,0,0,0.0,,0.0,0,0,0.0,20000.0,0.0,0.0,20000.0,0,0.0,0.0,1.0,0.0,0.0,0.0,,,Yes,f31a8223-6e01-49e4-863c-fe96d773aede
,,33.66626999977337,-84.49433503881764,Stage 5,DPA,Homeowner,1,1,1733,IA,AH,,,,"AH_DPA,Other",,,311127.0,0.0,0.0,45000.0,,,2022-09-30 17:00:00,,266127.0,0.0,0.0,0,0,0,0,0,0.0,,0.0,0,0,0.0,20000.0,0.0,0.0,25000.0,0,0.0,0.0,0.0,1.0,0.0,0.0,,,Yes,107ad484-7afb-47d0-8d68-1fafc9b99e1c
,,33.697221015439,-84.52830697620675,Stage 5,DPA,Homeowner,1,1,1734,AH,IA,,,,"AH_DPA,Other",,,315000.0,0.0,0.0,40000.0,,,2022-09-30 17:00:00,,275000.0,0.0,0.0,0,0,0,0,0,0.0,,0.0,0,0,0.0,20000.0,0.0,0.0,20000.0,0,0.0,1.0,0.0,0.0,0.0,0.0,,,Yes,b27e3c7d-da83-408a-83d6-12b676dab93f
,,33.66626999977337,-84.49433503881764,Stage 5,DPA,Homeowner,1,1,1735,IA,AH,,,,"AH_DPA,Other",,,311127.0,0.0,0.0,45000.0,,,2022-09-30 17:00:00,,266127.0,0.0,0.0,0,0,0,0,0,0.0,,0.0,0,0,0.0,20000.0,0.0,0.0,25000.0,0,0.0,0.0,0.0,1.0,0.0,0.0,,,Yes,12b0f502-04fb-4302-8b2a-807a93a67778
,,33.69890100029246,-84.47172896213443,Stage 5,DPA,Homeowner,1,1,1736,AH,IA,,,,"AH_DPA,Other",,,289900.0,0.0,0.0,40000.0,,,2022-09-30 17:00:00,,249900.0,0.0,0.0,0,0,0,0,0,0.0,,0.0,0,0,0.0,20000.0,0.0,0.0,20000.0,0,0.0,0.0,0.0,1.0,0.0,0.0,,,Yes,1d4fa5fe-887a-4291-8bd4-36ddfe11cb1b
,,33.7323262532739,-84.40094656493787,Stage 5,DPA,Homeowner,1,1,1737,AH,IA,,,,"AH_DPA,Other",,,270000.0,0.0,0.0,40000.0,,,2022-09-30 17:00:00,,230000.0,0.0,0.0,0,0,0,0,0,0.0,,0.0,0,0,0.0,20000.0,0.0,0.0,20000.0,0,0.0,0.0,0.0,1.0,0.0,0.0,,,Yes,37680c71-840a-4ab1-8339-ba00490490fc
,,33.76341239879996,-84.3753720605225,Stage 5,DPA,Homeowner,1,1,1738,AH,IA,,,,"AH_DPA,Other",,,220000.0,0.0,0.0,45000.0,,,2022-09-30 17:00:00,,175000.0,0.0,0.0,0,0,0,0,0,0.0,,0.0,0,0,0.0,25000.0,0.0,0.0,20000.0,0,0.0,0.0,1.0,0.0,0.0,0.0,,,Yes,9f267cc6-41d3-41a3-8054-4b5d74ef188a
,,33.678885979428365,-84.39032500814196,Stage 5,DPA,Homeowner,1,1,1739,AH,IA,,,,"AH_DPA,Other",,,295000.0,0.0,0.0,45000.0,,,2022-09-30 17:00:00,,250000.0,0.0,0.0,0,0,0,0,0,0.0,,0.0,0,0,0.0,25000.0,0.0,0.0,20000.0,0,0.0,0.0,0.0,1.0,0.0,0.0,,,Yes,bf868eb2-0c8b-45a8-8a5a-f6524c19fdb5
,,33.837194984702954,-84.37896300311152,Stage 5,DPA,Homeowner,1,1,1740,AH,IA,,,,"AH_DPA,Other",,,307000.0,0.0,0.0,40000.0,,,2022-09-30 17:00:00,,267000.0,0.0,0.0,0,0,0,0,0,0.0,,0.0,0,0,0.0,20000.0,0.0,0.0,20000.0,0,0.0,0.0,0.0,1.0,0.0,0.0,,,Yes,e7ffe313-87d2-433a-84b6-24e9acd96c7f
,,33.76607927521874,-84.41549867501489,Stage 5,DPA,Homeowner,1,1,1741,AH,"IA,Other",,,"ANDP,  VCRI","AH_DPA,Other","ANDP         $40,000     IA/VCRI       $10,000 ",,305000.0,0.0,0.0,75000.0,,,2022-09-30 17:00:00,,230000.0,0.0,0.0,0,0,0,0,0,0.0,,0.0,0,0,0.0,25000.0,0.0,0.0,50000.0,0,0.0,0.0,0.0,1.0,0.0,0.0,,,Yes,7c0eb837-2f33-439a-8ba4-f1914c72fdf1
,,33.774256992048706,-84.50827598781709,Stage 5,DPA,Homeowner,1,1,1742,AH,IA,,,,"AH_DPA,Other",,,235000.0,0.0,0.0,45000.0,,,2022-09-30 17:00:00,,190000.0,0.0,0.0,0,0,0,0,0,0.0,,0.0,0,0,0.0,25000.0,0.0,0.0,20000.0,0,1.0,0.0,0.0,0.0,0.0,0.0,,,Yes,d60d7cfe-769e-4885-8ea9-7f1cbfa241cf
,,33.707842018319226,-84.40176597070031,Stage 5,DPA,Homeowner,1,1,1743,AH,IA,,,,"AH_DPA,Other",,,319000.0,0.0,0.0,40000.0,,,2022-09-30 17:00:00,,279000.0,0.0,0.0,0,0,0,0,0,0.0,,0.0,0,0,0.0,20000.0,0.0,0.0,20000.0,0,0.0,0.0,0.0,1.0,0.0,0.0,,,Yes,c33a22ef-5566-403b-84af-52c5f50068a9
,,33.69440100793466,-84.41523501855099,Stage 5,DPA,Homeowner,1,1,1744,IA,AH,,,,"AH_DPA,Other",,,280000.0,0.0,0.0,50000.0,,,2022-09-30 17:00:00,,230000.0,0.0,0.0,0,0,0,0,0,0.0,,0.0,0,0,0.0,20000.0,0.0,0.0,30000.0,0,0.0,0.0,1.0,0.0,0.0,0.0,,,Yes,d52a3d30-f1b0-4bd3-855f-f363bfdbd9b6
,,33.68994099725499,-84.53266900243825,Stage 5,DPA,Homeowner,1,1,1745,IA,AH,,,,"AH_DPA,Other",,,278000.0,0.0,0.0,55000.0,,,2022-09-30 17:00:00,,223000.0,0.0,0.0,0,0,0,0,0,0.0,,0.0,0,0,0.0,25000.0,0.0,0.0,30000.0,0,0.0,1.0,0.0,0.0,0.0,0.0,,,Yes,c2730c4b-638b-43eb-8591-6388b4ce7f65
,,33.82677091284519,-84.35387576093002,Stage 5,DPA,Homeowner,1,1,1746,IA,AH,,,,"AH_DPA,Other",,,234000.0,0.0,0.0,55000.0,,,2022-09-30 17:00:00,,179000.0,0.0,0.0,0,0,0,0,0,0.0,,0.0,0,0,0.0,25000.0,0.0,0.0,30000.0,0,0.0,1.0,0.0,0.0,0.0,0.0,,,Yes,823f64a5-0e5f-4356-8d70-e722274c9668
,,33.74254498339375,-84.48924001515341,Stage 5,DPA,Homeowner,1,1,1747,AH,IA,,,,"AH_DPA,Other",,,231500.0,0.0,0.0,47500.0,,,2022-09-30 17:00:00,,184000.0,0.0,0.0,0,0,0,0,0,0.0,,0.0,0,0,0.0,20000.0,0.0,0.0,27500.0,0,0.0,1.0,0.0,0.0,0.0,0.0,,,Yes,ba280688-b8c4-4b06-8a2e-0dd116de3288
,,33.76341198280611,-84.3753720281531,Stage 5,DPA,Homeowner,1,1,1748,IA,AH,,,,"AH_DPA,Other",,,260000.0,0.0,0.0,50000.0,,,2022-09-30 17:00:00,,210000.0,0.0,0.0,0,0,0,0,0,0.0,,0.0,0,0,0.0,20000.0,0.0,0.0,30000.0,0,0.0,0.0,1.0,0.0,0.0,0.0,,,Yes,dd4010c5-213a-4d2b-8957-e7ca468584fd
,,33.76760100655611,-84.47628896891896,Stage 5,DPA,Homeowner,1,1,1749,IA,AH,,,,"AH_DPA,Other",,,324000.0,0.0,0.0,55000.0,,,2022-09-30 17:00:00,,269000.0,0.0,0.0,0,0,0,0,0,0.0,,0.0,0,0,0.0,25000.0,0.0,0.0,30000.0,0,0.0,1.0,0.0,0.0,0.0,0.0,,,Yes,5c6a2768-58fe-4ab2-8790-0446f53f0114
,,33.746170712544824,-84.45859638660365,Stage 5,DPA,Homeowner,1,1,1750,IA,AH,,,,"AH_DPA,HOB",,Permanent,224595.0,0.0,0.0,50000.0,2022-10-05 16:00:00,,2022-10-05 16:00:00,1401810001024,172070.0,2525.0,0.0,0,0,0,0,0,0.0,,0.0,0,30000,0.0,20000.0,0.0,0.0,0.0,0,,,,,,,,,Yes,711a6bb9-beac-483a-895b-fe6d67f40e40
,,33.74232969876095,-84.50598732009234,Stage 5,DPA,Homeowner,1,1,1751,IA,AH,,,,HOB,,Permanent,249739.0,0.0,0.0,30000.0,2022-10-06 16:00:00,,2022-10-06 16:00:00,14F0012LL221,217439.0,2300.0,0.0,0,0,0,0,0,0.0,,0.0,0,30000,0.0,0.0,0.0,0.0,0.0,0,,,,,,,,,Yes,488dd10d-d66a-4334-8b08-1bab68f3d3eb
,,33.769722194555435,-84.41476094907182,Stage 5,DPA,Homeowner,1,1,1752,IA,AH,,,,"AH_DPA,HOB",,Permanent,274693.0,0.0,0.0,50000.0,2022-10-13 16:00:00,,2022-10-13 16:00:00,1401110001107,223200.0,1493.0,0.0,0,0,0,0,0,0.0,,0.0,0,30000,0.0,20000.0,0.0,0.0,0.0,0,,,,,,,,,Yes,cfe2d45a-5e8d-4df3-8dea-5d198e07739a
,,33.775439496510295,-84.51132279411422,Stage 5,DPA,Homeowner,1,1,1753,IA,,,,,HOB,,,256372.0,0.0,0.0,30000.0,2022-10-13 16:00:00,,2022-10-13 16:00:00,14F00160002031,218101.0,8271.0,0.0,0,0,0,0,0,0.0,,0.0,0,30000,0.0,0.0,0.0,0.0,0.0,0,,,,,,,,,Yes,786d2cb0-512d-48a4-833f-03d464a445ed
,,33.66024000000002,-84.41124999999994,Stage 5,DPA,Homeowner,1,1,1754,IA,AH,,,,"AH_DPA,HOB",,Permanent,265324.0,0.0,0.0,50000.0,2022-10-21 16:00:00,,2022-10-21 16:00:00,1400350004029,212630.0,2694.0,0.0,0,0,0,0,0,0.0,,0.0,0,30000,0.0,20000.0,0.0,0.0,0.0,0,,,,,,,,,Yes,1bb80018-1516-4bfc-8301-3d1bab2e907a
,,33.66024000000002,-84.41124999999994,Stage 5,DPA,Homeowner,1,1,1755,IA,AH,,,,"AH_DPA,HOB",,Permanent,266967.0,0.0,0.0,55000.0,2022-10-21 16:00:00,,2022-10-21 16:00:00,1400350004070,209503.0,2464.0,0.0,0,0,0,0,0,0.0,,0.0,0,30000,0.0,25000.0,0.0,0.0,0.0,0,,,,,,,,,Yes,41c44046-d453-4214-83d1-e20c7915e07d
,,33.66024000000002,-84.41124999999994,Stage 5,DPA,Homeowner,1,1,1756,IA,AH,,,,"AH_DPA,HOB",,Permanent,267269.0,0.0,0.0,55000.0,2022-10-21 16:00:00,,2022-10-21 16:00:00,140035004029,210454.0,1815.0,0.0,0,0,0,0,0,0.0,,0.0,0,30000,0.0,25000.0,0.0,0.0,0.0,0,,,,,,,,,Yes,fc3e8e06-b3f0-4495-873e-b67135969fe2
,,33.679499539786,-84.37730539131849,Stage 5,DPA,Homeowner,1,1,1757,IA,AH,,,,"AH_DPA,HOB",,,269259.0,0.0,0.0,50000.0,2022-10-24 16:00:00,,2022-10-24 16:00:00,14003500040691,216473.0,2786.0,0.0,0,0,0,0,0,0.0,,0.0,0,30000,0.0,20000.0,0.0,0.0,0.0,0,,,,,,,,,Yes,a265040e-c6f6-4b79-81bd-ec6a25524364
,,33.66024000000002,-84.41124999999994,Stage 5,"DPA,New_Construction",Homeowner,1,1,1758,IA,"IA,AH,Other",,,Atlanta Neighborhood Development Partnership,"AH_DPA,HOB,Other",20000,Permanent,265510.0,0.0,0.0,70000.0,2022-10-24 16:00:00,,2022-10-24 16:00:00,,193325.0,2185.0,0.0,0,0,0,0,0,0.0,,0.0,0,30000,0.0,20000.0,0.0,0.0,20000.0,0,,,,,,,,,Yes,eec38350-0791-41d8-88c8-47030453aad6
,,33.66024000000002,-84.41124999999994,Stage 5,"DPA,New_Construction",Homeowner,1,1,1759,IA,"IA,AH,Other",,,Atlanta Neighborhood Development Partnership,"AH_DPA,HOB,Other",,Permanent,259803.0,0.0,0.0,80000.0,2022-10-24 16:00:00,,2022-10-24 16:00:00,14003500040229,177604.0,2199.0,0.0,0,0,0,0,0,0.0,,0.0,0,30000,0.0,20000.0,0.0,0.0,30000.0,0,,,,,,,,,Yes,0b0f8bad-1c72-48ba-8808-1cdef902f13a
,,33.66024000000002,-84.41124999999994,Stage 5,"DPA,New_Construction",Homeowner,1,1,1760,IA,AH,,,Atlanta Neighborhood Development Partnership,"AH_DPA,HOB,Other",20000,,255281.0,0.0,0.0,60000.0,2022-10-24 16:00:00,,2022-10-24 16:00:00,1400035004069,193096.0,2185.0,0.0,0,0,0,0,0,0.0,,0.0,0,20000,0.0,20000.0,0.0,0.0,20000.0,0,,,,,,,,,Yes,9a7e91be-ab92-4aeb-80e2-5142d0346fd6
,,33.66024000000002,-84.41124999999994,Stage 5,"DPA,New_Construction",Homeowner,1,1,1761,IA,AH,,,,"AH_DPA,HOB",,,267167.0,0.0,0.0,50000.0,2022-10-25 16:00:00,,2022-10-25 16:00:00,1400350004029,215252.0,1915.0,0.0,0,0,0,0,0,0.0,,0.0,0,30000,0.0,20000.0,0.0,0.0,0.0,0,,,,,,,,,Yes,7483a6d4-418f-452e-8ac1-5d7fff22dc68
,,33.66024000000002,-84.41124999999994,Stage 5,"DPA,New_Construction",Homeowner,1,1,1762,IA,"AH,Other",,,Atlanta Neighborhood Development Partnership,"AH_DPA,HOB,Other",,,265559.0,0.0,0.0,70000.0,2022-10-25 16:00:00,,2022-10-25 16:00:00,,193274.0,2285.0,0.0,0,0,0,0,0,0.0,,0.0,0,30000,0.0,20000.0,0.0,0.0,20000.0,0,,,,,,,,,Yes,060eb04c-ef18-46f6-85a6-4a794bdcdce2
,,33.708717481550025,-84.44420420328669,Stage 5,DPA,Homeowner,1,1,1763,IA,AH,,,,"AH_DPA,HOB",,,307360.0,0.0,0.0,40000.0,2022-10-25 16:00:00,,2022-10-25 16:00:00,140153005047,265058.0,2302.0,0.0,0,0,0,0,0,0.0,,0.0,0,20000,0.0,20000.0,0.0,0.0,0.0,0,,,,,,,,,Yes,6eb4846e-eee0-4560-8c2d-83589fd916ba
Owner Occupied Rehab - IA - 2018 through YTD 2022,,0.0,0.0,Stage 5,Rehab_HomeFlex,Homeowner,1,1,1764,IA,,,,,HOB,,,29945.0,0.0,0.0,29945.0,,,2022-10-07 16:00:00,,0.0,0.0,0.0,0,0,0,0,0,0.0,,0.0,0,29945,0.0,0.0,0.0,0.0,0.0,0,0.0,1.0,0.0,0.0,0.0,0.0,,,Yes,bd2476ee-0b48-4212-81c6-774fde828588
Owner Occupied Rehab - IA - 2018,,0.0,0.0,Stage 5,Rehab_HomeFlex,Homeowner,1,1,1765,IA,,,,,HOB,,,29945.0,0.0,0.0,29945.0,,,2022-10-01 16:00:00,,0.0,0.0,0.0,0,0,0,0,0,0.0,,0.0,0,29945,0.0,0.0,0.0,0.0,0.0,0,0.0,1.0,0.0,0.0,0.0,0.0,,,Yes,b640e011-eb34-4780-8117-7d5842c088b1
,,33.73078000000004,-84.38942499999996,Stage 5,"DPA,New_Construction",Homeowner,1,1,1766,IA,"AH,Other",,,Atlanta Neighborhood Development Partnership,"AH_DPA,HOB,Other",Atlanta Neighborhood Development Partnership,,259541.0,0.0,0.0,65000.0,2022-10-31 16:00:00,,2022-10-31 16:00:00,1400350004070,192307.0,2234.0,0.0,0,0,0,0,0,0.0,,0.0,0,20000,0.0,25000.0,0.0,0.0,20000.0,0,,,,,,,,,Yes,5e7b1078-0dde-4192-8a9e-0a52a804a678
,,33.747075099999435,-84.36711219999857,Stage 5,DPA,Homeowner,1,1,1769,AH,,,,,AH_DPA,,,179000.0,159000.0,0.0,20000.0,2022-10-21 17:00:00,,2022-10-21 17:00:00,,159000.0,0.0,0.0,0,0,0,0,0,0.0,,0.0,0,0,0.0,20000.0,0.0,0.0,0.0,0,0.0,0.0,0.0,1.0,0.0,0.0,,,Yes,33f04193-000e-4570-8cf1-b87e6b07cecf
,,33.76512800984323,-84.38818896393673,Stage 5,DPA,Homeowner,1,1,1771,IA,AH,,,Atlanta Housing,"AH_DPA,HOB",,Permanent,272585.0,0.0,0.0,50000.0,2022-11-14 17:00:00,,2022-11-14 17:00:00,1400790013140,218762.0,3823.0,0.0,0,0,0,0,0,0.0,,0.0,0,30000,0.0,20000.0,0.0,0.0,0.0,0,,,,,,,,,Yes,90620862-5de4-45fc-8ecf-f486fd8cce5d
,,33.68957803850267,-84.36253323906945,Stage 5,DPA,Homeowner,1,1,1772,IA,AH,,,,"AH_DPA,HOB",,Permanent,283745.0,0.0,0.0,40000.0,2022-11-14 17:00:00,,2022-11-14 17:00:00,1400270002029,241045.0,2700.0,0.0,0,0,0,0,0,0.0,,0.0,0,20000,0.0,20000.0,0.0,0.0,0.0,0,,,,,,,,,Yes,9c8e71e3-e835-4196-8e5a-0af525f36587
,,33.7448503941642,-84.50393225861175,Stage 5,DPA,Homeowner,1,1,1773,IA,AH,,,,"AH_DPA,HOB",,Permanent,266705.0,0.0,0.0,45000.0,2022-11-15 17:00:00,,2022-11-15 17:00:00,140245LL179,219600.0,2105.0,0.0,0,0,0,0,0,0.0,,0.0,0,20000,0.0,25000.0,0.0,0.0,0.0,0,,,,,,,,,Yes,ec0cbe96-0fc0-4f17-8dbc-c91cfbf31733
,,33.7279227704131,-84.4324820945413,Stage 5,DPA,Homeowner,1,1,1774,IA,AH,,,,"AH_DPA,HOB",,Permanent,264682.0,0.0,0.0,40000.0,2022-11-18 17:00:00,,2022-11-18 17:00:00,14013800020541,223000.0,1682.0,0.0,0,0,0,0,0,0.0,,0.0,0,20000,0.0,20000.0,0.0,0.0,0.0,0,,,,,,,,,Yes,c65e0275-233d-4dfa-8a75-eeb33ab02d67
,,33.76824566646731,-84.47057806309414,Stage 5,DPA,Homeowner,1,1,1775,IA,AH,,,,"AH_DPA,HOB",,Permanent,265000.0,0.0,0.0,45000.0,2022-11-18 17:00:00,,2022-11-18 17:00:00,1402070003036,217500.0,2500.0,0.0,0,0,0,0,0,0.0,,0.0,0,20000,0.0,25000.0,0.0,0.0,0.0,0,,,,,,,,,Yes,309f6b3b-ff47-4a7b-8db4-bce42c8bd8dc
,,33.69104442991945,-84.52853443376846,Stage 5,DPA,Homeowner,1,1,1776,IA,AH,,,,"AH_DPA,HOB",,Permanent,217921.0,0.0,0.0,40000.0,2022-11-18 17:00:00,,2022-11-18 17:00:00,14F00430003044,172402.0,5519.0,0.0,0,0,0,0,0,0.0,,0.0,0,20000,0.0,20000.0,0.0,0.0,0.0,0,,,,,,,,,Yes,a42a31ea-f088-4932-823e-f44d602a07c5
,,33.72573825322868,-84.4349379446698,Stage 5,DPA,Homeowner,1,1,1777,IA,AH,,,,"AH_DPA,HOB",,Permanent,296334.0,0.0,0.0,40000.0,2022-11-07 17:00:00,,2022-11-07 17:00:00,14013800050324,254171.0,2163.0,0.0,0,0,0,0,0,0.0,,0.0,0,20000,0.0,20000.0,0.0,0.0,0.0,0,,,,,,,,,Yes,5d0c5dcf-cb52-46d6-847a-08645021827e
,,33.775959745581005,-84.48497301207664,Stage 5,DPA,Homeowner,1,1,1778,IA,,,,,HOB,,Permanent,300958.0,0.0,0.0,20000.0,2022-11-22 17:00:00,,2022-11-22 17:00:00,1402400006027,277265.0,3693.0,0.0,0,0,0,0,0,0.0,,0.0,0,20000,0.0,0.0,0.0,0.0,0.0,0,,,,,,,,,Yes,99860a0a-1adb-4ccc-8871-daf68b7a64d3
,,33.66024000000002,-84.41124999999994,Stage 5,DPA,Homeowner,1,1,1779,IA,,,,,HOB,,Construction,281729.0,0.0,0.0,20000.0,2022-11-29 17:00:00,,2022-11-29 17:00:00,1400350004029,259119.0,2610.0,0.0,0,0,0,0,0,0.0,,0.0,0,20000,0.0,0.0,0.0,0.0,0.0,0,,,,,,,,,Yes,80486d68-dbd1-4c32-8355-1511cb0dd387
,,33.66024000000002,-84.41124999999994,Stage 5,"DPA,New_Construction",Homeowner,1,1,1780,IA,,,,,HOB,,Permanent,284065.0,0.0,0.0,20000.0,2022-11-29 17:00:00,,2022-11-29 17:00:00,1400350004029,262065.0,2000.0,0.0,0,0,0,0,0,0.0,,0.0,0,20000,0.0,0.0,0.0,0.0,0.0,0,,,,,,,,,Yes,2b75bd14-0845-4df8-8aa8-aa13e739bb8b
,,33.77197900031317,-84.38596298191044,Stage 5,DPA,Homeowner,1,1,1781,IA,AH,,,,"AH_DPA,HOB",,Permanent,199961.0,0.0,0.0,40000.0,2022-11-30 17:00:00,,2022-11-30 17:00:00,14004900081517,154000.0,5961.0,0.0,0,0,0,0,0,0.0,,0.0,0,20000,0.0,20000.0,0.0,0.0,0.0,0,,,,,,,,,Yes,5d5b92e7-cbdd-4046-8e1a-64914c5500b3
,,33.66024000000002,-84.41124999999994,Stage 5,"DPA,New_Construction",Homeowner,1,1,1782,IA,AH,,,,"AH_DPA,HOB",,Permanent,286377.0,0.0,0.0,40000.0,2022-11-30 17:00:00,,2022-11-30 17:00:00,1400350004029,243767.0,2610.0,0.0,0,0,0,0,0,0.0,,0.0,0,20000,0.0,20000.0,0.0,0.0,0.0,0,,,,,,,,,Yes,a2fb1409-1185-42d3-8f2d-46786aee53e8
,,33.78967898142973,-84.38880000467822,Stage 5,DPA,Homeowner,1,1,1783,IA,,,,,HOB,,Permanent,238966.0,,0.0,20000.0,2022-12-05 17:00:00,,2022-12-05 17:00:00,1700800083431,218966.0,0.0,0.0,0,0,0,0,0,0.0,,0.0,0,20000,0.0,0.0,0.0,0.0,0.0,0,,,,,,,,,Yes,c2118f11-37db-45c8-8392-090c1fe67ab7
,,33.74241287184223,-84.33520305724531,Stage 5,DPA,Homeowner,1,1,1784,IA,AH,,,,"AH_DPA,HOB",,Permanent,316656.0,,0.0,40000.0,2022-12-01 17:00:00,,2022-12-01 17:00:00,1517803029,273656.0,3000.0,0.0,0,0,0,0,0,0.0,,0.0,0,20000,0.0,20000.0,0.0,0.0,0.0,0,,,,,,,,,Yes,8fac9eed-5a27-41eb-8900-0d99c24bc502
,,33.832606982361796,-84.38383498433225,Stage 5,DPA,Homeowner,1,1,1785,IA,AH,,,,"AH_DPA,HOB",,Permanent,180160.0,,0.0,45000.0,2022-12-21 17:00:00,,2022-12-21 17:00:00,17010000140548,133159.0,2001.0,0.0,0,0,0,0,0,0.0,,0.0,0,20000,0.0,25000.0,0.0,0.0,0.0,0,,,,,,,,,Yes,314dbcb2-e8c4-4cdd-80e6-0fb21f236b57
,,33.76481939777865,-84.41522208798175,Stage 5,DPA,Homeowner,1,1,1786,IA,"AH,Other",,,ANDP,"AH_DPA,HOB,Other",,,303794.0,,0.0,100000.0,2022-12-16 17:00:00,,2022-12-16 17:00:00,1401110007115,201719.0,2075.0,0.0,0,0,0,0,0,0.0,,0.0,0,20000,0.0,20000.0,0.0,0.0,60000.0,0,,,,,,,,,Yes,d4f1b448-2add-48bb-8fbe-f36328ca949b
,,33.82831301718406,-84.36183802055281,Stage 5,DPA,Homeowner,1,1,1787,IA,,,,,HOB,,Permanent,209184.0,,0.0,20000.0,2022-12-16 17:00:00,,2022-12-16 17:00:00,17004800051662,178850.0,10334.0,0.0,0,0,0,0,0,0.0,,0.0,0,20000,0.0,0.0,0.0,0.0,0.0,0,,,,,,,,,Yes,54bd01b8-2eb9-4ab3-80ec-ff55e3ccc43b
,,33.74518258769151,-84.48850372093496,Stage 5,DPA,Homeowner,1,1,1788,IA,AH,,,,"AH_DPA,HOB",,Permanent,342662.0,,0.0,40000.0,2022-12-19 17:00:00,,2022-12-19 17:00:00,1402360002051,298760.0,3902.0,0.0,0,0,0,0,0,0.0,,0.0,0,20000,0.0,20000.0,0.0,0.0,0.0,0,,,,,,,,,Yes,6176735e-b129-479b-8f25-5abeb6b89111
,,33.74409409999943,-84.37786099999857,Stage 5,DPA,Homeowner,1,1,1789,AH,,,,,AH_DPA,,Permanent,225000.0,,0.0,20000.0,,,2022-11-01 18:00:00,,205000.0,0.0,0.0,0,0,0,0,0,0.0,,0.0,0,0,0.0,20000.0,0.0,0.0,0.0,0,0.0,1.0,0.0,0.0,0.0,0.0,,,Yes,45a5dd7a-77df-4f35-8c68-addc3fde2128
,,0.0,0.0,Stage 5,DPA,Homeowner,1,1,1790,AH,,,,,AH_DPA,,Permanent,149258.0,124258.0,0.0,25000.0,2022-11-02 18:00:00,,2022-11-02 18:00:00,,124258.0,0.0,0.0,0,0,0,0,0,0.0,,0.0,0,0,0.0,25000.0,0.0,0.0,0.0,0,0.0,1.0,0.0,0.0,0.0,0.0,,,Yes,5188d591-6498-472c-86f8-d9e21c760a7c
,,33.74409409999943,-84.37786099999857,Stage 5,DPA,Homeowner,1,1,1791,AH,,,,,AH_DPA,,Permanent,256000.0,236000.0,0.0,20000.0,2022-11-07 18:00:00,,2022-11-07 18:00:00,,236000.0,0.0,0.0,0,0,0,0,0,0.0,,0.0,0,0,0.0,20000.0,0.0,0.0,0.0,0,0.0,1.0,0.0,0.0,0.0,0.0,,,Yes,652ad0f1-dac9-4b0e-8f14-8d5ec936c682
,,33.74409409999943,-84.37786099999857,Stage 5,DPA,Homeowner,1,1,1792,AH,,,,,AH_DPA,20000,Permanent,152258.0,132258.0,0.0,20000.0,2022-11-14 18:00:00,,2022-11-14 18:00:00,,132258.0,0.0,0.0,0,0,0,0,0,0.0,,0.0,0,0,0.0,20000.0,0.0,0.0,0.0,0,1.0,0.0,0.0,0.0,0.0,0.0,,,Yes,1f80d9e9-c14f-4118-8d64-7a67cf3eff0d
,,33.74409409999943,-84.37786099999857,Stage 5,DPA,Homeowner,1,1,1793,AH,,,,,AH_DPA,25000,Permanent,144258.0,,0.0,25000.0,2022-11-14 18:00:00,,2022-11-14 00:00:00,,119258.0,0.0,0.0,0,0,0,0,0,0.0,,0.0,0,0,0.0,25000.0,0.0,0.0,0.0,0,0.0,1.0,0.0,0.0,0.0,0.0,,,Yes,9efa93e7-7989-4184-8316-2e48f7ac3c9a
,,33.74409409999943,-84.37786099999857,Stage 5,DPA,Homeowner,1,1,1794,AH,,,,,AH_DPA,,Permanent,284900.0,264900.0,0.0,20000.0,2022-11-15 18:00:00,,2022-11-15 18:00:00,,264900.0,0.0,0.0,0,0,0,0,0,0.0,,0.0,0,0,0.0,20000.0,0.0,0.0,0.0,0,0.0,0.0,0.0,1.0,0.0,0.0,,,Yes,9fa22090-6e0a-4336-8985-e110fcfd65d6
,,33.74409409999943,-84.37786099999857,Stage 5,DPA,Homeowner,1,1,1795,AH,,,,,AH_DPA,,Permanent,279500.0,259500.0,0.0,20000.0,2022-11-28 18:00:00,,2022-11-28 18:00:00,,259500.0,0.0,0.0,0,0,0,0,0,0.0,,0.0,0,0,0.0,20000.0,0.0,0.0,0.0,0,0.0,0.0,0.0,1.0,0.0,0.0,,,Yes,95fba151-d0d5-4d5f-8015-1b4af324fd87
,,33.74409409999943,-84.37786099999857,Stage 5,DPA,Homeowner,1,1,1796,AH,,,,,AH_DPA,25000,Permanent,148258.0,123258.0,0.0,25000.0,2022-11-30 18:00:00,,2022-11-30 18:00:00,,123258.0,0.0,0.0,0,0,0,0,0,0.0,,0.0,0,0,0.0,25000.0,0.0,0.0,0.0,0,0.0,1.0,0.0,0.0,0.0,0.0,,,Yes,412676b0-6d31-4b16-86e6-ed95532287b1
,,33.74409409999943,-84.37786099999857,Stage 5,DPA,Homeowner,1,1,1797,AH,,,,,AH_DPA,,Permanent,200000.0,180000.0,0.0,20000.0,2022-10-05 18:00:00,,2022-10-05 18:00:00,,180000.0,0.0,0.0,0,0,0,0,0,0.0,,0.0,0,0,0.0,20000.0,0.0,0.0,0.0,0,0.0,0.0,1.0,0.0,0.0,0.0,,,Yes,5a5f17bd-224b-438c-8682-7afd22943e0c
,,33.74409409999943,-84.37786099999857,Stage 5,DPA,Homeowner,1,1,1798,AH,,,,,AH_DPA,,Permanent,315000.0,295000.0,0.0,20000.0,2022-10-06 18:00:00,,2022-10-06 18:00:00,,295000.0,0.0,0.0,0,0,0,0,0,0.0,,0.0,0,0,0.0,20000.0,0.0,0.0,0.0,0,0.0,0.0,0.0,1.0,0.0,0.0,,,Yes,bdc25806-2593-4e08-86a6-25bd5940c674
,,33.74409409999943,-84.37786099999857,Stage 5,DPA,Homeowner,1,1,1799,AH,,,,,AH_DPA,,Permanent,179000.0,159000.0,0.0,20000.0,2022-10-21 18:00:00,,2022-10-21 18:00:00,,159000.0,0.0,0.0,0,0,0,0,0,0.0,,0.0,0,0,0.0,20000.0,0.0,0.0,0.0,0,0.0,0.0,0.0,1.0,0.0,0.0,,,Yes,8efabc34-875e-421d-8be2-f984d391973e
,,33.74409409999943,-84.37786099999857,Stage 5,DPA,Homeowner,1,1,1800,AH,,,,,AH_DPA,,Permanent,191900.0,171900.0,0.0,20000.0,2022-10-31 18:00:00,,2022-10-31 18:00:00,,1719001.0,0.0,0.0,0,0,0,0,0,0.0,,0.0,0,0,0.0,20000.0,0.0,0.0,0.0,0,0.0,0.0,0.0,1.0,0.0,0.0,,,Yes,745347e9-8354-49ed-8b92-6579b30ef8f7
Bowen Homes Phase I,"2880 Yates Dr NW, Atlanta, GA 30318",33.78205214141631,-84.48204664417554,Stage 4,New_Construction,Renter,151,107,1801,AH,,,,McCormack Baron Salazar (MBS),"AH_Development_Funds,HOB,TAD",,,88608998.0,11816325.0,48549396.0,28243277.0,2024-12-19 17:00:00,2024-12-19 17:00:00,,,11103000.0,400000.0,313325.0,21549396,0,0,0,0,1500000.0,,27000000.0,1500000,1500000,2000000.0,0.0,21743277.0,0.0,0.0,0,0.0,0.0,97.0,0.0,10.0,44.0,PSO,4%,Yes,0c4b2dd4-75dc-4963-8165-f2b11b1da29f
Civic Center Development - Phase I,"395 Piedmont Ave NE, Atlanta, GA 30308",33.76583301171814,-84.38113198819336,Stage 4,New_Construction,Renter,148,148,1802,AH,"IA,Other",,,"Community Foundation For Greater Atlanta, Atlanta Neighborhood Development Organization","AH_DPA,AH_Development_Funds,HOB",,Permanent,63180098.0,14381383.0,40123715.0,8675000.0,2025-10-07 16:00:00,2025-10-07 16:00:00,,,9192152.0,0.0,5189231.0,0,40123715,0,0,0,0.0,,0.0,0,1500000,0.0,0.0,7175000.0,0.0,0.0,0,0.0,0.0,148.0,0.0,0.0,0.0,,TBD,Yes,d946535e-31eb-4884-85fa-70fa249fd901
,,33.79444869655717,-84.48104929927419,Stage 5,DPA,Homeowner,1,1,1803,IA,,,,,HOB,,,266739.0,,0.0,20000.0,2023-01-04 17:00:00,,2023-01-04 17:00:00,17020580004030,242673.0,4066.0,0.0,0,0,0,0,0,0.0,,0.0,0,20000,0.0,0.0,0.0,0.0,0.0,0,0.0,0.0,0.0,0.0,1.0,0.0,,,Yes,2f4cb16f-e3d6-416a-8436-6df17ef61b52
,,33.712104050685426,-84.38634986847623,Stage 5,DPA,Homeowner,1,1,1804,IA,,,,,HOB,,,315260.0,,0.0,10000.0,2023-01-13 17:00:00,,2023-01-13 17:00:00,1400390007064,289511.0,15749.0,0.0,0,0,0,0,0,0.0,,0.0,0,10000,0.0,0.0,0.0,0.0,0.0,0,0.0,0.0,0.0,0.0,1.0,0.0,,,Yes,867b55b2-2956-4541-8747-de1094a47235
,,33.7260945567468,-84.3946768182187,Stage 5,DPA,Homeowner,1,1,1805,IA,"IA,AH",,,,"AH_DPA,HOB",,,280933.0,,0.0,55000.0,2023-01-25 17:00:00,,2023-01-25 17:00:00,1400740005061,223450.0,2483.0,0.0,0,0,0,0,0,0.0,,0.0,0,30000,0.0,25000.0,0.0,0.0,0.0,0,0.0,0.0,0.0,1.0,0.0,0.0,,,Yes,915090a6-9630-4f34-827a-da0accd41cb1
Owner Occupied Rehab - IA - 2018 through YTD 2022,,33.717792499999426,-84.39556909999858,Stage 5,Rehab_HomeFlex,Homeowner,1,1,1806,IA,,,,,HOB,,,29945.0,,0.0,29945.0,,,2022-10-07 17:00:00,,0.0,0.0,0.0,0,0,0,0,0,0.0,,0.0,0,29945,0.0,0.0,0.0,0.0,0.0,0,0.0,1.0,0.0,0.0,0.0,0.0,,,Yes,afe555e6-e9e4-498b-8c89-12b52c19d9b2
,,33.70551000521775,-84.3954229654723,Stage 5,DPA,Homeowner,1,1,1807,IA,,,,,HOB,,,239267.0,,0.0,20000.0,2023-01-31 17:00:00,,2023-01-31 17:00:00,1400720006272,213675.0,5592.0,0.0,0,0,0,0,0,0.0,,0.0,0,20000,0.0,0.0,0.0,0.0,0.0,0,0.0,0.0,0.0,0.0,1.0,0.0,,,Yes,06c15f91-b149-4558-844a-92e712c23acf
Owner Occupied Rehab - IA - 2018 through YTD 2022,,33.721352011766896,-84.48194298170597,Stage 5,Rehab_HomeFlex,Homeowner,1,1,1808,IA,,,,,HOB,,,29965.0,,0.0,29965.0,,,2022-10-11 17:00:00,,0.0,0.0,0.0,0,0,0,0,0,0.0,,0.0,0,29965,0.0,0.0,0.0,0.0,0.0,0,0.0,1.0,0.0,0.0,0.0,0.0,,,Yes,38de4794-b04c-4cc0-8b15-9aa79d7369ec
Owner Occupied Rehab - IA - 2018 through YTD 2022,,33.749045987496636,-84.3654959669176,Stage 5,Rehab_HomeFlex,Homeowner,1,1,1809,IA,,,,,HOB,,,29996.0,,0.0,29996.0,,,2022-10-20 17:00:00,,0.0,0.0,0.0,0,0,0,0,0,0.0,,0.0,0,29996,0.0,0.0,0.0,0.0,0.0,0,0.0,1.0,0.0,0.0,0.0,0.0,,,Yes,61e79416-24e8-4119-82cc-8c8fc03897cc
Owner Occupied Rehab - IA - 2018 through YTD 2022,,33.71780009999942,-84.39558159999858,Stage 5,Rehab_HomeFlex,Homeowner,1,1,1810,IA,,,,,HOB,,,29894.0,0.0,0.0,29894.0,,,2022-10-25 17:00:00,,0.0,0.0,0.0,0,0,0,0,0,0.0,0,0.0,0,29894,0.0,0.0,0.0,0.0,0.0,0,1.0,,,,,,,,Yes,02dcd077-28a9-45dc-8fce-d82b41fd96ad
Owner Occupied Rehab - IA - 2018 through YTD 2022,,33.71778739999944,-84.39557809999857,Stage 5,Rehab_HomeFlex,Homeowner,1,1,1811,IA,,,,,HOB,,,29435.0,0.0,0.0,29435.0,,,2022-11-04 17:00:00,,0.0,0.0,0.0,0,0,0,0,0,0.0,0,0.0,0,29435,0.0,0.0,0.0,0.0,0.0,0,,1.0,,,,,,,Yes,e64e8706-32be-4a3a-8157-ee0bab8a0690
Owner Occupied Rehab - IA - 2018 through YTD 2022,,33.717806299999424,-84.39557689999859,Stage 5,Rehab_HomeFlex,Homeowner,1,1,1812,IA,AH,,,,Other,Choice Neighborhoods / Atlanta Housing MTW Funds,,35000.0,0.0,0.0,35000.0,,,2022-11-08 17:00:00,,0.0,0.0,0.0,0,0,0,0,0,0.0,0,0.0,0,0,0.0,0.0,0.0,0.0,35000.0,0,,,,,,,,,Yes,55dfbe0c-279c-448d-8a07-1130ea00ea4f
Owner Occupied Rehab - IA - 2018 through YTD 2022,,33.71777069999943,-84.3956092999986,Stage 5,Rehab_HomeFlex,Homeowner,1,1,1813,IA,,,,,HOB,,,30000.0,0.0,0.0,30000.0,,,2022-11-30 17:00:00,,0.0,0.0,0.0,0,0,0,0,0,0.0,0,0.0,0,30000,0.0,0.0,0.0,0.0,0.0,0,,1.0,,,,,,,Yes,e27bff46-b70d-408f-88c8-27bb594f22cd
Owner Occupied Rehab - IA - 2018 through YTD 2022,,33.71781589999942,-84.39557299999856,Stage 5,Rehab_HomeFlex,Homeowner,1,1,1814,IA,,,,,HOB,,,30000.0,0.0,0.0,30000.0,,,2022-11-30 17:00:00,,0.0,0.0,0.0,0,0,0,0,0,0.0,0,0.0,0,30000,0.0,0.0,0.0,0.0,0.0,0,,1.0,,,,,,,Yes,ff4589a5-4696-47de-8d2b-e049ef1d7069
Owner Occupied Rehab - IA - 2018 through YTD 2022,,33.71776569999943,-84.39561199999856,Stage 5,Rehab_HomeFlex,Homeowner,1,1,1815,IA,AH,,,,Other,Choice/NTW,,70000.0,0.0,0.0,70000.0,,,2022-12-01 17:00:00,,0.0,0.0,0.0,0,0,0,0,0,0.0,0,0.0,0,0,0.0,0.0,0.0,0.0,70000.0,0,,,,,,,,,Yes,9eb84e3c-9d33-4723-8919-7e15180b2718
Owner Occupied Rehab - IA - 2018 through YTD 2022,,33.717803399999426,-84.39556999999859,Stage 5,Rehab_HomeFlex,Homeowner,1,1,1816,IA,,,,,HOB,,,29995.0,0.0,0.0,29995.0,,,2022-12-07 17:00:00,,0.0,0.0,0.0,0,0,0,0,0,0.0,0,0.0,0,29995,0.0,0.0,0.0,0.0,0.0,0,1.0,,,,,,,,Yes,e5aefaea-4782-4d9a-8164-6e86c33424cb
Owner Occupied Rehab - IA - 2018 through YTD 2022,,33.71779849999943,-84.39558389999856,Stage 5,Rehab_HomeFlex,Homeowner,1,1,1817,IA,,,,,HOB,,,30000.0,0.0,0.0,30000.0,,,2022-12-07 17:00:00,,0.0,0.0,0.0,0,0,0,0,0,0.0,0,0.0,0,30000,0.0,0.0,0.0,0.0,0.0,0,1.0,,,,,,,,Yes,2fbdc551-91b1-4485-887c-62aca704bbbd
Owner Occupied Rehab - IA - 2018 through YTD 2022,,33.717794999999434,-84.39558269999857,Stage 5,Rehab_HomeFlex,Homeowner,1,1,1818,IA,,,,,TAD,,,60000.0,0.0,0.0,60000.0,,,2022-12-07 17:00:00,,0.0,0.0,0.0,0,0,0,0,0,0.0,0,0.0,60000,0,0.0,0.0,0.0,0.0,0.0,0,,1.0,,,,,,,Yes,5a08e52e-eb13-45c9-8c1f-631a30ccf3cf
Owner Occupied Rehab - IA - 2018 through YTD 2022,,33.71778489999942,-84.39559209999858,Stage 5,Rehab_HomeFlex,Homeowner,1,1,1819,IA,AH,,,,Other,Choice / MTW,,70000.0,0.0,0.0,70000.0,,,2022-12-19 17:00:00,,0.0,0.0,0.0,0,0,0,0,0,0.0,0,0.0,0,0,0.0,0.0,0.0,0.0,70000.0,0,,,,,,,,,Yes,2cfee9a4-ca23-43c9-8104-2a0fc44735de
Owner Occupied Rehab - IA - 2018 through YTD 2023,,33.71778399999943,-84.39559639999858,Stage 5,Rehab_HomeFlex,Homeowner,1,1,1820,IA,,,,,HOB,,,29565.0,0.0,0.0,29565.0,,,2023-01-12 17:00:00,,0.0,0.0,0.0,0,0,0,0,0,0.0,0,0.0,0,29565,0.0,0.0,0.0,0.0,0.0,0,,,1.0,,,,,,Yes,15c0f28c-b7e2-40ea-8101-e766e9aee69e
Owner Occupied Rehab - IA - 2018 through YTD 2023,,33.71777699999942,-84.39558449999856,Stage 5,Rehab_HomeFlex,Homeowner,1,1,1821,IA,,,,,HOB,,,29966.0,0.0,0.0,29966.0,,,2023-01-30 17:00:00,,0.0,0.0,0.0,0,0,0,0,0,0.0,0,0.0,0,29966,0.0,0.0,0.0,0.0,0.0,0,,1.0,,,,,,,Yes,2839b599-3b14-4374-8f2a-49d80a04e99c
,,33.77508817145594,-84.50751448694756,Stage 5,DPA,Homeowner,1,1,1822,IA,AH,,,,"AH_DPA,HOB",,Permanent,282389.0,247389.0,0.0,35000.0,2023-02-21 17:00:00,2023-02-21 16:00:00,2023-02-21 17:00:00,14F0D160040227,235000.0,12389.0,0.0,0,0,0,0,0,0.0,0,0.0,0,10000,0.0,25000.0,0.0,0.0,0.0,0,0.0,0.0,0.0,1.0,0.0,0.0,,,Yes,d97fbe80-004e-4b30-8470-53faf99ac7bb
Owner Occupied Rehab - IA - 2018 through YTD 2023,,33.71781449999943,-84.39559439999856,Stage 5,Rehab_HomeFlex,Homeowner,1,1,1823,IA,,,,,TAD,,,60000.0,0.0,0.0,60000.0,,,2023-02-01 17:00:00,,0.0,0.0,0.0,0,0,0,0,0,0.0,0,0.0,60000,0,0.0,0.0,0.0,0.0,0.0,0,1.0,,,,,,,,Yes,9f9c5d99-f2bb-427b-81a7-f0f9fd63a43c
Owner Occupied Rehab - IA - 2018 through YTD 2023,,33.71781069999941,-84.39556699999858,Stage 5,Rehab_HomeFlex,Homeowner,1,1,1824,IA,,,,,HOB,,,29999.0,0.0,0.0,29999.0,,,2023-02-10 17:00:00,,0.0,0.0,0.0,0,0,0,0,0,0.0,0,0.0,0,29999,0.0,0.0,0.0,0.0,0.0,0,,,1.0,,,,,,Yes,03e3640c-fe60-4817-86ad-5ed66bba544a
Owner Occupied Rehab - IA - 2018 through YTD 2023,,33.71776269999942,-84.39554979999858,Stage 5,Rehab_HomeFlex,Homeowner,1,1,1825,IA,,,,,HOB,,,29981.0,0.0,0.0,29981.0,,,2023-02-15 17:00:00,,0.0,0.0,0.0,0,0,0,0,0,0.0,0,0.0,0,29981,0.0,0.0,0.0,0.0,0.0,0,1.0,,,,,,,,Yes,01f7611d-dbf9-4cff-8abf-1641aa299916
Owner Occupied Rehab - IA - 2018 through YTD 2023,,33.717810999999415,-84.39556539999856,Stage 5,Rehab_HomeFlex,Homeowner,1,1,1826,IA,,,,,HOB,,,29995.0,0.0,0.0,29995.0,,,2023-02-22 17:00:00,,0.0,0.0,0.0,0,0,0,0,0,0.0,0,0.0,0,29995,0.0,0.0,0.0,0.0,0.0,0,,,1.0,,,,,,Yes,7ea68d4d-559a-4386-857b-3bfca98e1052
Owner Occupied Rehab - IA - 2018 through YTD 2023,,33.71779059999943,-84.39557419999858,Stage 5,Rehab_HomeFlex,Homeowner,1,1,1827,IA,,,,,HOB,,,30000.0,0.0,0.0,30000.0,,,2023-01-18 17:00:00,,0.0,0.0,0.0,0,0,0,0,0,0.0,0,0.0,0,30000,0.0,0.0,0.0,0.0,0.0,0,,1.0,,,,,,,Yes,791eb7d2-fd74-4da3-8ec3-36957f814098
,,33.77107509999942,-84.42142109999858,Stage 5,DPA,Homeowner,1,1,1828,AH,,,,,AH_DPA,,Permanent,260000.0,,0.0,20000.0,2023-01-05 17:00:00,,2023-01-05 17:00:00,,0.0,0.0,0.0,0,0,0,0,0,0.0,,0.0,0,0,0.0,20000.0,0.0,0.0,0.0,0,0.0,0.0,1.0,0.0,0.0,0.0,,,Yes,73740996-2432-47f0-8302-90684ba8d419
,,33.77107509999942,-84.42142109999858,Stage 5,DPA,Homeowner,1,1,1829,AH,,,,,AH_DPA,,Permanent,148258.0,,0.0,20000.0,2023-01-12 17:00:00,,2023-01-23 17:00:00,,0.0,0.0,0.0,0,0,0,0,0,0.0,,0.0,0,0,0.0,20000.0,0.0,0.0,0.0,0,0.0,0.0,1.0,0.0,0.0,0.0,,,Yes,fef9e079-5715-431a-8bc8-01249a1cc9ff
,,33.77107509999942,-84.42142109999858,Stage 5,,Homeowner,1,1,1830,AH,,,,,AH_DPA,,Permanent,25000.0,0.0,0.0,25000.0,,,2023-01-18 17:00:00,,0.0,0.0,0.0,0,0,0,0,0,0.0,0,0.0,0,0,0.0,25000.0,0.0,0.0,0.0,0,0.0,0.0,0.0,1.0,0.0,0.0,,,Yes,f53d77f3-1494-4d99-8fac-74e2aed833e1
,,33.77107509999942,-84.42142109999858,Stage 5,DPA,Homeowner,1,1,1831,AH,,,,,AH_DPA,,Permanent,240000.0,,0.0,25000.0,2023-01-31 17:00:00,,2023-01-31 17:00:00,,215000.0,0.0,0.0,0,0,0,0,0,0.0,,0.0,0,0,0.0,25000.0,0.0,0.0,0.0,0,0.0,0.0,1.0,0.0,0.0,0.0,,,Yes,d7962a4b-84ae-489d-8951-e95468652e2b
,,33.77107509999942,-84.42142109999858,Stage 5,DPA,Homeowner,1,1,1832,AH,,,,,AH_DPA,,Permanent,2000000.0,,0.0,20000.0,2023-01-31 17:00:00,,2023-01-31 17:00:00,,180000.0,0.0,0.0,0,0,0,0,0,0.0,,0.0,0,0,0.0,20000.0,0.0,0.0,0.0,0,0.0,0.0,1.0,0.0,0.0,0.0,,,Yes,65f8dd7a-682d-411f-83a0-891c08d6b3c6
Cosby Spear Highrise ,"335 North Ave NE, Atlanta, GA 30308",33.77181335535865,-84.37604421009752,Stage 4,"Rehab_HomeFlex,Rental_Assistance",Renter,282,282,1833,AH,IA,,,DCA,"AH_DPA,AH_Development_Funds","DPA, AH Subsidy",Permanent,151454543.0,19141165.0,115713378.0,16600000.0,,2023-03-22 16:00:00,,,15000000.0,3934292.0,206873.0,66213378,0,0,0,0,0.0,,49500000.0,0,0,0.0,0.0,16600000.0,0.0,0.0,0,0.0,56.0,226.0,0.0,0.0,0.0,,4%,Yes,d52638a7-3c9f-43a7-830f-a4d57ef1e982
Ground Cover,,33.718035451060075,-84.41824045396939,Stage 4,,Renter,18,18,1837,other,,,,,,,,0.0,0.0,0.0,0.0,,,,,0.0,0.0,0.0,0,0,0,0,0,0.0,,0.0,0,0,0.0,0.0,0.0,0.0,0.0,0,,,3.0,15.0,,,IZ,,Yes,40d4c0bd-4239-4b50-9758-3e87564f9e56
Heritage Village at West Lake,"239 West Lake Avenue, Atlanta, GA 30318",33.760827017493945,-84.44211060837303,Stage 4,"Rehab/Preservation, Rental Assistance",Renter,102,102,1838,AH,,,,Quest Communities,AH_Development_Funds,,,9342456.0,0.0,0.0,9342456.0,2024-07-11 16:00:00,2024-07-11 16:00:00,,,0.0,0.0,0.0,0,0,0,0,0,0.0,,0.0,0,0,0.0,0.0,9342456.0,0.0,0.0,0,0.0,0.0,102.0,0.0,0.0,0.0,,,Yes,13b07a9d-54ab-43d4-b4be-b2fc31555673
Villages at Castleberry Hill (Phase II),"565 Greensferry Ave SW & 369 MCDANIEL ST SW, Atlanta, GA 30314",33.746484132826,-84.40672227413202,Stage 5,Rehab_HomeFlex,Renter,284,228,1842,AH,IA,,,DCA,AH_DPA,,Construction,67991230.0,16600000.0,40703805.0,10687425.0,2024-03-01 16:00:00,2022-07-01 16:00:00,2024-02-01 16:00:00,,4000000.0,12600000.0,0.0,5203805,0,0,0,0,0.0,,35500000.0,0,0,0.0,1197078.0,9490347.0,0.0,0.0,0,0.0,114.0,114.0,0.0,0.0,56.0,,4%,Yes,a2b5d08a-64b7-4041-9383-42a4dacf52a9
GE Tower Apartments,"490 Glenn St SW, Atlanta, GA 30312",33.73760100162361,-84.40399103071445,Stage 5,Rehab_HomeFlex,Renter,201,201,1844,MARTA,"AH,MARTA,Other",,,DCA,"AH_DPA,Other",,Construction,28690072.0,0.0,27000000.0,1690072.0,2023-12-19 17:00:00,2023-12-19 17:00:00,2024-12-01 17:00:00,,0.0,0.0,0.0,0,0,0,0,0,0.0,,27000000.0,0,0,0.0,1690072.0,0.0,0.0,0.0,0,0.0,0.0,201.0,0.0,0.0,0.0,,,Yes,64801f3d-a5e3-4a8e-8967-597060f11178
Brentwood Commons,"2770 Campbellton Rd SW, Atlanta, GA 30311",33.700122048670984,-84.47863706927903,Stage 5,New_Construction,Renter,112,111,1845,IA,Other,,,DCA,HOB,,Permanent,37603707.0,11200000.0,23403707.0,3000000.0,2023-11-17 17:00:00,2023-11-17 17:00:00,2025-07-28 16:00:00,,11200000.0,0.0,0.0,23403707,0,0,0,0,0.0,,0.0,0,3000000,0.0,0.0,0.0,0.0,0.0,0,0.0,36.0,57.0,18.0,0.0,1.0,PSO,,Yes,d6253883-d366-4327-8929-0a982b9d4b63
Trinity Towers,"2611 Springdale Rd SW  Atlanta, GA 30315",33.68342218138959,-84.41575767416666,Stage 4,Rehab_HomeFlex,Renter,240,239,1846,IA,IA,,,"DCA, National Church Residences",HOB,,Construction,50212569.0,10081338.0,38631231.0,1500000.0,2024-02-29 16:00:00,2023-03-22 16:00:00,,,0.0,0.0,10081338.0,14131231,0,0,0,0,0.0,,24500000.0,0,1500000,0.0,0.0,0.0,0.0,0.0,0,0.0,0.0,239.0,0.0,0.0,1.0,,4%,Yes,293a836f-bb98-42b5-8b79-3073a4e57f68
Columbia Heritage Senior Preservation,"1900 Perry Blvd NW, Atlanta, GA 30318",33.79464154023988,-84.44993610780263,Stage 4,Rehab_HomeFlex,Renter,131,124,1847,AH,Other,,,"DCA, Columbia Heritage Senior Preservation","AH_DPA,Tax_Exempt_Bonds",,Permanent,236887.0,0.0,0.0,236887.0,,2024-07-12 16:00:00,,,0.0,0.0,0.0,0,0,0,0,0,0.0,,0.0,0,0,0.0,236887.0,0.0,0.0,0.0,0,0.0,0.0,124.0,0.0,0.0,7.0,,,Yes,84866a3c-7cd7-4fe0-8ee6-978db71795ea
,,33.757462399999426,-84.38716179999857,Stage 5,Rehab_HomeFlex,Homeowner,1,1,1850,IA,,,,,HOB,,,30000.0,0.0,0.0,30000.0,,2023-03-20 16:00:00,2023-03-20 16:00:00,,0.0,0.0,0.0,0,0,0,0,0,0.0,,0.0,0,30000,0.0,0.0,0.0,0.0,0.0,0,1.0,0.0,0.0,0.0,0.0,0.0,,,Yes,0f42f82d-bcf2-4cb5-87aa-a188f35a2a70
,,33.757500899999414,-84.38735269999856,Stage 5,Rehab_HomeFlex,Homeowner,1,1,1851,IA,,,,,HOB,,,30000.0,0.0,0.0,30000.0,,2023-02-20 16:00:00,2023-02-20 16:00:00,,0.0,0.0,0.0,0,0,0,0,0,0.0,,0.0,0,30000,0.0,0.0,0.0,0.0,0.0,0,1.0,0.0,0.0,0.0,0.0,0.0,,,Yes,8787a0c6-e981-43d2-88df-ec0d32bc0967
,,33.75797179999942,-84.38720489999858,Stage 5,Rehab_HomeFlex,Homeowner,1,1,1852,IA,AH,,,,Other,Choice / MTW,,70000.0,0.0,0.0,70000.0,2023-03-20 16:00:00,2023-03-20 16:00:00,2023-03-20 16:00:00,,0.0,0.0,0.0,0,0,0,0,0,0.0,,0.0,0,0,0.0,0.0,0.0,0.0,70000.0,0,0.0,0.0,0.0,0.0,0.0,0.0,,,Yes,8cf60d6e-a2f6-479e-8bbc-b16b6c815aab
,,33.764818343496295,-84.41530838964457,Stage 5,DPA,Homeowner,1,1,1853,IA,Other,,,Atlanta Neighborhood Development Partnership,"Housing_Trust_Fund,Other",Atlanta Neighborhood Development Partnership,Permanent,,255111.0,0.0,,2023-03-17 16:00:00,2023-03-17 16:00:00,2023-03-17 16:00:00,1401110007114,253611.0,1500.0,0.0,0,0,0,0,0,0.0,,0.0,0,0,10000.0,,0.0,0.0,40000.0,0,0.0,0.0,0.0,0.0,0.0,0.0,,,Yes,bd73204c-748d-4367-8bb0-b7a4552c4a74
,,33.75286732716063,-84.47671151044865,Stage 5,DPA,Homeowner,1,1,1854,IA,AH,,,,"AH_DPA,HOB",,Permanent,133781.0,103781.0,0.0,30000.0,2023-03-24 16:00:00,2023-03-24 16:00:00,2023-03-24 16:00:00,14021200050190,100700.0,3081.0,0.0,0,0,0,0,0,0.0,,0.0,0,10000,0.0,20000.0,0.0,0.0,0.0,0,0.0,1.0,0.0,0.0,0.0,0.0,,,Yes,c7bc0cb8-3b1c-4e46-865e-3695cd526a80
,,33.756686008422015,-84.32970197141624,Stage 5,DPA,Homeowner,1,1,1855,IA,,,,,HOB,,Permanent,334010.0,324010.0,0.0,10000.0,2023-03-31 16:00:00,2023-03-31 16:00:00,2023-03-31 16:00:00,1521103098,307098.0,16912.0,0.0,0,0,0,0,0,0.0,,0.0,0,10000,0.0,0.0,0.0,0.0,0.0,0,0.0,0.0,0.0,0.0,1.0,0.0,,,Yes,2bc2c7fc-f000-406a-870c-9459e46a6bc6
184 Forsyth Rapid Housing (The Melody),"184 Forsyth St SW, Atlanta, GA 30303",33.749613589615855,-84.3955001581973,Stage 5,New_Construction,Renter,40,40,1859,COA,"IA,AH",,,,"AH_DPA,HOB,Housing_Trust_Fund",,,0.0,0.0,0.0,0.0,,2023-11-17 17:00:00,2024-02-01 17:00:00,,0.0,0.0,0.0,0,0,0,0,0,0.0,,0.0,0,0,0.0,0.0,0.0,0.0,0.0,0,40.0,0.0,0.0,0.0,0.0,0.0,,,Yes,38c25e32-ad6d-4b19-8db9-0b303b265231
Quill at Edgewood Candler,"1460 La France Street Northeast, Atlanta, GA 30307",33.76102246640367,-84.33906397053045,Stage 5,New_Construction,Renter,208,53,1868,MARTA,,,,,Other,,,0.0,0.0,0.0,0.0,,2016-01-01 16:00:00,2022-09-29 04:00:00,,0.0,0.0,0.0,0,0,0,0,0,0.0,,0.0,0,0,0.0,0.0,0.0,0.0,0.0,0,0.0,0.0,0.0,53.0,0.0,155.0,,,Yes,87f9f4f3-c505-448a-8e2e-527922ecbf33
Overlook at Garson,"579 Garson Dr NE, Atlanta, GA 30324",33.81804642641403,-84.36971360777949,Stage 4,New_Construction,Renter,130,130,1869,IA,"IA,ABI,AH,COA,Other",,,Community Foundation of Greater Atlanta; Atlanta Urban Development Corporation,"AH_DPA,AH_Development_Funds,Other",,,49553112.0,0.0,49553112.0,0.0,2026-06-25 16:00:00,2026-06-25 16:00:00,,,0.0,0.0,0.0,19553112,0,0,0,0,0.0,,30000000.0,0,0,0.0,0.0,0.0,0.0,0.0,0,0.0,73.0,34.0,23.0,0.0,0.0,,4%,Yes,17f7bcdb-50f0-4d99-8cb3-b837f0caf9f9
Trinity Central Flats,"104 Trinity Ave SW, Atlanta, GA 30303",33.74820482742683,-84.39140392671729,Stage 4,New_Construction,Renter,218,218,1876,IA,COA,,,"Radiant Development Partners, Capitol Hill Neighborhood Development Corporation","AH_DPA,HOB,TAD",Eastside TAD Ascension Fund Grant,Construction,108558502.0,26151100.0,76407402.0,6000000.0,,2025-12-19 17:00:00,,,26151100.0,0.0,0.0,41407402,0,0,0,0,0.0,,35000000.0,3000000,3000000,0.0,0.0,0.0,0.0,0.0,0,0.0,77.0,110.0,31.0,0.0,0.0,PSO,4%,Yes,8326efd4-1821-4661-8ac0-5903e4bfb7cc
Sweet Auburn Grande,"229 Auburn Avenue, Atlanta, GA 30303",33.755350016874296,-84.38010302576099,Stage 4,New_Construction,Renter,109,92,1878,IA,,,,,"HOB,TAD",,Construction,61471346.0,1000000.0,49344414.0,11126932.0,,2024-12-11 17:00:00,,,0.0,0.0,1000000.0,21000000,0,4126932,0,0,0.0,,28344414.0,4000000,3000000,0.0,0.0,0.0,0.0,0.0,0,17.0,40.0,0.0,35.0,0.0,17.0,PSO,4%,Yes,94f03480-ca5f-4d86-8744-3cd4787fb4ba
,,33.756686008422015,-84.32970197141624,Stage 5,DPA,Homeowner,1,1,1879,IA,AH,,,,"AH_DPA,HOB",,Permanent,223551.0,188551.0,0.0,35000.0,2023-04-21 16:00:00,2023-04-21 16:00:00,2023-04-21 16:00:00,1521103162,183048.0,5503.0,0.0,0,0,0,0,0,0.0,,0.0,0,10000,0.0,25000.0,0.0,0.0,0.0,0,0.0,0.0,0.0,0.0,1.0,0.0,,,Yes,86ed13b9-3f9b-46e8-86ce-d7ec9486da7c
,,33.816506016914026,-84.35279302501715,Stage 5,DPA,Homeowner,1,1,1880,IA,AH,,,,"AH_DPA,HOB",,Permanent,191455.0,161455.0,0.0,30000.0,2023-04-24 16:00:00,2023-04-24 16:00:00,2023-04-24 16:00:00,1700050002C01,158375.0,3080.0,0.0,0,0,0,0,0,0.0,,0.0,0,10000,0.0,20000.0,0.0,0.0,0.0,0,0.0,0.0,0.0,0.0,1.0,0.0,,,Yes,55a9b983-f7b8-41b7-8b45-4c9282976d3c
,,33.822562989696195,-84.38688499125972,Stage 5,DPA,Homeowner,1,1,1881,IA,AH,,,,"AH_DPA,HOB",,Permanent,,,0.0,30000.0,2023-04-27 16:00:00,2023-04-27 16:00:00,2023-04-27 16:00:00,1701010013001,163700.0,22927.0,,0,0,0,0,0,0.0,,0.0,0,10000,0.0,20000.0,0.0,0.0,0.0,0,0.0,0.0,0.0,1.0,0.0,0.0,,,Yes,d3257dfd-2a56-400d-8b01-35042769f4ec
,,33.74409409999943,-84.37786099999857,Stage 5,DPA,Homeowner,1,1,1882,AH,,,,,AH_DPA,,,,,0.0,20000.0,2023-02-03 17:00:00,2023-02-03 17:00:00,2023-02-03 17:00:00,,155000.0,,0.0,0,0,0,0,0,0.0,,0.0,0,0,0.0,20000.0,0.0,0.0,0.0,0,0.0,1.0,0.0,0.0,0.0,0.0,,,Yes,cbf8faa3-06cd-4688-83ee-d7ddfd9c17b1
,,33.74409409999943,-84.37786099999857,Stage 5,DPA,Homeowner,1,1,1883,AH,,,,,AH_DPA,,Permanent,2274000.0,2249000.0,0.0,25000.0,2023-02-06 17:00:00,2023-02-06 17:00:00,2023-03-06 17:00:00,,2249000.0,0.0,0.0,0,0,0,0,0,0.0,,0.0,0,0,0.0,25000.0,0.0,0.0,0.0,0,0.0,0.0,1.0,0.0,0.0,0.0,,,Yes,fb7f12d1-26c6-4459-884d-8d2bd5b66376
,,33.74409409999943,-84.37786099999857,Stage 5,DPA,Homeowner,1,1,1884,AH,,,,,AH_DPA,,Permanent,251000.0,226000.0,0.0,25000.0,,2023-02-06 17:00:00,2023-02-06 17:00:00,,226000.0,0.0,0.0,0,0,0,0,0,0.0,,0.0,0,0,0.0,25000.0,0.0,0.0,0.0,0,0.0,0.0,0.0,1.0,0.0,0.0,,,Yes,40366e91-35d4-4255-8a20-76ff57cfc6d0
,,33.74409409999943,-84.37786099999857,Stage 5,DPA,Homeowner,1,1,1885,AH,,,,,AH_DPA,,Permanent,120000.0,95000.0,0.0,25000.0,,2023-02-15 17:00:00,2023-02-15 17:00:00,,95000.0,0.0,0.0,0,0,0,0,0,0.0,,0.0,0,0,0.0,25000.0,0.0,0.0,0.0,0,0.0,1.0,0.0,0.0,0.0,0.0,,,Yes,14464bf5-a367-42ad-888a-977f3e97b52a
,,33.74409409999943,-84.37786099999857,Stage 5,DPA,Homeowner,1,1,1886,AH,,,,,AH_DPA,,Permanent,1777700.0,1757700.0,0.0,20000.0,,2023-02-16 17:00:00,2023-02-16 17:00:00,,1757700.0,0.0,0.0,0,0,0,0,0,0.0,,0.0,0,0,0.0,20000.0,0.0,0.0,0.0,0,0.0,0.0,1.0,0.0,0.0,0.0,,,Yes,4b2a4765-dc92-4a92-84b2-99e656e31ddd
,,33.74409409999943,-84.37786099999857,Stage 5,DPA,Homeowner,1,1,1888,AH,,,,,AH_DPA,,Permanent,205000.0,180000.0,0.0,25000.0,,2023-02-24 17:00:00,2023-02-24 17:00:00,,180000.0,0.0,0.0,0,0,0,0,0,0.0,,0.0,0,0,0.0,25000.0,0.0,0.0,0.0,0,0.0,0.0,0.0,1.0,0.0,0.0,,,Yes,eab83eb5-024f-41e1-885c-8541aa2b2bc0
,,33.74409409999943,-84.37786099999857,Stage 5,DPA,Homeowner,1,1,1889,AH,,,,,AH_DPA,,Permanent,20000.0,0.0,0.0,20000.0,,2023-03-06 17:00:00,2023-03-06 17:00:00,,0.0,0.0,0.0,0,0,0,0,0,0.0,,0.0,0,0,0.0,20000.0,0.0,0.0,0.0,0,0.0,0.0,1.0,0.0,0.0,0.0,,,Yes,66d6a6fc-b0aa-4454-8b05-ed3a2a459da3
,,33.74409409999943,-84.37786099999857,Stage 5,DPA,Homeowner,1,1,1890,AH,,,,,AH_DPA,,Permanent,220000.0,200000.0,0.0,20000.0,,2023-03-09 17:00:00,2023-03-09 17:00:00,,200000.0,0.0,0.0,0,0,0,0,0,0.0,,0.0,0,0,0.0,20000.0,0.0,0.0,0.0,0,0.0,0.0,1.0,0.0,0.0,0.0,,,Yes,8c334ae6-3223-4a54-8857-b62cd7ff6c9b
,,33.74409409999943,-84.37786099999857,Stage 5,DPA,Homeowner,1,1,1891,AH,,,,,AH_DPA,,Permanent,149000.0,124000.0,0.0,25000.0,,2023-03-13 17:00:00,2023-03-13 17:00:00,,124000.0,0.0,0.0,0,0,0,0,0,0.0,,0.0,0,0,0.0,25000.0,0.0,0.0,0.0,0,0.0,0.0,0.0,1.0,0.0,0.0,,,Yes,b35ef110-8c05-4061-8337-0e3894961277
,,33.74409409999943,-84.37786099999857,Stage 5,DPA,Homeowner,1,1,1892,AH,,,,,AH_DPA,,,374000.0,124000.0,0.0,250000.0,,2023-03-13 17:00:00,2023-03-13 17:00:00,,124000.0,0.0,0.0,0,0,0,0,0,0.0,,0.0,0,0,0.0,250000.0,0.0,0.0,0.0,0,0.0,0.0,0.0,1.0,0.0,0.0,,,Yes,6c7dd06f-3002-48cd-8dd6-bc4377020275
,,33.74409409999943,-84.37786099999857,Stage 5,DPA,Homeowner,1,1,1893,AH,,,,,AH_DPA,,Permanent,175000.0,155000.0,0.0,20000.0,,2023-03-28 17:00:00,2023-03-28 17:00:00,,155000.0,0.0,0.0,0,0,0,0,0,0.0,,0.0,0,0,0.0,20000.0,0.0,0.0,0.0,0,0.0,1.0,0.0,0.0,0.0,0.0,,,Yes,6aae42a0-c2df-4cf5-8214-43d407d9f90e
,,33.74409409999943,-84.37786099999857,Stage 5,DPA,Homeowner,1,1,1894,AH,,,,,AH_DPA,,Permanent,270000.0,250000.0,0.0,20000.0,2023-05-29 17:00:00,2023-03-29 17:00:00,2023-03-29 17:00:00,,250000.0,0.0,0.0,0,0,0,0,0,0.0,,0.0,0,0,0.0,20000.0,0.0,0.0,0.0,0,0.0,0.0,0.0,1.0,0.0,0.0,,,Yes,8eb0a002-4ddb-4eb0-81a5-d08596b224b5
,,33.74409409999943,-84.37786099999857,Stage 5,DPA,Homeowner,1,1,1895,AH,,,,,AH_DPA,,Permanent,144483.0,124483.0,0.0,20000.0,,2023-03-30 17:00:00,2023-03-30 17:00:00,,124483.0,0.0,0.0,0,0,0,0,0,0.0,,0.0,0,0,0.0,20000.0,0.0,0.0,0.0,0,0.0,0.0,1.0,0.0,0.0,0.0,,,Yes,5b83ae06-3b70-4d7c-8459-5ac9c85eedee
,,33.6939782852446,-84.51244228323489,Stage 5,DPA,Homeowner,1,1,1896,IA,AH,,,,"AH_DPA,HOB",,Permanent,238939.0,203939.0,0.0,35000.0,2023-05-04 16:00:00,2023-05-04 16:00:00,2023-05-04 16:00:00,14F00060005043,195360.0,8579.0,0.0,0,0,0,0,0,0.0,,0.0,0,10000,0.0,25000.0,0.0,0.0,0.0,0,0.0,0.0,0.0,0.0,0.0,0.0,,,Yes,121c23bb-ae27-4272-8a79-ac6c80f0df49
,,33.77304262283996,-84.50660937989856,Stage 5,DPA,Homeowner,1,1,1897,IA,AH,,,,"AH_DPA,HOB",,Permanent,293615.0,263615.0,0.0,30000.0,2023-05-10 16:00:00,2023-05-10 16:00:00,2023-05-10 16:00:00,14F-0016-0006-002-7,262102.0,1513.0,0.0,0,0,0,0,0,0.0,,0.0,0,10000,0.0,20000.0,0.0,0.0,0.0,0,0.0,0.0,0.0,0.0,0.0,0.0,,,Yes,e5c81ed7-8820-4b36-81f7-be783876d7c3
,,33.66484909168781,-84.38458970862622,Stage 5,DPA,Homeowner,1,1,1898,IA,AH,,,,"AH_DPA,HOB",,Permanent,313166.0,283166.0,0.0,30000.0,2023-05-15 16:00:00,2023-05-15 16:00:00,2023-05-15 16:00:00,140062LL173,280372.0,2794.0,0.0,0,0,10000,0,0,0.0,,0.0,0,0,0.0,20000.0,0.0,0.0,0.0,0,0.0,0.0,0.0,0.0,0.0,0.0,,,Yes,9d186afd-18b2-450d-8521-9f219d8c0d20
,,33.67744524941631,-84.50934748912678,Stage 5,DPA,Homeowner,1,1,1899,IA,AH,,,,"AH_DPA,HOB",,Permanent,322544.0,292544.0,0.0,30000.0,2023-05-15 16:00:00,2023-05-15 16:00:00,2023-05-15 16:00:00,14F-0004-0001-074-5,288613.0,3931.0,0.0,0,0,0,0,0,0.0,,0.0,0,10000,0.0,20000.0,0.0,0.0,0.0,0,0.0,0.0,0.0,0.0,0.0,0.0,,,Yes,cdccac5d-89ef-4e9d-84fb-bec1730e3bbc
,,33.7017322488438,-84.35182538085414,Stage 5,DPA,Homeowner,1,1,1900,IA,AH,,,,"AH_DPA,HOB",,Permanent,320222.0,285222.0,0.0,35000.0,2023-05-19 16:00:00,2023-05-19 16:00:00,2023-05-19 16:00:00,1400070010013,279812.0,5410.0,0.0,0,0,0,0,0,0.0,,0.0,0,10000,0.0,25000.0,0.0,0.0,0.0,0,0.0,0.0,0.0,0.0,0.0,0.0,,,Yes,b54e08de-72ff-4171-8cc4-3456ae374a60
,,33.67633754184469,-84.51488042163979,Stage 5,DPA,Homeowner,1,1,1901,IA,,,,,HOB,,Permanent,242405.0,227405.0,0.0,15000.0,2023-05-23 16:00:00,2023-05-23 16:00:00,2023-05-23 16:00:00,14F000400051368,224750.0,2655.0,0.0,0,0,0,0,0,0.0,,0.0,0,15000,0.0,0.0,0.0,0.0,0.0,0,0.0,0.0,0.0,0.0,0.0,0.0,,,Yes,70f8c300-9e2b-4758-8fa0-9602a07b77a3
,,33.69498685954752,-84.53523158251961,Stage 5,DPA,Homeowner,1,1,1902,IA,AH,,,,"AH_DPA,HOB",,Permanent,263408.0,223408.0,0.0,40000.0,2023-05-24 16:00:00,2023-05-24 16:00:00,2023-05-24 16:00:00,14F0043LL095,221051.0,2357.0,0.0,0,0,0,0,0,0.0,,0.0,0,15000,0.0,25000.0,0.0,0.0,0.0,0,0.0,0.0,0.0,0.0,0.0,0.0,,,Yes,eb56f305-de6a-4ebd-8347-e44c3aadc9ef
,,33.779179128116766,-84.50751691227863,Stage 5,DPA,Homeowner,1,1,1903,IA,AH,,,,"AH_DPA,HOB",,Permanent,227367.0,192367.0,0.0,35000.0,2023-05-26 16:00:00,2023-05-26 16:00:00,2023-05-26 16:00:00,14F001700010468,189712.0,2655.0,0.0,0,0,15000,0,0,0.0,,0.0,0,0,0.0,20000.0,0.0,0.0,0.0,0,0.0,0.0,0.0,0.0,0.0,0.0,,,Yes,629f1559-5dea-4a58-8a50-f5ea57c60180
,,33.73702101583454,-84.43823898417793,Stage 5,Rehab_HomeFlex,Homeowner,1,1,1904,IA,AH,,,,HOB,,,,0.0,0.0,,,2023-05-04 16:00:00,2023-05-04 16:00:00,,0.0,0.0,0.0,0,0,0,0,0,0.0,,0.0,0,29886,0.0,,0.0,0.0,0.0,0,1.0,0.0,0.0,0.0,0.0,0.0,,,Yes,003514b9-fac4-4aab-8038-9c7550491ed5
,,33.73007056743466,-84.40377395566921,Stage 5,Rehab_HomeFlex,Homeowner,1,1,1905,IA,,,,,HOB,,,30000.0,0.0,0.0,30000.0,,2023-05-09 16:00:00,2023-05-09 16:00:00,,0.0,0.0,0.0,0,0,0,0,0,0.0,,0.0,0,30000,0.0,0.0,0.0,0.0,0.0,0,1.0,0.0,0.0,0.0,0.0,0.0,,,Yes,fc8b83ef-ad16-4fce-868f-47ae8fab0748
,,33.7558912133752,-84.41710170882176,Stage 5,DPA,Homeowner,1,1,1906,IA,AH,,,,"AH_DPA,Housing_Trust_Fund",,Permanent,198500.0,168500.0,0.0,30000.0,2023-05-31 16:00:00,2023-05-31 16:00:00,2023-05-31 16:00:00,1401100008178,166400.0,2100.0,0.0,0,0,0,0,0,0.0,,0.0,0,0,10000.0,20000.0,0.0,0.0,0.0,0,0.0,0.0,0.0,0.0,0.0,0.0,,,Yes,126377e8-e40c-46b3-8d96-341739318a41
,,33.762004996799384,-84.43451498763002,Stage 5,Owner-Occupied Rehab,Homeowner,1,1,1955,COA,,,,Rebuilding Together ,CDBG,,,6551.84,0.0,0.0,6551.84,,,2022-06-30 00:00:00,,0.0,0.0,0.0,0,0,0,0,0,6551.84,,0.0,0,0,0.0,0.0,0.0,0.0,0.0,0,,,,,,,,,Yes,336d983f-1c26-4a06-9f11-5905576779d9
,,33.762198995809634,-84.52164596200731,Stage 5,Owner-Occupied Rehab,Homeowner,1,1,1956,COA,,,,Rebuilding Together ,CDBG,,,8950.0,0.0,0.0,8950.0,,,2022-05-31 00:00:00,,0.0,0.0,0.0,0,0,0,0,0,8950.0,,0.0,0,0,0.0,0.0,0.0,0.0,0.0,0,,,,,,,,,Yes,412974ea-204d-481c-b19d-61000bb21f87
,,33.75409998220721,-84.44658199485784,Stage 5,Owner-Occupied Rehab,Homeowner,1,1,1957,COA,,,,Rebuilding Together ,CDBG,,,11386.76,0.0,0.0,11386.76,,,2022-07-31 00:00:00,,0.0,0.0,0.0,0,0,0,0,0,11386.76,,0.0,0,0,0.0,0.0,0.0,0.0,0.0,0,,,,,,,,,Yes,7b448da5-701d-4a7b-8f02-84f0d32b17be
,,33.759717993723086,-84.4636959978633,Stage 5,Owner-Occupied Rehab,Homeowner,1,1,1958,COA,,,,Rebuilding Together ,CDBG,,,8258.91,0.0,0.0,8258.91,,,2023-08-31 00:00:00,,0.0,0.0,0.0,0,0,0,0,0,8258.91,,0.0,0,0,0.0,0.0,0.0,0.0,0.0,0,,,,,,,,,Yes,e824b775-89b8-4348-9e86-b82d40d28d28
,,33.7077739989632,-84.42382202729112,Stage 5,Owner-Occupied Rehab,Homeowner,1,1,1959,COA,,,,Rebuilding Together ,CDBG,,,12400.0,0.0,0.0,12400.0,,,2023-08-31 00:00:00,,0.0,0.0,0.0,0,0,0,0,0,12400.0,,0.0,0,0,0.0,0.0,0.0,0.0,0.0,0,,,,,,,,,Yes,22997a5a-b038-493b-89ae-8f9fe244b8f6
,,33.75084101402478,-84.35444903838354,Stage 5,Owner-Occupied Rehab,Homeowner,1,1,1960,COA,,,,Rebuilding Together ,CDBG,,,6720.0,0.0,0.0,6720.0,,,2023-08-31 00:00:00,,0.0,0.0,0.0,0,0,0,0,0,6720.0,,0.0,0,0,0.0,0.0,0.0,0.0,0.0,0,,,,,,,,,Yes,4103990f-139d-4e75-a9b1-2ba3d5beb467
,,33.70340373522832,-84.53920306441653,Stage 5,Owner-Occupied Rehab,Homeowner,1,1,1961,COA,,,,Rebuilding Together ,CDBG,,,11678.2,0.0,0.0,11678.2,,,2022-07-31 00:00:00,,0.0,0.0,0.0,0,0,0,0,0,11678.2,,0.0,0,0,0.0,0.0,0.0,0.0,0.0,0,,,,,,,,,Yes,c80b5293-4964-4059-be14-b0d99ce6273d
,,33.718274009327956,-84.4560719861655,Stage 5,Owner-Occupied Rehab,Homeowner,1,1,1962,COA,,,,Rebuilding Together ,CDBG,,,9610.0,0.0,0.0,9610.0,,,2023-08-31 00:00:00,,0.0,0.0,0.0,0,0,0,0,0,9610.0,,0.0,0,0,0.0,0.0,0.0,0.0,0.0,0,,,,,,,,,Yes,63d5e1a9-8500-4869-aa83-9141723d7802
,,33.71949298936295,-84.40666402031148,Stage 5,Owner-Occupied Rehab,Homeowner,1,1,1963,COA,,,,Rebuilding Together ,CDBG,,,6300.0,0.0,0.0,6300.0,,,2023-08-31 00:00:00,,0.0,0.0,0.0,0,0,0,0,0,6300.0,,0.0,0,0,0.0,0.0,0.0,0.0,0.0,0,,,,,,,,,Yes,bb18fba1-17a4-4ee3-bd44-ff84837f1f2b
,,33.7072370130067,-84.422014971774,Stage 5,Owner-Occupied Rehab,Homeowner,1,1,1964,COA,,,,Rebuilding Together ,CDBG,,,5280.0,0.0,0.0,5280.0,,,2023-08-31 00:00:00,,0.0,0.0,0.0,0,0,0,0,0,5280.0,,0.0,0,0,0.0,0.0,0.0,0.0,0.0,0,,,,,,,,,Yes,8eab0193-c359-4ad2-bf59-c359319a0afb
,,33.776778016962936,-84.4918700047479,Stage 5,Owner-Occupied Rehab,Homeowner,1,1,1965,COA,,,,Rebuilding Together ,CDBG,,,7712.96,0.0,0.0,7712.96,,,2023-08-31 00:00:00,,0.0,0.0,0.0,0,0,0,0,0,7712.96,,0.0,0,0,0.0,0.0,0.0,0.0,0.0,0,,,,,,,,,Yes,65b4c239-69c0-4be6-84a4-e4d4564c3b17
,,33.70204697984947,-84.354622962104,Stage 5,Owner-Occupied Rehab,Homeowner,1,1,1966,COA,,,,Rebuilding Together ,CDBG,,,7578.0,0.0,0.0,7578.0,,,2023-12-31 00:00:00,,0.0,0.0,0.0,0,0,0,0,0,7578.0,,0.0,0,0,0.0,0.0,0.0,0.0,0.0,0,,,,,,,,,Yes,f51443a9-876e-4f64-84de-e111730cbffe
,,33.71771401391022,-84.44524701031075,Stage 5,Owner-Occupied Rehab,Homeowner,1,1,1967,COA,,,,Rebuilding Together ,CDBG,,,10734.92,0.0,0.0,10734.92,,,2023-01-31 00:00:00,,0.0,0.0,0.0,0,0,0,0,0,10734.92,,0.0,0,0,0.0,0.0,0.0,0.0,0.0,0,,,,,,,,,Yes,71e01eb1-e300-4a95-ab05-d65a314bd02e
,,33.729783996910434,-84.42589302760163,Stage 5,Owner-Occupied Rehab,Homeowner,1,1,1968,COA,,,,Rebuilding Together ,CDBG,,,5600.0,0.0,0.0,5600.0,,,2022-11-30 00:00:00,,0.0,0.0,0.0,0,0,0,0,0,5600.0,,0.0,0,0,0.0,0.0,0.0,0.0,0.0,0,,,,,,,,,Yes,5061cbe0-2f0a-40bf-be1f-20e16de5afee
,,33.75691102063845,-84.36774298798261,Stage 5,Owner-Occupied Rehab,Homeowner,1,1,1969,COA,,,,Rebuilding Together ,CDBG,,,9450.0,0.0,0.0,9450.0,,,2023-02-28 00:00:00,,0.0,0.0,0.0,0,0,0,0,0,9450.0,,0.0,0,0,0.0,0.0,0.0,0.0,0.0,0,,,,,,,,,Yes,0b994795-9e04-4ebf-99d5-060bad2adeab
,,33.71944500272755,-84.47428896313465,Stage 5,Owner-Occupied Rehab,Homeowner,1,1,1970,COA,,,,Rebuilding Together ,CDBG,,,14501.75,0.0,0.0,14501.75,,,2023-01-31 00:00:00,,0.0,0.0,0.0,0,0,0,0,0,14501.75,,0.0,0,0,0.0,0.0,0.0,0.0,0.0,0,,,,,,,,,Yes,68ce8928-460a-4747-9a53-fe90c82662e5
,,33.76884001863289,-84.47480201884119,Stage 5,Owner-Occupied Rehab,Homeowner,1,1,1971,COA,,,,Rebuilding Together ,CDBG,,,7129.49,0.0,0.0,7129.49,,,2023-08-31 00:00:00,,0.0,0.0,0.0,0,0,0,0,0,7129.49,,0.0,0,0,0.0,0.0,0.0,0.0,0.0,0,,,,,,,,,Yes,6820c9e7-106a-4ffd-8498-d3f7c3b7bcb5
,,33.72251600664831,-84.42496800091256,Stage 5,Owner-Occupied Rehab,Homeowner,1,1,1972,COA,,,,Nehemiah ,CDBG,,,2785.0,0.0,0.0,2785.0,,,2023-01-26 00:00:00,,0.0,0.0,0.0,0,0,0,0,0,2785.0,,0.0,0,0,0.0,0.0,0.0,0.0,0.0,0,,,,,,,,,Yes,6e9d9f4b-21a7-4fbc-803e-956d2f6631bd
,,33.7364680200541,-84.44110299656515,Stage 5,Owner-Occupied Rehab,Homeowner,1,1,1973,COA,,,,Rebuilding Together ,CDBG,,,13644.0,0.0,0.0,13644.0,,,2023-02-28 00:00:00,,0.0,0.0,0.0,0,0,0,0,0,13644.0,,0.0,0,0,0.0,0.0,0.0,0.0,0.0,0,,,,,,,,,Yes,a76d7cdf-7c37-4962-830e-614d6e1edc31
,,33.759168015815874,-84.43109198688428,Stage 5,Owner-Occupied Rehab,Homeowner,1,1,1974,COA,,,,Nehemiah ,CDBG,,,4340.0,0.0,0.0,4340.0,,,2022-10-28 00:00:00,,0.0,0.0,0.0,0,0,0,0,0,4340.0,,0.0,0,0,0.0,0.0,0.0,0.0,0.0,0,,,,,,,,,Yes,97819c5e-f6ca-489f-a7f6-4e61114dff2b
,,33.732256994307534,-84.43083499774613,Stage 5,Owner-Occupied Rehab,Homeowner,1,1,1975,COA,,,,Nehemiah ,CDBG,,,8380.0,0.0,0.0,8380.0,,,2023-03-30 00:00:00,,0.0,0.0,0.0,0,0,0,0,0,8380.0,,0.0,0,0,0.0,0.0,0.0,0.0,0.0,0,,,,,,,,,Yes,5ee36c6c-cfbd-4e95-95d7-2d00334da684
,,33.723352017654,-84.44470402992548,Stage 5,Owner-Occupied Rehab,Homeowner,1,1,1976,COA,,,,Nehemiah ,CDBG,,,8415.0,0.0,0.0,8415.0,,,2022-10-28 00:00:00,,0.0,0.0,0.0,0,0,0,0,0,8415.0,,0.0,0,0,0.0,0.0,0.0,0.0,0.0,0,,,,,,,,,Yes,fa10cb5f-5b77-44d3-b628-c0634a94cd8a
,,33.71629998714467,-84.44762596118551,Stage 5,Owner-Occupied Rehab,Homeowner,1,1,1977,COA,,,,Nehemiah ,CDBG,,,10090.0,0.0,0.0,10090.0,,,2022-10-05 00:00:00,,0.0,0.0,0.0,0,0,0,0,0,10090.0,,0.0,0,0,0.0,0.0,0.0,0.0,0.0,0,,,,,,,,,Yes,e1b119b3-a119-41ef-ad40-b6cdc21188f2
,,33.72400999695999,-84.43303600224456,Stage 5,Owner-Occupied Rehab,Homeowner,1,1,1978,COA,,,,Nehemiah ,CDBG,,,7935.0,0.0,0.0,7935.0,,,2023-01-20 00:00:00,,0.0,0.0,0.0,0,0,0,0,0,7935.0,,0.0,0,0,0.0,0.0,0.0,0.0,0.0,0,,,,,,,,,Yes,021eaada-c57b-4198-a8ed-de00be01da6b
,,33.69084800290343,-84.49515797433338,Stage 5,Owner-Occupied Rehab,Homeowner,1,1,1979,COA,,,,Rebuilding Together ,CDBG,,,11170.0,0.0,0.0,11170.0,,,2023-03-31 00:00:00,,0.0,0.0,0.0,0,0,0,0,0,11170.0,,0.0,0,0,0.0,0.0,0.0,0.0,0.0,0,,,,,,,,,Yes,9035c60c-9ed1-4a3a-a048-fae201f14ed3
,,33.70375500234614,-84.4113479952047,Stage 5,Owner-Occupied Rehab,Homeowner,1,1,1980,COA,,,,Nehemiah ,CDBG,,,6585.0,0.0,0.0,6585.0,,,2023-01-14 00:00:00,,0.0,0.0,0.0,0,0,0,0,0,6585.0,,0.0,0,0,0.0,0.0,0.0,0.0,0.0,0,,,,,,,,,Yes,7e72b1a4-424c-4274-8e95-c06058bd398d
,,33.703914006682744,-84.41394102000154,Stage 5,Owner-Occupied Rehab,Homeowner,1,1,1981,COA,,,,Nehemiah ,CDBG,,,8772.5,0.0,0.0,8772.5,,,2023-01-13 00:00:00,,0.0,0.0,0.0,0,0,0,0,0,8772.5,,0.0,0,0,0.0,0.0,0.0,0.0,0.0,0,,,,,,,,,Yes,68efdb83-e1b5-4470-949a-12798d0e9ab5
,,33.718048997050936,-84.44598302517585,Stage 5,Owner-Occupied Rehab,Homeowner,1,1,1982,COA,,,,Nehemiah ,CDBG,,,14460.0,0.0,0.0,14460.0,,,2023-01-02 00:00:00,,0.0,0.0,0.0,0,0,0,0,0,14460.0,,0.0,0,0,0.0,0.0,0.0,0.0,0.0,0,,,,,,,,,Yes,f7c7232a-8df1-490d-8047-e9f548b1ef84
,,33.761556983679604,-84.49911297535667,Stage 5,Owner-Occupied Rehab,Homeowner,1,1,1983,COA,,,,Nehemiah ,CDBG,,,9835.0,0.0,0.0,9835.0,,,2023-01-14 00:00:00,,0.0,0.0,0.0,0,0,0,0,0,9835.0,,0.0,0,0,0.0,0.0,0.0,0.0,0.0,0,,,,,,,,,Yes,5e3270c3-76e3-4b36-a542-99a0e5c6b36d
,,33.70188101805171,-84.46922696369518,Stage 5,Owner-Occupied Rehab,Homeowner,1,1,1984,COA,,,,Nehemiah ,CDBG,,,7860.0,0.0,0.0,7860.0,,,2023-02-19 00:00:00,,0.0,0.0,0.0,0,0,0,0,0,7860.0,,0.0,0,0,0.0,0.0,0.0,0.0,0.0,0,,,,,,,,,Yes,bceb2cd1-fb4a-4905-ac5f-7bf008a1e3f3
,,33.709973996961736,-84.45361399342723,Stage 5,Owner-Occupied Rehab,Homeowner,1,1,1985,COA,,,,Nehemiah ,CDBG,,,7940.0,0.0,0.0,7940.0,,,2022-09-30 00:00:00,,0.0,0.0,0.0,0,0,0,0,0,7940.0,,0.0,0,0,0.0,0.0,0.0,0.0,0.0,0,,,,,,,,,Yes,f5cee55a-5a9f-4a0c-9112-631824adbe6e
,,33.76987401120956,-84.4560470076107,Stage 5,Owner-Occupied Rehab,Homeowner,1,1,1986,COA,,,,Nehemiah ,CDBG,,,4751.0,0.0,0.0,4751.0,,,2022-11-16 00:00:00,,0.0,0.0,0.0,0,0,0,0,0,4751.0,,0.0,0,0,0.0,0.0,0.0,0.0,0.0,0,,,,,,,,,Yes,28b1e662-0adc-4180-8a60-78ffde0c5b0c
,,33.69336798021229,-84.51356798578236,Stage 5,Owner-Occupied Rehab,Homeowner,1,1,1987,COA,,,,Nehemiah ,CDBG,,,7475.0,0.0,0.0,7475.0,,,2022-12-20 00:00:00,,0.0,0.0,0.0,0,0,0,0,0,7475.0,,0.0,0,0,0.0,0.0,0.0,0.0,0.0,0,,,,,,,,,Yes,a639878f-9827-4a82-b179-b8a47d53e735
,,33.69287399292387,-84.51298703630496,Stage 5,Owner-Occupied Rehab,Homeowner,1,1,1988,COA,,,,Nehemiah ,CDBG,,,4880.0,0.0,0.0,4880.0,,,2023-02-27 00:00:00,,0.0,0.0,0.0,0,0,0,0,0,4880.0,,0.0,0,0,0.0,0.0,0.0,0.0,0.0,0,,,,,,,,,Yes,b4460e1d-dc5d-4742-8eea-92cd1973f3bf
,,33.799994003053065,-84.46636102442679,Stage 5,Owner-Occupied Rehab,Homeowner,1,1,1989,COA,,,,Nehemiah ,CDBG,,,11033.0,0.0,0.0,11033.0,,,2023-03-27 00:00:00,,0.0,0.0,0.0,0,0,0,0,0,11033.0,,0.0,0,0,0.0,0.0,0.0,0.0,0.0,0,,,,,,,,,Yes,a66e0117-eb70-497e-81e6-d5e267b16452
,,33.800313982229504,-84.47971599388818,Stage 5,Owner-Occupied Rehab,Homeowner,1,1,1990,COA,,,,Nehemiah ,CDBG,,,2335.0,0.0,0.0,2335.0,,,2023-03-23 00:00:00,,0.0,0.0,0.0,0,0,0,0,0,2335.0,,0.0,0,0,0.0,0.0,0.0,0.0,0.0,0,,,,,,,,,Yes,e179bf41-6163-488a-bc78-b0db8f6b3a94
,,33.800835001360795,-84.48078099786147,Stage 5,Owner-Occupied Rehab,Homeowner,1,1,1991,COA,,,,Nehemiah ,CDBG,,,9085.0,0.0,0.0,9085.0,,,2023-01-27 00:00:00,,0.0,0.0,0.0,0,0,0,0,0,9085.0,,0.0,0,0,0.0,0.0,0.0,0.0,0.0,0,,,,,,,,,Yes,50cf7863-1be6-45c6-839b-d57eda5050fa
,,33.684786001181465,-84.506568006763,Stage 5,Owner-Occupied Rehab,Homeowner,1,1,1992,COA,,,,Nehemiah ,CDBG,,,12240.0,0.0,0.0,12240.0,,,2022-09-15 00:00:00,,0.0,0.0,0.0,0,0,0,0,0,12240.0,,0.0,0,0,0.0,0.0,0.0,0.0,0.0,0,,,,,,,,,Yes,33ce8333-bcc8-4111-81e0-698935600012
,,33.69248398277935,-84.3951010173654,Stage 5,Owner-Occupied Rehab,Homeowner,1,1,1993,COA,,,,Nehemiah ,CDBG,,,7540.0,0.0,0.0,7540.0,,,2022-11-14 00:00:00,,0.0,0.0,0.0,0,0,0,0,0,7540.0,,0.0,0,0,0.0,0.0,0.0,0.0,0.0,0,,,,,,,,,Yes,78166151-6ce8-42dc-bc93-bd98812ddb46
,,33.800190013656255,-84.48082198619126,Stage 5,Owner-Occupied Rehab,Homeowner,1,1,1994,COA,,,,Nehemiah ,CDBG,,,9790.0,0.0,0.0,9790.0,,,2022-11-29 00:00:00,,0.0,0.0,0.0,0,0,0,0,0,9790.0,,0.0,0,0,0.0,0.0,0.0,0.0,0.0,0,,,,,,,,,Yes,e4ea5dbf-25ef-4c96-9c13-9d13ac76938c
,,33.77255500470371,-84.5015729803212,Stage 5,Owner-Occupied Rehab,Homeowner,1,1,1995,COA,,,,Nehemiah ,CDBG,,,7610.0,0.0,0.0,7610.0,,,2023-01-27 00:00:00,,0.0,0.0,0.0,0,0,0,0,0,7610.0,,0.0,0,0,0.0,0.0,0.0,0.0,0.0,0,,,,,,,,,Yes,1aea67a3-93e4-49ab-9bbc-5133c05f50c0
,,33.66657598100215,-84.39190298530954,Stage 5,Owner-Occupied Rehab,Homeowner,1,1,1996,COA,,,,Nehemiah ,CDBG,,,10515.0,0.0,0.0,10515.0,,,2022-10-11 00:00:00,,0.0,0.0,0.0,0,0,0,0,0,10515.0,,0.0,0,0,0.0,0.0,0.0,0.0,0.0,0,,,,,,,,,Yes,35618819-98bb-463e-bba3-96f56aab6d6c
,,33.758392018826854,-84.50819803577863,Stage 5,Owner-Occupied Rehab,Homeowner,1,1,1997,COA,,,,Nehemiah ,CDBG,,,2290.0,0.0,0.0,2290.0,,,2022-10-11 00:00:00,,0.0,0.0,0.0,0,0,0,0,0,2290.0,,0.0,0,0,0.0,0.0,0.0,0.0,0.0,0,,,,,,,,,Yes,daae3a40-7065-4e08-9479-f7a3d7340155
,,33.768611989887525,-84.5003099948458,Stage 5,Owner-Occupied Rehab,Homeowner,1,1,1998,COA,,,,Nehemiah ,CDBG,,,4655.0,0.0,0.0,4655.0,,,2023-01-30 00:00:00,,0.0,0.0,0.0,0,0,0,0,0,4655.0,,0.0,0,0,0.0,0.0,0.0,0.0,0.0,0,,,,,,,,,Yes,3496a424-0d6b-4121-8f2e-75b2f6783504
,,33.75640001786357,-84.43811501577554,Stage 5,Owner-Occupied Rehab,Homeowner,1,1,1999,COA,,,,Nehemiah ,CDBG,,,4055.0,0.0,0.0,4055.0,,,2023-03-23 00:00:00,,0.0,0.0,0.0,0,0,0,0,0,4055.0,,0.0,0,0,0.0,0.0,0.0,0.0,0.0,0,,,,,,,,,Yes,27861245-08a0-45d2-8100-312c89c132a3
,,33.73049000526365,-84.40946097705087,Stage 5,Owner-Occupied Rehab,Homeowner,1,1,2000,COA,,,,Nehemiah ,CDBG,,,9415.0,0.0,0.0,9415.0,,,2022-10-07 00:00:00,,0.0,0.0,0.0,0,0,0,0,0,9415.0,,0.0,0,0,0.0,0.0,0.0,0.0,0.0,0,,,,,,,,,Yes,a3a996f4-b182-43d7-899a-56bac911fe6e
,,33.65076901064716,-84.35821502668452,Stage 5,Owner-Occupied Rehab,Homeowner,1,1,2001,COA,,,,Nehemiah ,CDBG,,,6115.0,0.0,0.0,6115.0,,,2022-11-14 00:00:00,,0.0,0.0,0.0,0,0,0,0,0,6115.0,,0.0,0,0,0.0,0.0,0.0,0.0,0.0,0,,,,,,,,,Yes,0a86d7fe-3d9d-4242-b38b-6d4bc554870d
,,33.73205904147003,-84.4927192186205,Stage 5,Rehab_HomeFlex,Homeowner,1,1,2003,COA,,,,,CDBG,,,8800.0,0.0,0.0,8800.0,,2023-05-03 16:00:00,2023-05-03 16:00:00,,0.0,0.0,0.0,0,0,0,0,0,8800.0,,0.0,0,0,0.0,0.0,0.0,0.0,0.0,0,0.0,0.0,1.0,0.0,0.0,0.0,,,Yes,8e8007e7-8cd1-4d75-8249-eda0010c50bf
,,33.73547873638099,-84.41893993782227,Stage 5,Rehab_HomeFlex,Homeowner,1,1,2004,COA,COA,,,,CDBG,,,13345.0,0.0,0.0,13345.0,,2023-05-18 16:00:00,2023-05-18 16:00:00,,0.0,0.0,0.0,0,0,0,0,0,13345.0,,0.0,0,0,0.0,0.0,0.0,0.0,0.0,0,1.0,0.0,0.0,0.0,0.0,0.0,,,Yes,c28c4452-66bb-4642-85cc-bf8342969e83
,,33.71892877078891,-84.38412683221912,Stage 5,Rehab_HomeFlex,Homeowner,1,1,2005,COA,COA,,,,CDBG,,,11800.0,0.0,0.0,11800.0,,2023-05-01 16:00:00,2023-05-01 16:00:00,,0.0,0.0,0.0,0,0,0,0,0,11800.0,,0.0,0,0,0.0,0.0,0.0,0.0,0.0,0,1.0,0.0,0.0,0.0,0.0,0.0,,,Yes,8f8e1166-211c-47e1-8c82-1c24a2e9ac7e
,,33.7708088553024,-84.36084304482651,Stage 5,Rehab_HomeFlex,Homeowner,1,1,2006,COA,,,,,CDBG,,,7439.0,0.0,0.0,7439.0,,2023-04-26 16:00:00,2023-04-26 16:00:00,,0.0,0.0,0.0,0,0,0,0,0,7439.0,,0.0,0,0,0.0,0.0,0.0,0.0,0.0,0,0.0,1.0,0.0,0.0,0.0,0.0,,,Yes,c809ec43-b77a-4c47-8457-fd9654f8dcaf
,,33.73243093338307,-84.43081483884329,Stage 5,Rehab_HomeFlex,Homeowner,1,1,2007,COA,,,,,CDBG,,,8250.0,0.0,0.0,8250.0,,2023-03-27 16:00:00,2023-03-27 16:00:00,,0.0,0.0,0.0,0,0,0,0,0,8250.0,,0.0,0,0,0.0,0.0,0.0,0.0,0.0,0,0.0,1.0,0.0,0.0,0.0,0.0,,,Yes,63adac0b-f954-423d-8083-fb54d5203a39
,,33.73601098949482,-84.38461305414572,Stage 5,Rehab_HomeFlex,Homeowner,1,1,2008,IA,,,,,HOB,,,30000.0,0.0,0.0,30000.0,2023-04-25 16:00:00,2023-04-25 16:00:00,2023-06-06 16:00:00,14 00540005006,0.0,0.0,0.0,0,0,0,0,0,0.0,,0.0,0,30000,0.0,0.0,0.0,0.0,0.0,0,0.0,0.0,0.0,0.0,0.0,0.0,,,Yes,9b8ff872-ef6a-40ab-81ef-a6aa530ebb3b
,,33.691185187051836,-84.3516984426076,Stage 5,Rehab_HomeFlex,Homeowner,1,1,2009,IA,,,,,HOB,,Permanent,29923.0,0.0,0.0,29923.0,2023-04-25 16:00:00,2023-04-25 16:00:00,2023-06-14 16:00:00,14 00060002058,0.0,0.0,0.0,0,0,0,0,0,0.0,,0.0,0,29923,0.0,0.0,0.0,0.0,0.0,0,0.0,0.0,0.0,0.0,0.0,0.0,,,Yes,9dc5f289-783a-4fef-8225-b62f1d48132e
,,33.69329662687289,-84.37157381292698,Stage 5,Rehab_HomeFlex,Homeowner,1,1,2010,IA,,,,,HOB,,Permanent,30000.0,0.0,0.0,30000.0,2023-04-21 16:00:00,2023-04-21 16:00:00,2023-06-15 16:00:00,14 00380003086,0.0,0.0,0.0,0,0,0,0,0,0.0,,0.0,0,30000,0.0,0.0,0.0,0.0,0.0,0,0.0,0.0,0.0,0.0,0.0,0.0,,,Yes,742b1a67-6c85-47e0-85e2-447ad4fa493b
,,33.709047079199756,-84.44419686280902,Stage 5,DPA,Homeowner,1,1,2011,IA,AH,,,,"AH_DPA,HOB",,Permanent,314830.0,279830.0,0.0,35000.0,2023-06-05 16:00:00,2023-06-05 16:00:00,2023-06-05 16:00:00,140153000504056,277900.0,1930.0,0.0,0,0,0,0,0,0.0,,0.0,0,15000,0.0,20000.0,0.0,0.0,0.0,0,0.0,0.0,0.0,0.0,0.0,0.0,,,Yes,40e0f3a5-8123-42e8-85fa-f8a8b7079147
,,33.696567502292545,-84.38491967187461,Stage 5,DPA,Homeowner,1,1,2012,IA,AH,,,,"AH_DPA,HOB",,Permanent,,,0.0,40000.0,2023-06-06 16:00:00,2023-06-06 16:00:00,2023-06-06 16:00:00,1400590004002,200651.0,1500.0,,0,0,0,0,0,0.0,,0.0,0,15000,0.0,25000.0,0.0,0.0,0.0,0,0.0,0.0,0.0,0.0,0.0,0.0,,,Yes,ad4ea415-416d-4984-89e9-0f9db5facca6
,,33.70205704508663,-84.4734853078186,Stage 5,DPA,Homeowner,1,1,2013,IA,AH,,,,"AH_DPA,HOB",,Permanent,243050.0,203050.0,0.0,40000.0,2023-06-08 16:00:00,2023-06-08 16:00:00,2023-06-08 16:00:00,140199000100706,200700.0,2350.0,0.0,0,0,0,0,0,0.0,,0.0,0,15000,0.0,25000.0,0.0,0.0,0.0,0,0.0,0.0,0.0,0.0,0.0,0.0,,,Yes,27441ee6-abbc-4ee4-8f7d-f14760258dc9
,,33.67132024308394,-84.35805680513587,Stage 5,DPA,Homeowner,1,1,2014,IA,AH,,,,"AH_DPA,HOB",,Permanent,309098.0,269098.0,0.0,40000.0,2023-06-09 16:00:00,2023-06-09 16:00:00,2023-06-09 16:00:00,1400030002052,266463.0,2635.0,0.0,0,0,0,0,0,0.0,,0.0,0,15000,0.0,25000.0,0.0,0.0,0.0,0,0.0,0.0,0.0,0.0,0.0,0.0,,,Yes,a39a0d47-3c96-48ba-828d-af5b83bcc71b
,,33.78570298374896,-84.37986104021773,Stage 5,DPA,Homeowner,1,1,2015,IA,AH,,,,"AH_DPA,HOB",,Permanent,278064.0,238064.0,0.0,40000.0,2023-06-16 16:00:00,2023-06-16 16:00:00,2023-06-16 16:00:00,17010600240637,232000.0,6064.0,0.0,0,0,0,0,0,0.0,,0.0,0,15000,0.0,25000.0,0.0,0.0,0.0,0,0.0,0.0,0.0,0.0,0.0,0.0,,,Yes,4ae0dfe1-9e8e-4b9b-8390-572f7b85114d
,,33.68682036270004,-84.41541901626756,Stage 5,DPA,Homeowner,1,1,2016,IA,AH,,,,"AH_DPA,HOB",,Permanent,334250.0,284250.0,0.0,50000.0,2023-06-21 16:00:00,2023-06-21 16:00:00,2023-06-21 16:00:00,1401010008003,280295.0,3955.0,0.0,0,0,0,0,0,0.0,,0.0,0,30000,0.0,20000.0,0.0,0.0,0.0,0,0.0,0.0,0.0,0.0,0.0,0.0,,,Yes,edb59537-912e-498e-89aa-542a5ffdf34e
,,33.651981318750245,-84.35392638390897,Stage 5,DPA,Homeowner,1,1,2017,IA,AH,,,,"AH_DPA,HOB",,Permanent,307294.0,267294.0,0.0,40000.0,2023-06-22 16:00:00,2023-06-22 16:00:00,2023-06-22 16:00:00,140001LL111,261104.0,6190.0,0.0,0,0,0,0,0,0.0,,0.0,0,15000,0.0,25000.0,0.0,0.0,0.0,0,0.0,0.0,0.0,0.0,0.0,0.0,,,Yes,335ce05d-3aba-4af5-8857-5e034aa9a4f0
,,33.70972371032131,-84.38398624183075,Stage 5,DPA,Homeowner,1,1,2018,IA,AH,,,,"AH_DPA,HOB",,Permanent,268500.0,233500.0,0.0,35000.0,2023-06-22 16:00:00,2023-06-22 16:00:00,2023-06-22 16:00:00,1400570011036,228450.0,5050.0,0.0,0,0,0,0,0,0.0,,0.0,0,15000,0.0,20000.0,0.0,0.0,0.0,0,0.0,0.0,0.0,0.0,0.0,0.0,,,Yes,b4f2a48f-0185-4c17-8d2d-9310b942bb0b
,,33.65477565748083,-84.35420700223817,Stage 5,DPA,Homeowner,1,1,2019,IA,,,,,HOB,,Permanent,380604.0,350604.0,0.0,30000.0,2023-06-22 16:00:00,2023-06-22 16:00:00,2023-06-22 16:00:00,140007LL040,349104.0,1500.0,0.0,0,0,0,0,0,0.0,,0.0,0,30000,0.0,0.0,0.0,0.0,0.0,0,0.0,0.0,0.0,0.0,0.0,0.0,,,Yes,09c49c0d-df82-42de-8dfe-e597f0f1ce65
,,33.74646089341587,-84.45701033829842,Stage 5,DPA,Homeowner,1,1,2020,IA,Other,,,,HOB,,Permanent,233625.0,218625.0,0.0,15000.0,2023-06-27 16:00:00,2023-06-27 16:00:00,2023-06-27 16:00:00,1401810005003,210975.0,2650.0,5000.0,0,0,0,0,0,0.0,,0.0,0,15000,0.0,0.0,0.0,0.0,0.0,0,0.0,0.0,0.0,0.0,0.0,0.0,,,Yes,529e5119-edb0-45fe-8ae1-30cb7e058492
,,33.7081662718183,-84.41287923248782,Stage 5,DPA,Homeowner,1,1,2021,IA,AH,,,,"AH_DPA,HOB",,Permanent,272128.0,222128.0,0.0,50000.0,2023-06-27 16:00:00,2023-06-27 16:00:00,2023-06-27 16:00:00,1401040004099,219373.0,2755.0,0.0,0,0,0,0,0,0.0,,0.0,0,30000,0.0,20000.0,0.0,0.0,0.0,0,0.0,0.0,0.0,0.0,0.0,0.0,,,Yes,b9993d9b-d6af-4404-89b6-fe6d13426b38
,,33.758735555827855,-84.43740780583204,Stage 5,DPA,Homeowner,1,1,2022,IA,,,,,HOB,,Permanent,222752.0,192752.0,0.0,30000.0,2023-06-28 16:00:00,2023-06-28 16:00:00,2023-06-28 16:00:00,1401470005011,190482.0,2270.0,0.0,0,0,0,0,0,0.0,,0.0,0,30000,0.0,0.0,0.0,0.0,0.0,0,0.0,0.0,0.0,0.0,0.0,0.0,,,Yes,9504ecd6-2868-44b2-8897-f7ab0cce1498
,,33.74985047428469,-84.5239582746631,Stage 5,DPA,Homeowner,1,1,2023,IA,AH,,,,"AH_DPA,HOB",,Permanent,288542.0,238542.0,0.0,50000.0,2023-06-30 16:00:00,2023-06-30 16:00:00,2023-06-30 16:00:00,14F002500050167,236467.0,2075.0,0.0,0,0,0,0,0,0.0,,0.0,0,30000,0.0,20000.0,0.0,0.0,0.0,0,0.0,0.0,0.0,0.0,0.0,0.0,,,Yes,5dd7f876-ee86-452e-8cf6-459f92f10001
,,33.69850841756769,-84.4159580416221,Stage 5,DPA,Homeowner,1,1,2024,IA,AH,,,,"AH_DPA,HOB",,Permanent,257287.0,207287.0,0.0,50000.0,2023-06-30 16:00:00,2023-06-30 16:00:00,2023-06-30 16:00:00,14010300020245,203093.0,4194.0,0.0,0,0,0,0,0,0.0,,0.0,0,30000,0.0,20000.0,0.0,0.0,0.0,0,0.0,0.0,0.0,0.0,0.0,0.0,,,Yes,70447c44-e05f-4947-8969-b1725a4b2726
,,33.69765820158796,-84.36440247433364,Stage 5,DPA,Homeowner,1,1,2025,IA,AH,,,,"AH_DPA,HOB",,Permanent,249221.0,199221.0,0.0,50000.0,2023-06-30 16:00:00,2023-06-30 16:00:00,2023-06-30 16:00:00,1400260003040,196377.0,2844.0,0.0,0,0,0,0,0,0.0,,0.0,0,30000,0.0,20000.0,0.0,0.0,0.0,0,0.0,0.0,0.0,0.0,0.0,0.0,,,Yes,b42e9ac3-c636-423d-87e5-11ebc475d90b
,,33.77465881323889,-84.50900605839715,Stage 5,DPA,Homeowner,1,1,2026,IA,,,,,HOB,,Permanent,299252.0,269252.0,0.0,30000.0,2023-06-30 16:00:00,2023-06-30 16:00:00,2023-06-30 16:00:00,14F00160002113,263747.0,5505.0,0.0,0,0,0,0,0,0.0,,0.0,0,30000,0.0,0.0,0.0,0.0,0.0,0,0.0,0.0,0.0,0.0,0.0,0.0,,,Yes,f7c1eabd-bae1-4a92-84cc-6153e89daf6d
Symphony at Lakewood (1081 Estes),"1081 Estes Drive SW, Atlanta, GA 30310",33.698260602996825,-84.4227082943058,Stage 5,New_Construction,Renter,23,23,2027,Other,,,,"ANDP, Prestwick Companies",Other,IA Loan (TBC),,245000.0,0.0,0.0,245000.0,,2021-07-01 16:00:00,2023-06-07 16:00:00,14 0122  LL013,0.0,0.0,0.0,0,0,0,0,0,0.0,,0.0,0,0,0.0,0.0,0.0,0.0,245000.0,0,0.0,23.0,0.0,0.0,0.0,0.0,,9%,Yes,201cf8cd-27aa-422b-8135-2aed54320805
Symphony at Lakewood (1080 Estes),"1080 Estes Drive SW, Atlanta, GA 30310",33.69827101284328,-84.42488652523953,Stage 4,New_Construction,Renter,37,37,2028,Other,Other,,,"ANDP, Prestwick Companies",Other,IA Loan (TBC),,245000.0,0.0,0.0,245000.0,,2021-07-01 16:00:00,,14 0122  LL027,0.0,0.0,0.0,0,0,0,0,0,0.0,,0.0,0,0,0.0,0.0,0.0,0.0,245000.0,0,0.0,7.0,18.0,12.0,0.0,0.0,PSO,9%,Yes,5a4d95d2-611c-4f1e-854a-91fc10df5369
,,33.69330599610381,-84.371480981061,Stage 5,Rehab_HomeFlex,Homeowner,1,1,2029,IA,,,,,HOB,,,,0.0,,30000.0,2023-04-21 16:00:00,2023-04-21 16:00:00,2023-06-30 16:00:00,14 003800030863,0.0,0.0,0.0,0,0,0,0,0,0.0,,,0,30000,0.0,0.0,0.0,0.0,0.0,0,0.0,0.0,1.0,0.0,0.0,0.0,,,Yes,36d41635-da56-4161-8e38-5b658b16861e
,,33.713133010879694,-84.38283804076856,Stage 5,Rehab_HomeFlex,Homeowner,1,1,2030,IA,,,,,HOB,,,29994.0,0.0,0.0,29994.0,2023-04-04 16:00:00,2023-04-04 16:00:00,2023-06-30 16:00:00,14 005700030182,0.0,0.0,0.0,0,0,0,0,0,0.0,,0.0,0,29994,0.0,0.0,0.0,0.0,0.0,0,0.0,0.0,1.0,0.0,0.0,0.0,,,Yes,60114b98-0ad7-4b9a-828f-e970d4bbfc19
,,33.70482364366544,-84.54349795630458,Stage 5,DPA,Homeowner,1,1,2031,IA,AH,,,,"AH_DPA,HOB",,Permanent,286155.0,236155.0,0.0,50000.0,2023-07-05 16:00:00,2023-07-05 16:00:00,2023-07-05 16:00:00,14F00640004084,231990.0,4165.0,0.0,0,0,0,0,0,0.0,,0.0,0,30000,0.0,20000.0,0.0,0.0,0.0,0,0.0,0.0,0.0,0.0,0.0,0.0,,,Yes,aa8595be-cbac-4761-8337-9f04a4960f18
,,33.708017382596644,-84.46679828670548,Stage 5,DPA,Both,1,1,2032,IA,,,,,HOB,,Permanent,317014.0,287014.0,0.0,30000.0,2023-07-07 16:00:00,2023-07-07 16:00:00,2023-07-07 16:00:00,1402000001033,282865.0,4149.0,0.0,0,0,0,0,0,0.0,,0.0,0,30000,0.0,0.0,0.0,0.0,0.0,0,0.0,0.0,0.0,0.0,0.0,0.0,,,Yes,f7e38ccc-1174-496e-8a6b-47b964bf649f
,,33.690933894326314,-84.50277804462529,Stage 5,DPA,Both,1,1,2033,IA,,,,,HOB,,Permanent,301342.0,286342.0,0.0,15000.0,2023-07-10 16:00:00,2023-07-10 16:00:00,2023-07-10 16:00:00,1402510002098,284747.0,1595.0,0.0,0,0,0,0,0,0.0,,0.0,0,15000,0.0,0.0,0.0,0.0,0.0,0,0.0,0.0,0.0,0.0,0.0,0.0,,,Yes,24bcedc0-37b4-459b-84ed-4defdc99681f
,,33.702123316745286,-84.54147535198733,Stage 5,DPA,Both,1,1,2034,IA,,,,,HOB,,Permanent,295810.0,265810.0,0.0,30000.0,,2023-07-10 16:00:00,2023-07-10 16:00:00,14F006400041218,262108.0,3702.0,0.0,0,0,0,0,0,0.0,,0.0,0,30000,0.0,0.0,0.0,0.0,0.0,0,0.0,0.0,0.0,0.0,0.0,0.0,,,Yes,271ff9dd-4d82-4213-87e9-80ba5fff524b
,,33.76477299433423,-84.38356701488775,Stage 5,DPA,Both,1,1,2035,IA,,,,,HOB,,Permanent,280382.0,250382.0,0.0,30000.0,2023-07-14 16:00:00,2023-07-14 16:00:00,2023-07-14 16:00:00,140050015035,244963.0,5419.0,0.0,0,0,30000,0,0,0.0,,0.0,0,0,0.0,0.0,0.0,0.0,0.0,0,0.0,0.0,0.0,0.0,0.0,0.0,,,Yes,2b362e3e-9d9c-424b-8349-484bf6c0b1f0
,,33.78172750377298,-84.45207015741798,Stage 5,DPA,Both,1,1,2036,IA,AH,,,,"AH_DPA,TAD",,Permanent,197928.0,167928.0,0.0,30000.0,2023-07-14 16:00:00,2023-07-14 16:00:00,2023-07-14 16:00:00,1702260007051,164500.0,3428.0,0.0,0,0,0,0,0,0.0,,0.0,10000,0,0.0,20000.0,0.0,0.0,0.0,0,0.0,0.0,0.0,0.0,0.0,0.0,,,Yes,9a3e5315-a417-4449-8613-5330d13883a6
,,33.68953937737749,-84.35414044355849,Stage 5,DPA,Both,1,1,2037,IA,AH,,,,"AH_DPA,HOB",,Permanent,285594.0,230594.0,0.0,55000.0,2023-07-19 16:00:00,2023-07-19 16:00:00,2023-07-19 16:00:00,1400060002091,229039.0,1555.0,0.0,0,0,0,0,0,0.0,,0.0,0,30000,0.0,25000.0,0.0,0.0,0.0,0,0.0,0.0,0.0,0.0,0.0,0.0,,,Yes,dd578a9d-99aa-4acc-83ca-faaea44a5e5c
,,33.75401160769708,-84.51764287374051,Stage 5,DPA,Both,1,1,2038,IA,AH,,,,"AH_DPA,HOB",,Permanent,290425.0,240425.0,0.0,50000.0,2023-07-19 16:00:00,2023-07-19 16:00:00,2023-07-19 16:00:00,,237000.0,3425.0,0.0,0,0,0,0,0,0.0,,0.0,0,30000,0.0,20000.0,0.0,0.0,0.0,0,0.0,0.0,0.0,0.0,0.0,0.0,,,Yes,e1482f04-b759-404e-83f9-734b61c3e04a
,,33.66840263606929,-84.49262861441316,Stage 5,DPA,Both,1,1,2039,IA,AH,,,,"AH_DPA,HOB",,Permanent,322094.0,272094.0,0.0,50000.0,2023-07-21 16:00:00,2023-07-21 16:00:00,2023-07-21 16:00:00,140227LL134,267000.0,5094.0,0.0,0,0,0,0,0,0.0,,0.0,0,30000,0.0,20000.0,0.0,0.0,0.0,0,0.0,0.0,0.0,0.0,0.0,0.0,,,Yes,b5af5fab-a903-495c-8bf2-220ea59f002e
,,33.6946288293204,-84.39314439588239,Stage 5,DPA,Homeowner,1,1,2040,IA,,,,,"AH_DPA,HOB",,Permanent,224820.0,174820.0,0.0,50000.0,2023-07-28 16:00:00,2023-07-28 16:00:00,2023-07-28 16:00:00,1400700009110,172720.0,2100.0,0.0,0,0,0,0,0,0.0,,0.0,0,30000,0.0,20000.0,0.0,0.0,0.0,0,0.0,0.0,0.0,0.0,0.0,0.0,,,Yes,66e4ca73-05d1-4bd1-866e-253efbb14db0
,,33.734518587363205,-84.40450018388917,Stage 5,DPA,Homeowner,1,1,2041,IA,AH,,,,"AH_DPA,HOB",,Permanent,266448.0,216448.0,0.0,50000.0,2023-07-31 16:00:00,2023-07-31 16:00:00,2023-07-31 16:00:00,14008600070027,200000.0,16448.0,0.0,0,0,0,0,0,0.0,,0.0,0,30000,0.0,20000.0,0.0,0.0,0.0,0,0.0,0.0,0.0,0.0,0.0,0.0,,,Yes,3693cf7b-8369-4a61-8021-5b6b6ac291d3
,,33.665058428395476,-84.38253241885029,Stage 5,DPA,Homeowner,1,1,2042,IA,AH,,,,"AH_DPA,HOB",,Permanent,280126.0,230126.0,0.0,50000.0,2023-07-31 16:00:00,2023-07-31 16:00:00,2023-07-31 16:00:00,140062LL1575,226901.0,3225.0,0.0,0,0,0,0,0,0.0,,0.0,0,30000,0.0,20000.0,0.0,0.0,0.0,0,0.0,0.0,0.0,0.0,0.0,0.0,,,Yes,aaf288b1-09d9-49a9-8a3c-4ad26c8a3f5e
,,33.75103999999943,-84.3841535999986,Stage 5,DPA,Homeowner,1,1,2043,AH,,,,,AH_DPA,,,307900.0,282900.0,0.0,25000.0,,2023-02-06 16:00:00,2023-02-23 16:00:00,,0.0,282900.0,0.0,0,0,0,0,0,0.0,,0.0,0,0,0.0,25000.0,0.0,0.0,0.0,0,0.0,0.0,0.0,1.0,0.0,0.0,,,Yes,3e68ec76-6a69-4650-87ef-c887aec5c3a6
,,33.75103999999943,-84.3841535999986,Stage 5,DPA,Homeowner,1,1,2044,AH,,,,,AH_DPA,,,160000.0,140000.0,0.0,20000.0,2023-04-12 16:00:00,2023-03-30 16:00:00,2023-04-12 16:00:00,,140000.0,0.0,0.0,0,0,0,0,0,0.0,,0.0,0,0,0.0,20000.0,0.0,0.0,0.0,0,0.0,1.0,0.0,0.0,0.0,0.0,,,Yes,60ae665e-659f-483a-8219-e62e45eb1c64
,,33.75103999999943,-84.3841535999986,Stage 5,DPA,Homeowner,1,1,2045,AH,,,,,AH_DPA,,,320000.0,300000.0,0.0,20000.0,2023-04-12 17:00:00,2023-03-30 17:00:00,2023-04-12 17:00:00,,140000.0,160000.0,0.0,0,0,0,0,0,0.0,,0.0,0,0,0.0,20000.0,0.0,0.0,0.0,0,0.0,1.0,0.0,0.0,0.0,0.0,,,Yes,7f6cfcb5-fe5f-4a3d-89fb-8a31638eee08
,,33.75103999999943,-84.3841535999986,Stage 5,DPA,Homeowner,1,1,2046,AH,,,,,AH_DPA,,,566000.0,546000.0,0.0,20000.0,2023-04-28 17:00:00,2023-04-13 17:00:00,2023-04-28 17:00:00,,263000.0,283000.0,0.0,0,0,0,0,0,0.0,,0.0,0,0,0.0,20000.0,0.0,0.0,0.0,0,0.0,0.0,1.0,0.0,0.0,0.0,,,Yes,81ef4067-b1e4-49a5-8bf8-7ad7fd32bc2e
,,33.75103999999943,-84.3841535999986,Stage 5,DPA,Homeowner,1,1,2047,AH,,,,,AH_DPA,,,390000.0,365000.0,0.0,25000.0,2023-04-17 17:00:00,2023-04-04 17:00:00,2023-04-17 17:00:00,,170000.0,195000.0,0.0,0,0,0,0,0,0.0,,0.0,0,0,0.0,25000.0,0.0,0.0,0.0,0,0.0,0.0,1.0,0.0,0.0,0.0,,,Yes,67f9232f-59d1-4a9c-82e6-cae8c5fc1690
,,33.75103999999943,-84.3841535999986,Stage 5,DPA,Homeowner,1,1,2048,AH,,,,,AH_DPA,,,480000.0,460000.0,0.0,20000.0,2023-04-13 17:00:00,2023-03-30 17:00:00,2023-04-13 17:00:00,,220000.0,240000.0,0.0,0,0,0,0,0,0.0,,0.0,0,0,0.0,20000.0,0.0,0.0,0.0,0,0.0,0.0,0.0,1.0,0.0,0.0,,,Yes,8c621bfd-5af6-4758-8b3d-3f3bc782c3ac
,,33.75103999999943,-84.3841535999986,Stage 5,DPA,Homeowner,1,1,2049,AH,,,,,AH_DPA,,,600000.0,575000.0,0.0,25000.0,2023-04-07 17:00:00,2023-03-20 17:00:00,2023-04-07 17:00:00,,275000.0,300000.0,0.0,0,0,0,0,0,0.0,,0.0,0,0,0.0,25000.0,0.0,0.0,0.0,0,0.0,0.0,0.0,1.0,0.0,0.0,,,Yes,108bf5fa-7701-479f-8397-baa8a41585c1
,,33.75103999999943,-84.3841535999986,Stage 5,DPA,Homeowner,1,1,2050,AH,,,,,AH_DPA,,,356000.0,336000.0,0.0,20000.0,2023-05-26 17:00:00,2023-05-10 17:00:00,2023-05-26 17:00:00,,158000.0,178000.0,0.0,0,0,0,0,0,0.0,,0.0,0,0,0.0,20000.0,0.0,0.0,0.0,0,0.0,1.0,0.0,0.0,0.0,0.0,,,Yes,42883867-b701-4ce5-8d72-ced18d5b594e
,,33.75103999999943,-84.3841535999986,Stage 5,DPA,Homeowner,1,1,2051,AH,,,,,AH_DPA,,,380000.0,360000.0,0.0,20000.0,2023-05-22 17:00:00,2023-04-21 17:00:00,2023-05-22 17:00:00,,170000.0,190000.0,0.0,0,0,0,0,0,0.0,,0.0,0,0,0.0,20000.0,0.0,0.0,0.0,0,0.0,1.0,0.0,0.0,0.0,0.0,,,Yes,8b6f6746-12cb-4c0c-8f3d-0e2dfaae44ce
,,33.75103999999943,-84.3841535999986,Stage 5,DPA,Homeowner,1,1,2052,AH,,,,,AH_DPA,,,420000.0,400000.0,0.0,20000.0,,2023-05-02 17:00:00,2023-05-18 17:00:00,,190000.0,210000.0,0.0,0,0,0,0,0,0.0,,0.0,0,0,0.0,20000.0,0.0,0.0,0.0,0,0.0,0.0,1.0,0.0,0.0,0.0,,,Yes,5db2d8fb-a0f4-4bbc-8676-bc56fb2e071b
,,33.75103999999943,-84.3841535999986,Stage 5,DPA,Homeowner,1,1,2053,AH,,,,,AH_DPA,,,410000.0,385000.0,0.0,25000.0,2023-05-08 17:00:00,2023-04-17 17:00:00,2023-05-08 17:00:00,,180000.0,205000.0,0.0,0,0,0,0,0,0.0,,0.0,0,0,0.0,25000.0,0.0,0.0,0.0,0,0.0,0.0,1.0,0.0,0.0,0.0,,,Yes,9c8cc2df-3086-4ee1-8e42-f3e41223e8f9
,,33.75103999999943,-84.3841535999986,Stage 5,DPA,Homeowner,1,1,2054,AH,,,,,AH_DPA,,,493000.0,473000.0,0.0,20000.0,2023-05-08 17:00:00,2023-04-19 17:00:00,2023-05-08 17:00:00,,226500.0,246500.0,0.0,0,0,0,0,0,0.0,,0.0,0,0,0.0,20000.0,0.0,0.0,0.0,0,0.0,0.0,0.0,1.0,0.0,0.0,,,Yes,423b204b-b3f0-48cb-8581-41c8eb63609a
,,33.75103999999943,-84.3841535999986,Stage 5,DPA,Homeowner,1,1,2055,AH,,,,,AH_DPA,,,510000.0,490000.0,0.0,20000.0,2023-06-08 17:00:00,2023-05-26 17:00:00,2023-06-08 17:00:00,,235000.0,255000.0,0.0,0,0,0,0,0,0.0,,0.0,0,0,0.0,20000.0,0.0,0.0,0.0,0,0.0,0.0,0.0,1.0,0.0,0.0,,,Yes,1a69f501-f3c4-4de5-83b0-fdf457f64b6f
,,33.75103999999943,-84.3841535999986,Stage 5,DPA,Homeowner,1,1,2056,AH,,,,,AH_DPA,,,344000.0,324000.0,0.0,20000.0,,2023-05-04 17:00:00,2023-05-04 17:00:00,,152000.0,172000.0,0.0,0,0,0,0,0,0.0,,0.0,0,0,0.0,20000.0,0.0,0.0,0.0,0,0.0,0.0,0.0,1.0,0.0,0.0,,,Yes,833bf0b4-3e70-4cc1-8a1a-b7ce3df1e2b3
,,33.75103999999943,-84.3841535999986,Stage 5,DPA,Homeowner,1,1,2057,AH,,,,,AH_DPA,,,559800.0,546800.0,0.0,13000.0,2023-05-23 17:00:00,2023-05-10 17:00:00,2023-05-23 17:00:00,,266900.0,279900.0,0.0,0,0,0,0,0,0.0,,0.0,0,0,0.0,13000.0,0.0,0.0,0.0,0,0.0,0.0,0.0,1.0,0.0,0.0,,,Yes,b0144d75-fa76-40b8-8748-396e3bd10e76
,,33.75103999999943,-84.3841535999986,Stage 5,DPA,Homeowner,1,1,2058,AH,,,,,AH_DPA,,,402000.0,382000.0,0.0,20000.0,2023-05-25 17:00:00,2023-05-11 17:00:00,2023-05-25 17:00:00,,181000.0,201000.0,0.0,0,0,0,0,0,0.0,,0.0,0,0,0.0,20000.0,0.0,0.0,0.0,0,0.0,0.0,0.0,1.0,0.0,0.0,,,Yes,cd643e8e-b013-46f5-8565-6b90a7807745
,,33.75103999999943,-84.3841535999986,Stage 5,DPA,Homeowner,1,1,2059,AH,,,,,AH_DPA,,,378000.0,358000.0,0.0,20000.0,2023-06-29 17:00:00,2023-06-14 17:00:00,2023-06-29 17:00:00,,169000.0,189000.0,0.0,0,0,0,0,0,0.0,,0.0,0,0,0.0,20000.0,0.0,0.0,0.0,0,0.0,1.0,0.0,0.0,0.0,0.0,,,Yes,628439b8-020d-4ec7-8668-e6af8c5eaa50
,,33.74776319999942,-84.3841535999986,Stage 5,DPA,Homeowner,1,1,2060,AH,,,,,AH_DPA,,,374128.0,354128.0,0.0,20000.0,2023-06-27 17:00:00,2023-05-26 17:00:00,2023-06-27 17:00:00,,167064.0,187064.0,0.0,0,0,0,0,0,0.0,,0.0,0,0,0.0,20000.0,0.0,0.0,0.0,0,0.0,1.0,0.0,0.0,0.0,0.0,,,Yes,69bbb9f2-be63-43c6-8b42-8c195a21f87e
,,33.74776319999942,-84.3841535999986,Stage 5,DPA,Homeowner,1,1,2061,AH,,,,,AH_DPA,,,370000.0,350000.0,0.0,20000.0,2023-06-02 17:00:00,2023-05-17 17:00:00,2023-06-02 17:00:00,,165000.0,185000.0,0.0,0,0,0,0,0,0.0,,0.0,0,0,0.0,20000.0,0.0,0.0,0.0,0,0.0,1.0,0.0,0.0,0.0,0.0,,,Yes,53912626-5ce9-409e-8fcc-82c1c1275e86
,,33.74776319999942,-84.3841535999986,Stage 5,DPA,Homeowner,1,1,2062,AH,,,,,AH_DPA,,,450000.0,430000.0,0.0,20000.0,2023-06-28 17:00:00,2023-06-09 17:00:00,2023-06-28 17:00:00,,205000.0,225000.0,0.0,0,0,0,0,0,0.0,,0.0,0,0,0.0,20000.0,0.0,0.0,0.0,0,0.0,0.0,1.0,0.0,0.0,0.0,,,Yes,fda1f4da-3e87-4487-8217-bd42f3ea0f5e
,,33.74776319999942,-84.3841535999986,Stage 5,DPA,Homeowner,1,1,2063,AH,,,,,AH_DPA,,,450000.0,425000.0,0.0,25000.0,2023-06-01 17:00:00,2023-05-03 17:00:00,2023-06-01 17:00:00,,200000.0,225000.0,0.0,0,0,0,0,0,0.0,,0.0,0,0,0.0,25000.0,0.0,0.0,0.0,0,0.0,0.0,0.0,1.0,0.0,0.0,,,Yes,109783b6-9492-493b-8541-c0825016dc03
,,33.74776319999942,-84.3841535999986,Stage 5,DPA,Homeowner,1,1,2064,AH,,,,,AH_DPA,,,469800.0,449800.0,0.0,20000.0,2023-06-12 17:00:00,2023-05-01 17:00:00,2023-06-12 17:00:00,,214900.0,234900.0,0.0,0,0,0,0,0,0.0,,0.0,0,0,0.0,20000.0,0.0,0.0,0.0,0,0.0,0.0,0.0,1.0,0.0,0.0,,,Yes,122e800e-4f71-45a3-83ce-803d90471339
,,33.74776319999942,-84.3841535999986,Stage 5,DPA,Homeowner,1,1,2065,AH,,,,,AH_DPA,,,518000.0,493000.0,0.0,25000.0,2023-06-14 17:00:00,2023-05-25 17:00:00,2023-06-14 17:00:00,,234000.0,259000.0,0.0,0,0,0,0,0,0.0,,0.0,0,0,0.0,25000.0,0.0,0.0,0.0,0,0.0,0.0,0.0,1.0,0.0,0.0,,,Yes,46e78e53-f78b-4306-8297-b7472f85ed95
,,33.74776319999942,-84.3841535999986,Stage 5,DPA,Homeowner,1,1,2066,AH,,,,,AH_DPA,,,538000.0,513000.0,0.0,25000.0,2023-06-23 17:00:00,2023-06-05 17:00:00,2023-06-23 17:00:00,,244000.0,269000.0,0.0,0,0,0,0,0,0.0,,0.0,0,0,0.0,25000.0,0.0,0.0,0.0,0,0.0,0.0,0.0,1.0,0.0,0.0,,,Yes,7362e46a-8d3f-4567-8fa3-438365e9a3ae
,,33.73870204959094,-84.51576298063291,Stage 5,DPA,Homeowner,1,1,2067,AH,,,,,AH_DPA,,,20000.0,0.0,0.0,20000.0,,2023-06-21 16:00:00,2023-07-06 16:00:00,,0.0,0.0,0.0,0,0,0,0,0,0.0,,0.0,0,0,0.0,20000.0,0.0,0.0,0.0,0,0.0,0.0,0.0,1.0,0.0,0.0,,,Yes,90174add-f65b-43a4-80bf-7f2d2dbc4856
,,33.74509300078013,-84.49674202249783,Stage 5,DPA,Homeowner,1,1,2068,AH,,,,,AH_DPA,,,20000.0,0.0,0.0,20000.0,,2023-06-14 16:00:00,2023-07-10 16:00:00,,0.0,0.0,0.0,0,0,0,0,0,0.0,,0.0,0,0,0.0,20000.0,0.0,0.0,0.0,0,0.0,0.0,1.0,0.0,0.0,0.0,,,Yes,df7fa604-7cc2-4f3e-8bdd-7db0f6fe81e3
,,33.70177560116645,-84.47437117094105,Stage 5,DPA,Homeowner,1,1,2069,AH,,,,,AH_DPA,,,25000.0,0.0,0.0,25000.0,,2023-06-29 16:00:00,2023-07-18 16:00:00,,0.0,0.0,0.0,0,0,0,0,0,0.0,,0.0,0,0,0.0,25000.0,0.0,0.0,0.0,0,0.0,1.0,0.0,0.0,0.0,0.0,,,Yes,477e5fc5-ae7c-419c-80d3-4773e80e782d
,,33.726152998267736,-84.4440639877897,Stage 5,DPA,Homeowner,1,1,2070,AH,,,,,AH_DPA,,,25000.0,0.0,0.0,25000.0,,2023-07-05 16:00:00,2023-07-24 16:00:00,,0.0,0.0,0.0,0,0,0,0,0,0.0,,0.0,0,0,0.0,25000.0,0.0,0.0,0.0,0,0.0,0.0,1.0,0.0,0.0,0.0,,,Yes,a725fd5a-c394-4bae-87b5-b8068948245a
,,33.72555398555731,-84.40383898299368,Stage 5,DPA,Homeowner,1,1,2071,AH,,,,,AH_DPA,,,20000.0,0.0,0.0,20000.0,,2023-07-06 16:00:00,2023-08-27 16:00:00,,0.0,0.0,0.0,0,0,0,0,0,0.0,,0.0,0,0,0.0,20000.0,0.0,0.0,0.0,0,0.0,0.0,0.0,1.0,0.0,0.0,,,Yes,2772ba86-556d-494a-80f8-d4057c8f68b2
,,33.71482598768305,-84.43169397508339,Stage 5,DPA,Homeowner,1,1,2072,AH,,,,,AH_DPA,,,20000.0,0.0,0.0,20000.0,,2023-06-29 16:00:00,2023-07-27 16:00:00,,0.0,0.0,0.0,0,0,0,0,0,0.0,,0.0,0,0,0.0,20000.0,0.0,0.0,0.0,0,0.0,1.0,0.0,0.0,0.0,0.0,,,Yes,a098bdd3-8efb-4e5b-887f-828c3aebebb8
Residences at Westview,"1991 MLK Jr Dr SW, 30331",33.75053752195353,-84.44869440106369,Stage 5,New_Construction,Renter,60,54,2073,IA,,,,,HOB,,Construction,700000.0,0.0,0.0,700000.0,2023-07-31 16:00:00,2023-04-13 16:00:00,2023-12-27 17:00:00,,0.0,0.0,0.0,0,0,0,0,0,0.0,,0.0,0,700000,0.0,0.0,0.0,0.0,0.0,0,0.0,11.0,43.0,0.0,0.0,6.0,,,Yes,68548070-c761-49fd-80f0-eb7fa0266cef
,,33.77924078136444,-84.46252374994135,Stage 5,Rehab_HomeFlex,Homeowner,1,1,2074,COA,,,,,CDBG,,Construction,6800.0,0.0,0.0,6800.0,,2023-06-21 16:00:00,2023-06-21 16:00:00,,0.0,0.0,0.0,0,0,0,0,0,6800.0,,0.0,0,0,0.0,0.0,0.0,0.0,0.0,0,1.0,0.0,0.0,0.0,0.0,0.0,,,Yes,7dda3690-4773-4621-8f58-30ab4b7a12c6
,,33.717469548051454,-84.40374362290959,Stage 5,Rehab_HomeFlex,Homeowner,1,1,2075,COA,COA,,,,CDBG,,,7948.0,0.0,0.0,7948.0,,2023-06-28 16:00:00,2023-06-28 16:00:00,,0.0,0.0,0.0,0,0,0,0,0,7948.0,,0.0,0,0,0.0,0.0,0.0,0.0,0.0,0,1.0,0.0,0.0,0.0,0.0,0.0,,,Yes,a44d5fd7-d937-4448-82d7-477fe4ce13fe
,,33.77912909381607,-84.50353835188557,Stage 5,Rehab_HomeFlex,Homeowner,1,1,2076,COA,,,,,CDBG,,Construction,8763.0,0.0,0.0,8763.0,,2023-07-14 16:00:00,2023-07-14 16:00:00,,0.0,0.0,0.0,0,0,0,0,0,8763.0,,0.0,0,0,0.0,0.0,0.0,0.0,0.0,0,0.0,1.0,0.0,0.0,0.0,0.0,,,Yes,9dbcb334-8034-4ef7-8435-39132a447a7c
,,33.755544764431924,-84.43748921384308,Stage 5,Rehab_HomeFlex,Homeowner,1,1,2077,COA,COA,,,,CDBG,,Construction,11280.0,0.0,0.0,11280.0,,2023-06-28 16:00:00,2023-06-28 16:00:00,,0.0,0.0,0.0,0,0,0,0,0,11280.0,,0.0,0,0,0.0,0.0,0.0,0.0,0.0,0,0.0,1.0,0.0,0.0,0.0,0.0,,,Yes,512c3247-48fe-4b2f-8fe5-eface9227cdc
,,33.75229887765005,-84.42102553626319,Stage 5,Rehab_HomeFlex,Homeowner,1,1,2078,COA,,,,,CDBG,,Construction,11322.0,0.0,0.0,11322.0,,2023-07-10 16:00:00,2023-07-10 16:00:00,,0.0,0.0,0.0,0,0,0,0,0,11322.0,,0.0,0,0,0.0,0.0,0.0,0.0,0.0,0,1.0,0.0,0.0,0.0,0.0,0.0,,,Yes,7e90c7ff-9dee-4ce3-8960-b55473ee454e
,,33.70554443077588,-84.50459439907402,Stage 5,Rehab_HomeFlex,Homeowner,1,1,2079,COA,,,,,CDBG,,Construction,6931.0,0.0,0.0,6931.0,,2023-07-27 16:00:00,2023-07-27 16:00:00,,0.0,0.0,0.0,0,0,0,0,0,6931.0,,0.0,0,0,0.0,0.0,0.0,0.0,0.0,0,0.0,1.0,0.0,0.0,0.0,0.0,,,Yes,236a15bf-c6da-45f7-89b9-32d89ff57ba1
,,33.72027473845967,-84.48398720634538,Stage 5,Rehab_HomeFlex,Homeowner,1,1,2080,COA,,,,,CDBG,,Construction,10700.0,0.0,0.0,10700.0,,2023-07-01 16:00:00,2023-07-01 16:00:00,,0.0,0.0,0.0,0,0,0,0,0,10700.0,,0.0,0,0,0.0,0.0,0.0,0.0,0.0,0,0.0,0.0,1.0,0.0,0.0,0.0,,,Yes,d27899a5-85f9-4d38-8e76-8fb3ee9c93ca
,,33.75940535892163,-84.40922751859569,Stage 5,DPA,Both,1,1,2081,IA,Other,,,Atlanta Neighborhood Development Partnership,"HOB,Housing_Trust_Fund,Other",,Permanent,356498.0,266498.0,0.0,90000.0,2023-08-01 16:00:00,2023-08-01 16:00:00,2023-08-01 16:00:00,14011000060606,259462.0,7036.0,0.0,0,0,0,0,0,0.0,,0.0,0,20000,10000.0,0.0,0.0,0.0,60000.0,0,0.0,0.0,0.0,0.0,0.0,0.0,,,Yes,aa6aef25-8bb1-4d4d-8b40-78154b9c89d6
,,33.708474013818645,-84.48314503044037,Stage 5,DPA,Homeowner,1,1,2082,IA,AH,,,,"AH_DPA,HOB",,Permanent,221470.0,171470.0,0.0,50000.0,2023-08-01 16:00:00,2023-08-01 16:00:00,2023-08-01 16:00:00,140217LL140,168000.0,3470.0,0.0,0,0,0,0,0,0.0,,0.0,0,30000,0.0,20000.0,0.0,0.0,0.0,0,0.0,0.0,0.0,0.0,1.0,0.0,,,Yes,d9e931c2-981b-433a-891d-1251f58fe009
,,33.74090092634778,-84.5063226677907,Stage 5,DPA,Homeowner,1,1,2083,IA,AH,,,,"AH_DPA,HOB",,Permanent,280998.0,225998.0,0.0,55000.0,2023-08-02 16:00:00,2023-08-02 16:00:00,2023-08-02 16:00:00,14F0012LL0986,220626.0,5372.0,0.0,0,0,0,0,0,0.0,,0.0,0,30000,0.0,25000.0,0.0,0.0,0.0,0,0.0,0.0,0.0,0.0,1.0,0.0,,,Yes,48b9e9d9-ea7f-4cd9-8c25-691d313469ee
,,33.733457563472705,-84.40405742564322,Stage 5,DPA,Homeowner,1,1,2084,IA,AH,,,,"AH_DPA,HOB",,Permanent,168219.0,118219.0,0.0,50000.0,2023-08-04 16:00:00,2023-08-04 16:00:00,2023-08-04 16:00:00,14008600070605,112000.0,6219.0,0.0,0,0,0,0,0,0.0,,0.0,0,30000,0.0,20000.0,0.0,0.0,0.0,0,0.0,0.0,0.0,1.0,0.0,0.0,,,Yes,e9bc175a-7a09-475f-8c1f-27ffb979cb5e
,,33.77505451290352,-84.5089871071395,Stage 5,DPA,Homeowner,1,1,2085,IA,AH,,,,"AH_DPA,HOB",,Permanent,265224.0,215224.0,0.0,50000.0,2023-08-07 16:00:00,2023-08-07 16:00:00,2023-08-07 16:00:00,14F001600021060,212095.0,3129.0,0.0,0,0,0,0,0,0.0,,0.0,0,30000,0.0,20000.0,0.0,0.0,0.0,0,0.0,0.0,0.0,0.0,1.0,0.0,,,Yes,9ab17bb0-ebf3-4f82-84de-208b971a7290
,,33.710209961889746,-84.38410723253473,Stage 5,DPA,Homeowner,1,1,2086,IA,AH,,,,"AH_DPA,HOB",,Permanent,322079.0,272079.0,0.0,50000.0,2023-08-07 16:00:00,2023-08-07 16:00:00,2023-08-07 16:00:00,1400570011003,264550.0,7529.0,0.0,0,0,0,0,0,0.0,,0.0,0,30000,0.0,20000.0,0.0,0.0,0.0,0,0.0,0.0,0.0,0.0,1.0,0.0,,,Yes,5efb5d92-2ed9-418d-8c04-fad805d40c6e
,,33.714185841165914,-84.44457939878063,Stage 5,DPA,Homeowner,1,1,2087,IA,AH,,,,"AH_DPA,HOB",,Permanent,88651.0,38651.0,0.0,50000.0,2023-08-09 16:00:00,2023-08-09 16:00:00,2023-08-09 16:00:00,1401530006065,29157.0,9494.0,0.0,0,0,0,0,0,0.0,,0.0,0,30000,0.0,20000.0,0.0,0.0,0.0,0,0.0,0.0,0.0,0.0,1.0,0.0,,,Yes,d754bdfd-323a-4916-8c47-22f278aac3ad
,,33.761514662255536,-84.483050720456,Stage 5,DPA,Homeowner,1,1,2088,IA,AH,,,,"AH_DPA,HOB",,Permanent,307030.0,252030.0,0.0,55000.0,2023-08-09 16:00:00,2023-08-09 16:00:00,2023-08-09 16:00:00,1402110001050,240000.0,12030.0,0.0,0,0,0,0,0,0.0,,0.0,0,30000,0.0,25000.0,0.0,0.0,0.0,0,0.0,0.0,0.0,1.0,0.0,0.0,,,Yes,219900a8-9d5c-46a2-8bbd-d9ee5b545d1b
,,33.77241559120624,-84.4637045315132,Stage 5,DPA,Homeowner,1,1,2089,IA,AH,,,,"AH_DPA,HOB",,Permanent,339649.0,289649.0,0.0,50000.0,2023-08-25 16:00:00,2023-08-25 16:00:00,2023-08-25 16:00:00,14017700080265,284594.0,5055.0,0.0,0,0,0,0,0,0.0,,0.0,0,30000,0.0,20000.0,0.0,0.0,0.0,0,0.0,0.0,0.0,0.0,1.0,0.0,,,Yes,9f36c20c-e885-4c4a-8675-90438a038669
,,33.68658888307721,-84.54228102762696,Stage 5,DPA,Homeowner,1,1,2090,IA,AH,,,,"AH_DPA,HOB",,Permanent,286227.0,231227.0,0.0,55000.0,2023-08-16 16:00:00,2023-08-16 16:00:00,2023-08-16 16:00:00,14F006600050423,227156.0,4071.0,0.0,0,0,0,0,0,0.0,,0.0,0,30000,0.0,25000.0,0.0,0.0,0.0,0,0.0,0.0,0.0,1.0,0.0,0.0,,,Yes,f9de01b1-c7da-46ad-8f08-9e627dafc16a
,,33.70962374836829,-84.35225483283139,Stage 5,Rehab_HomeFlex,Homeowner,1,1,2091,IA,,,,,HOB,,,34176.0,0.0,0.0,34176.0,2022-07-08 16:00:00,2022-07-08 16:00:00,2023-08-22 16:00:00,14 000800090319,0.0,0.0,0.0,0,0,0,0,0,0.0,,0.0,0,34176,0.0,0.0,0.0,0.0,0.0,0,0.0,0.0,1.0,0.0,0.0,0.0,,,Yes,e7c1e507-7ea1-4a7a-895c-89809ef7ab72
,,33.709848017296665,-84.39640800673347,Stage 5,DPA,Homeowner,1,1,2092,AH,,,,,AH_DPA,,,310000.0,285000.0,0.0,25000.0,,2023-07-11 16:00:00,2023-08-07 16:00:00,,285000.0,0.0,0.0,0,0,0,0,0,0.0,,0.0,0,0,0.0,25000.0,0.0,0.0,0.0,0,0.0,0.0,0.0,1.0,0.0,0.0,,,Yes,72ca5ba4-ed7e-41b5-8310-19f9cc210484
,,33.73451703382216,-84.40453124603111,Stage 5,DPA,Homeowner,1,1,2093,AH,,,,,AH_DPA,,,200000.0,175000.0,0.0,25000.0,,2023-07-17 16:00:00,2023-08-01 16:00:00,,175000.0,0.0,0.0,0,0,0,0,0,0.0,,0.0,0,0,0.0,25000.0,0.0,0.0,0.0,0,0.0,0.0,1.0,0.0,0.0,0.0,,,Yes,9f0ffc9b-b5dd-4349-8516-d21fd78bb28e
,,33.73451081965797,-84.40465549459877,Stage 5,DPA,Homeowner,1,1,2094,AH,,,,,AH_DPA,,,250000.0,225000.0,0.0,25000.0,,2023-07-28 16:00:00,2023-08-17 16:00:00,,225000.0,0.0,0.0,0,0,0,0,0,0.0,,0.0,0,0,0.0,25000.0,0.0,0.0,0.0,0,0.0,0.0,0.0,1.0,0.0,0.0,,,Yes,c550533b-f580-47a8-8155-9943176be2e7
,,33.77154397953839,-84.51005999208897,Stage 5,DPA,Homeowner,1,1,2095,AH,,,,,AH_DPA,,,225000.0,200000.0,0.0,25000.0,,2023-08-02 16:00:00,2023-08-16 16:00:00,,0.0,200000.0,0.0,0,0,0,0,0,0.0,,0.0,0,0,0.0,25000.0,0.0,0.0,0.0,0,0.0,0.0,1.0,0.0,0.0,0.0,,,Yes,ac58aa91-acdd-4d44-88f4-4d7067d3f6e7
,,33.738476994325616,-84.5194430297797,Stage 5,DPA,Homeowner,1,1,2096,AH,,,,,AH_DPA,,,205000.0,185000.0,0.0,20000.0,,2023-08-02 16:00:00,2023-08-11 16:00:00,,185000.0,0.0,0.0,0,0,0,0,0,0.0,,0.0,0,0,0.0,20000.0,0.0,0.0,0.0,0,0.0,1.0,0.0,0.0,0.0,0.0,,,Yes,6ad34a7e-791b-413b-83e7-1ee04723a0bb
Herndon Square III,"485 John Street, Atlanta, GA 30318",33.76722901769148,-84.40332500468668,Stage 4,New_Construction,Renter,178,151,2099,AH,IA,,,DCA,"AH_DPA,AH_Development_Funds,Other",TEB,Construction,109902457.0,12700000.0,81312457.0,15890000.0,2024-12-20 17:00:00,2024-12-20 17:00:00,,,12700000.0,0.0,0.0,44312457,0,0,0,0,0.0,,37000000.0,0,0,0.0,0.0,15890000.0,0.0,0.0,0,37.0,0.0,74.0,40.0,0.0,27.0,,4%,Yes,7409f484-ca7a-48f8-8cf3-2025a5de6f86
,,33.67079048537647,-84.37834499213695,Stage 5,DPA,Homeowner,1,1,2101,IA,AH,,,,"AH_DPA,HOB",,Permanent,300680.0,245680.0,0.0,55000.0,2023-09-01 16:00:00,2023-09-01 16:00:00,2023-09-01 16:00:00,14003500040733,243080.0,2600.0,0.0,0,0,0,0,0,0.0,,0.0,0,30000,0.0,25000.0,0.0,0.0,0.0,0,0.0,0.0,0.0,0.0,1.0,0.0,,,Yes,bacee416-bc93-438b-8c90-3d15473226ee
,,33.671018426653745,-84.37833745895573,Stage 5,DPA,Homeowner,1,1,2102,IA,AH,,,,HOB,,Permanent,314098.0,284098.0,0.0,30000.0,2023-09-11 16:00:00,2023-09-11 16:00:00,2023-09-11 16:00:00,14-0035-0004-029,277014.0,7084.0,0.0,0,0,0,0,0,0.0,,0.0,0,30000,0.0,0.0,0.0,0.0,0.0,0,0.0,0.0,0.0,0.0,1.0,0.0,,,Yes,bb1dbe9f-bb85-4ff1-8a79-61154763d8ed
,,33.67050554079853,-84.37835529359202,Stage 5,DPA,Homeowner,1,1,2103,IA,AH,,,,"AH_DPA,HOB",,Permanent,315163.0,260163.0,0.0,55000.0,2023-09-11 16:00:00,2023-09-11 16:00:00,2023-09-11 16:00:00,14-0035-0004-058-4,255392.0,4771.0,0.0,0,0,0,0,0,0.0,,0.0,0,30000,0.0,25000.0,0.0,0.0,0.0,0,0.0,0.0,0.0,0.0,1.0,0.0,,,Yes,7eae883e-da12-4691-892b-a8bb30057c26
,,33.81006397949999,-84.42409200799842,Stage 5,DPA,Homeowner,1,1,2104,IA,IA,,,Regions Bank,HOB,,Permanent,262410.0,247410.0,0.0,15000.0,2023-09-15 16:00:00,2023-09-15 16:00:00,2023-09-15 16:00:00,17018600012690,232000.0,10410.0,5000.0,0,0,0,0,0,0.0,,0.0,0,15000,0.0,0.0,0.0,0.0,0.0,0,0.0,0.0,0.0,0.0,1.0,0.0,,,Yes,c7be55df-df3a-4e44-8b25-d7a766bf22e5
,,33.76782908869949,-84.4162267160018,Stage 5,DPA,Homeowner,1,1,2105,IA,AH,,,West Side Future Funds,"AH_DPA,HOB",,Permanent,354083.0,304083.0,0.0,50000.0,2023-09-20 16:00:00,2023-09-20 16:00:00,2023-09-20 16:00:00,1401530006065,256751.0,2332.0,45000.0,0,0,0,0,0,0.0,,0.0,0,30000,0.0,20000.0,0.0,0.0,0.0,0,0.0,0.0,1.0,0.0,0.0,0.0,,,Yes,0d0c1eba-1016-4ebc-8c2e-94e210935ad9
,,33.75153998087697,-84.35743903012826,Stage 5,Rehab_HomeFlex,Homeowner,1,1,2106,IA,,,,,HOB,,,30000.0,0.0,0.0,30000.0,2023-05-12 16:00:00,2023-05-12 16:00:00,2023-09-14 16:00:00,14 001300050670,0.0,0.0,0.0,0,0,0,0,0,0.0,,0.0,0,30000,0.0,0.0,0.0,0.0,0.0,0,0.0,0.0,1.0,0.0,0.0,0.0,,,Yes,c966e4f4-adba-456c-828b-afac53c36099
,,33.75116053755956,-84.33217096349847,Stage 5,Rehab_HomeFlex,Homeowner,1,1,2107,IA,,,,,HOB,,,33092.0,0.0,0.0,33092.0,2022-09-07 16:00:00,2022-09-07 16:00:00,2023-09-29 16:00:00,15 207 02 104,0.0,0.0,0.0,0,0,0,0,0,0.0,,0.0,0,33092,0.0,0.0,0.0,0.0,0.0,0,0.0,0.0,1.0,0.0,0.0,0.0,,,Yes,732123c3-d2c4-4042-8c55-f05b1014de9d
,,33.71141400826695,-84.41785997916845,Stage 5,Rehab_HomeFlex,Homeowner,1,1,2108,COA,,,,,CDBG,,,13435.0,0.0,0.0,13435.0,,2023-08-31 16:00:00,2023-08-31 16:00:00,,0.0,0.0,0.0,0,0,0,0,0,13435.0,,0.0,0,0,0.0,0.0,0.0,0.0,0.0,0,0.0,0.0,0.0,1.0,0.0,0.0,,,Yes,330fa00b-0d73-463a-8f3d-55424acaa5b1
,,33.81962098359112,-84.37986104021773,Stage 5,Rehab_HomeFlex,Homeowner,1,1,2109,COA,,,,,CDBG,,,8675.0,0.0,0.0,8675.0,,2023-08-30 16:00:00,2023-08-30 16:00:00,,0.0,0.0,0.0,0,0,0,0,0,8675.0,,0.0,0,0,0.0,0.0,0.0,0.0,0.0,0,1.0,0.0,0.0,0.0,0.0,0.0,,,Yes,93d43ba3-e94c-4f7a-8c4b-3a0d9275580e
,,33.80139101473679,-84.48293397411841,Stage 5,Rehab_HomeFlex,Homeowner,1,1,2110,COA,,,,,CDBG,,,11610.0,0.0,0.0,11610.0,,2023-08-31 16:00:00,2023-08-31 16:00:00,,0.0,0.0,0.0,0,0,0,0,0,11610.0,,0.0,0,0,0.0,0.0,0.0,0.0,0.0,0,0.0,0.0,1.0,0.0,0.0,0.0,,,Yes,8ed8aa25-f742-4ffa-8f3a-4d8d5fa5ae2f
,,33.68849398740032,-84.35835500450727,Stage 5,Rehab_HomeFlex,Homeowner,1,1,2111,COA,,,,,CDBG,,,6020.0,0.0,0.0,6020.0,,2023-08-15 16:00:00,2023-08-15 16:00:00,,0.0,0.0,0.0,0,0,0,0,0,6020.0,,0.0,0,0,0.0,0.0,0.0,0.0,0.0,0,1.0,0.0,0.0,0.0,0.0,0.0,,,Yes,0c92daf4-e576-4ca0-8aed-d5a613464999
,,33.77873200633501,-84.50874302746202,Stage 5,Rehab_HomeFlex,Homeowner,1,1,2112,COA,,,,,CDBG,,,10010.0,0.0,0.0,10010.0,,2023-08-21 16:00:00,2023-08-21 16:00:00,,0.0,0.0,0.0,0,0,0,0,0,10010.0,,0.0,0,0,0.0,0.0,0.0,0.0,0.0,0,1.0,0.0,0.0,0.0,0.0,0.0,,,Yes,af15654e-2fbb-46f2-8272-32a587c854f4
,,33.66830001290343,-84.39007799345536,Stage 5,Rehab_HomeFlex,Homeowner,1,1,2113,COA,,,,,CDBG,,,5980.0,0.0,0.0,5980.0,,2023-08-31 16:00:00,2023-08-31 16:00:00,,0.0,0.0,0.0,0,0,0,0,0,5980.0,,0.0,0,0,0.0,0.0,0.0,0.0,0.0,0,1.0,0.0,0.0,0.0,0.0,0.0,,,Yes,c5324eda-6393-4082-8a0f-2e59af51968d
Ralph David House,"277 Moreland Ave SE, Atlanta, GA 30316",33.772702591105805,-84.35835752643804,Stage 5,Rehab_HomeFlex,Renter,56,56,2114,AH,"IA,AH",,,Partners for HOME,"AH_DPA,HOME,TAD,Other",Partners for HOME,Construction,6559981.0,6003981.0,0.0,556000.0,2023-09-28 16:00:00,2023-09-28 17:00:00,2024-12-18 17:00:00,,0.0,0.0,6003981.0,0,0,0,0,0,0.0,,0.0,556000,0,0.0,0.0,0.0,0.0,0.0,0,56.0,0.0,0.0,0.0,0.0,0.0,,,Yes,23650c2c-2f00-4ce2-8702-1956d16db0b2
,,33.694719981260015,-84.51957697259243,Stage 5,DPA,Homeowner,1,1,2117,AH,,,,,AH_DPA,,,229900.0,209900.0,0.0,20000.0,,2023-08-07 16:00:00,2023-09-01 16:00:00,,209900.0,0.0,0.0,0,0,0,0,0,0.0,,0.0,0,0,0.0,20000.0,0.0,0.0,0.0,0,0.0,0.0,1.0,0.0,0.0,0.0,,,Yes,83548662-ba82-44ff-81d5-1e10f547befc
,,33.75445298559704,-84.51254799240853,Stage 5,DPA,Homeowner,1,1,2118,AH,,,,,AH_DPA,,,260000.0,240000.0,0.0,20000.0,,2023-08-17 16:00:00,2023-09-06 16:00:00,,240000.0,0.0,0.0,0,0,0,0,0,0.0,,0.0,0,0,0.0,20000.0,0.0,0.0,0.0,0,0.0,0.0,0.0,1.0,0.0,0.0,,,Yes,f8217db2-48d0-4c7d-8c2e-a5f9b669ed65
,,33.72446299703999,-84.3994219714773,Stage 5,DPA,Homeowner,1,1,2119,AH,,,,,AH_DPA,,,169260.0,144260.0,0.0,25000.0,,2023-08-22 16:00:00,2023-09-14 16:00:00,,144260.0,0.0,0.0,0,0,0,0,0,0.0,,0.0,0,0,0.0,25000.0,0.0,0.0,0.0,0,0.0,0.0,1.0,0.0,0.0,0.0,,,Yes,c97c7860-6996-438b-8ed3-9d3c8df511b5
,,33.70172800668595,-84.50253698253191,Stage 5,DPA,Homeowner,1,1,2120,AH,,,,,AH_DPA,,,225600.0,200600.0,0.0,25000.0,,2023-08-31 16:00:00,2023-09-14 16:00:00,,200600.0,0.0,0.0,0,0,0,0,0,0.0,,0.0,0,0,0.0,25000.0,0.0,0.0,0.0,0,0.0,0.0,0.0,1.0,0.0,0.0,,,Yes,74ecce9b-d36a-4d8d-8636-a1838db64e71
,,33.67932598743557,-84.50773803727131,Stage 5,DPA,Homeowner,1,1,2121,AH,,,,,AH_DPA,,,267000.0,242000.0,0.0,25000.0,,2023-08-31 16:00:00,2023-09-15 16:00:00,,0.0,242000.0,0.0,0,0,0,0,0,0.0,,0.0,0,0,0.0,25000.0,0.0,0.0,0.0,0,0.0,0.0,1.0,0.0,0.0,0.0,,,Yes,e195274a-6e83-488c-8705-7a1df817d603
,,33.797655996772306,-84.47729798242324,Stage 5,DPA,Homeowner,1,1,2122,AH,,,,,AH_DPA,,,,,0.0,20000.0,,2023-08-11 16:00:00,2023-09-15 16:00:00,,320000.0,,0.0,0,0,0,0,0,0.0,,0.0,0,0,0.0,20000.0,0.0,0.0,0.0,0,0.0,0.0,0.0,1.0,0.0,0.0,,,Yes,014977f0-41ae-4d30-8cef-2438e23d6bfe
,,33.73610701120276,-84.45309599137543,Stage 5,DPA,Homeowner,1,1,2123,AH,,,,,AH_DPA,,,255000.0,235000.0,0.0,20000.0,,2023-08-28 16:00:00,2023-09-15 16:00:00,,235000.0,0.0,0.0,0,0,0,0,0,0.0,,0.0,0,0,0.0,0.0,20000.0,0.0,0.0,0,0.0,0.0,1.0,0.0,0.0,0.0,,,Yes,b041d5b7-d6e0-48be-839d-364aac881c73
,,33.67067650754531,-84.378349112719,Stage 5,DPA,Homeowner,1,1,2124,AH,,,,,AH_DPA,,,308500.0,283500.0,0.0,25000.0,,2023-08-29 16:00:00,2023-09-19 16:00:00,,283500.0,0.0,0.0,0,0,0,0,0,0.0,,0.0,0,0,0.0,25000.0,0.0,0.0,0.0,0,0.0,0.0,0.0,1.0,0.0,0.0,,,Yes,09288f38-5a78-4311-81fc-90a525c414fc
,,33.67426600012661,-84.40087899770627,Stage 5,DPA,Homeowner,1,1,2125,AH,,,,,AH_DPA,,,125462.0,105462.0,0.0,20000.0,,2023-08-29 16:00:00,2023-09-19 16:00:00,,105462.0,0.0,0.0,0,0,0,0,0,0.0,,0.0,0,0,0.0,20000.0,0.0,0.0,0.0,0,0.0,1.0,0.0,0.0,0.0,0.0,,,Yes,04b317d9-5813-4c6f-8d4c-a283201fc0ca
,,33.670277585136205,-84.37836353475608,Stage 5,DPA,Homeowner,1,1,2126,AH,,,,,AH_DPA,,,308500.0,283500.0,0.0,25000.0,,2023-09-07 16:00:00,2023-09-25 16:00:00,,283500.0,0.0,0.0,0,0,0,0,0,0.0,,0.0,0,0,0.0,25000.0,0.0,0.0,0.0,0,0.0,0.0,0.0,1.0,0.0,0.0,,,Yes,25fc6e63-afdd-4358-8022-80f4292404ed
,,33.6695598006163,-84.37888988745355,Stage 5,DPA,Homeowner,1,1,2127,AH,,,,,AH_DPA,,,185265.0,160265.0,0.0,25000.0,,2023-09-01 16:00:00,2023-09-28 16:00:00,,160265.0,0.0,0.0,0,0,0,0,0,0.0,,0.0,0,0,0.0,25000.0,0.0,0.0,0.0,0,0.0,0.0,1.0,0.0,0.0,0.0,,,Yes,eeca2207-3651-425e-8141-e353a515c1c4
,,33.68591500152177,-84.511239996418,Stage 5,DPA,Homeowner,1,1,2128,AH,,,,,AH_DPA,,,195000.0,175000.0,0.0,20000.0,,2023-09-05 16:00:00,2023-09-29 16:00:00,,175000.0,0.0,0.0,0,0,0,0,0,0.0,,0.0,0,0,0.0,20000.0,0.0,0.0,0.0,0,0.0,0.0,1.0,0.0,0.0,0.0,,,Yes,8f881cb7-1b43-4014-83e8-2a6e2f51eb2f
ANDP Scattered Site 2022-23,Scattered Site,33.74856767732015,-84.39062272802599,Stage 5,"DPA,New_Construction,Rental_Assistance",Both,80,80,2129,Other,,,,ANDP,Other,None,,0.0,0.0,0.0,0.0,,2023-10-26 16:00:00,2023-10-26 16:00:00,,0.0,0.0,0.0,0,0,0,0,0,0.0,,0.0,0,0,0.0,0.0,0.0,0.0,0.0,0,0.0,0.0,0.0,80.0,0.0,0.0,,,Yes,e6292b7a-5c67-464d-8983-6ca765d493a0
ANDP Scattered Site 2023-on,Scattered Site,33.74844278532689,-84.39061199918991,Stage 4,"DPA,New_Construction,Rehab_HomeFlex,Rental_Assistance",Both,63,63,2130,Other,Other,,,,Other,None,,0.0,0.0,0.0,0.0,,2023-10-26 16:00:00,,,0.0,0.0,0.0,0,0,0,0,0,0.0,,0.0,0,0,0.0,0.0,0.0,0.0,0.0,0,0.0,0.0,0.0,63.0,0.0,0.0,,,Yes,0d66049d-ebad-4fcb-883d-597d27c5b328
Habitat Scattered Site,Scattered Site,33.81329919999943,-84.36449279999857,Stage 5,New_Construction,Homeowner,118,118,2131,IA,,,,Habitat,HOB,None,,2000000.0,0.0,0.0,2000000.0,2023-12-20 17:00:00,2023-10-26 16:00:00,2023-10-26 16:00:00,,0.0,0.0,0.0,0,0,0,0,0,0.0,,0.0,0,2000000,0.0,0.0,0.0,0.0,0.0,0,0.0,0.0,0.0,118.0,0.0,0.0,,,Yes,d6755e7b-1246-4fe7-8d8b-6db3c99d2b8c
Modera Southtrail,99 University Ave,33.722251012792,-84.39112799446616,Stage 4,New_Construction,Renter,350,35,2132,COA,,,,,Other,,,0.0,0.0,0.0,0.0,,2022-11-30 16:00:00,,,0.0,0.0,0.0,0,0,0,0,0,0.0,,0.0,0,0,0.0,0.0,0.0,0.0,0.0,0,0.0,0.0,35.0,0.0,0.0,315.0,IZ,,Yes,5449f16a-4779-4b60-88d6-b7f72b742d09
1688 Lakewood,"1688 Lakewood Ave, Atlanta, GA 30315",33.7081829941404,-84.37977403606278,Stage 4,Rehab_HomeFlex,Renter,23,23,2133,AH,IA,,,Partners for Home,AH_DPA,,Permanent,0.0,0.0,0.0,0.0,2023-11-08 17:00:00,2023-11-08 17:00:00,,,0.0,0.0,0.0,0,0,0,0,0,0.0,,0.0,0,0,0.0,0.0,0.0,0.0,0.0,0,0.0,0.0,23.0,0.0,0.0,0.0,,,Yes,c8800e60-d9dc-41c0-8761-b6ec3cf9b704
,,33.757663175544494,-84.48733288787774,Stage 5,DPA,Homeowner,1,1,2134,IA,AH,,,,"AH_DPA,HOB",,Permanent,286670.0,241670.0,0.0,45000.0,2023-10-06 16:00:00,2023-10-06 16:00:00,2023-10-06 16:00:00,1402380001018,232000.0,9670.0,0.0,0,0,0,0,0,0.0,,0.0,0,20000,0.0,25000.0,0.0,0.0,0.0,0,0.0,0.0,0.0,0.0,1.0,0.0,,,Yes,a3617609-e433-4520-831a-ff685d7d2c94
,,33.73447917017609,-84.40483611096622,Stage 5,DPA,Homeowner,1,1,2135,IA,AH,,,,"AH_DPA,HOB",,Permanent,213753.0,163753.0,0.0,50000.0,2023-10-10 16:00:00,2023-10-10 16:00:00,2023-10-10 16:00:00,1400860007002,160000.0,3753.0,0.0,0,0,0,0,0,0.0,,0.0,0,30000,0.0,20000.0,0.0,0.0,0.0,0,0.0,0.0,1.0,0.0,0.0,0.0,,,Yes,1d75985f-c563-4c90-87da-d0ffff4a593b
,,33.7648206069273,-84.4153983812498,Stage 5,DPA,Homeowner,1,1,2136,IA,"AH,Other",,,Westside Future Funds,"AH_DPA,TAD,Other",Westside Future Funds,Permanent,298116.0,203116.0,0.0,95000.0,2023-10-12 16:00:00,2023-10-12 16:00:00,2023-10-12 16:00:00,1401110007113,197141.0,5975.0,0.0,0,0,0,0,0,0.0,,0.0,15000,0,0.0,20000.0,0.0,0.0,60000.0,0,0.0,0.0,0.0,1.0,0.0,0.0,,,Yes,1b7074a0-ba14-43d4-8686-7b6f75c02db2
,,33.83881101563517,-84.38466998952659,Stage 5,DPA,Homeowner,1,1,2137,IA,AH,,,,"AH_DPA,HOB",,Permanent,274432.0,229432.0,0.0,45000.0,2023-10-13 16:00:00,2023-10-13 16:00:00,2023-10-13 16:00:00,1700990016007,226648.0,2784.0,0.0,0,0,0,0,0,0.0,,0.0,0,20000,0.0,25000.0,0.0,0.0,0.0,0,0.0,0.0,0.0,0.0,1.0,0.0,,,Yes,55cfc7b2-0818-4d8d-8c61-9423e236b14c
,,33.838790018967714,-84.38193103502594,Stage 5,DPA,Homeowner,1,1,2138,IA,AH,,,,"AH_DPA,Other",Centennial Yards Funds,Permanent,269414.0,229414.0,0.0,40000.0,2023-10-18 16:00:00,2023-10-18 16:00:00,2023-10-18 16:00:00,170099LL160,223850.0,5564.0,0.0,0,0,0,0,0,0.0,,0.0,0,0,0.0,20000.0,0.0,0.0,20000.0,0,0.0,0.0,0.0,1.0,0.0,0.0,,,Yes,70780ffb-4ccf-4db8-81dc-b8da1e41f406
,,33.822562989696195,-84.38688499125972,Stage 5,DPA,Homeowner,1,1,2139,IA,AH,,,,"AH_DPA,HOB",,Permanent,204646.0,164646.0,0.0,40000.0,2023-10-20 16:00:00,2023-10-20 16:00:00,2023-10-20 16:00:00,17010100132557,162291.0,2355.0,0.0,0,0,0,0,0,0.0,,0.0,0,20000,0.0,20000.0,0.0,0.0,0.0,0,0.0,0.0,0.0,0.0,1.0,0.0,,,Yes,6de3e754-294f-466f-85b4-1d42e12a085b
,,33.731967278433814,-84.40096342263374,Stage 5,"DPA,New_Construction",Homeowner,1,1,2140,IA,"AH,Other",,,Atlanta Neighborhood Development Partnership  ANDP,"AH_DPA,Other",Centennial Yards and Atlanta Neighborhood Development Partnership,Permanent,211663.0,146663.0,0.0,65000.0,2023-10-27 16:00:00,2023-10-27 16:00:00,2023-10-27 16:00:00,140086-0010-017-0,144895.0,1768.0,0.0,0,0,0,0,0,0.0,,0.0,0,0,0.0,25000.0,0.0,0.0,40000.0,0,0.0,0.0,1.0,0.0,0.0,0.0,,,Yes,55807b8e-9c73-4d7e-800c-1933703ee578
,,33.691371997674615,-84.3709850238501,Stage 5,Rehab_HomeFlex,Homeowner,1,1,2141,IA,,,,,HOB,,,28564.0,0.0,0.0,28564.0,2023-09-25 16:00:00,2023-09-25 16:00:00,2023-10-24 16:00:00,14 003800060035,0.0,0.0,0.0,0,0,0,0,0,0.0,,0.0,0,28564,0.0,0.0,0.0,0.0,0.0,0,0.0,0.0,1.0,0.0,0.0,0.0,,,Yes,7d308e82-9f23-4009-8700-d8ca3f91d24f
,,33.781602813244454,-84.45214707659616,Stage 5,DPA,Homeowner,1,1,2142,IA,AH,,,,"AH_DPA,TAD",,Permanent,400782.0,180782.0,0.0,220000.0,2023-10-30 16:00:00,2023-10-30 16:00:00,2023-10-30 16:00:00,1702260007050,175250.0,5532.0,0.0,0,0,0,0,0,0.0,,0.0,200000,0,0.0,20000.0,0.0,0.0,0.0,0,0.0,0.0,0.0,1.0,0.0,0.0,,,Yes,cc92cc99-c96f-4f9c-8c98-9bb28c59bf33
,,33.74114399018751,-84.39400499891211,Stage 5,DPA,Homeowner,1,1,2143,IA,AH,,,,"AH_DPA,Other",Centennial Yards Funds,Permanent,252459.0,212459.0,0.0,40000.0,2023-10-31 16:00:00,2023-10-31 16:00:00,2023-10-31 16:00:00,1400760008262,207800.0,4659.0,0.0,0,0,0,0,0,0.0,,0.0,0,0,0.0,20000.0,0.0,0.0,20000.0,0,0.0,0.0,0.0,0.0,1.0,0.0,,,Yes,d5742a87-aead-47b1-86e9-f75a090d56e2
The Overline Residences,700 Rankin Street NE,33.76831066597076,-84.36410348471628,Stage 5,New_Construction,Renter,359,36,2144,COA,,,,,Other,,,0.0,0.0,0.0,0.0,,2021-05-13 17:00:00,2023-06-06 17:00:00,,0.0,0.0,0.0,0,0,0,0,0,0.0,,0.0,0,0,0.0,0.0,0.0,0.0,0.0,0,0.0,0.0,36.0,0.0,0.0,323.0,IZ,,Yes,7ee651ad-ac2a-4385-89e8-3a16e2985b2e
Reserve at Hollywood,"1634 Hollywood Rd NW, Atlanta, GA 30318",33.800781242921865,-84.47099434122947,Stage 5,New_Construction,Renter,288,288,2145,Other,,,,"DAFC, DCA",Other,,,,0.0,57000000.0,,,2022-02-01 17:00:00,2023-07-18 17:00:00,,0.0,0.0,0.0,25000000,0,0,0,0,0.0,,32000000.0,0,0,0.0,0.0,0.0,,0.0,0,0.0,0.0,288.0,0.0,0.0,0.0,,4%,Yes,5236109c-b377-4eaa-8127-8be04a1541d0
,,33.734513926740064,-84.40459337031494,Stage 5,DPA,Homeowner,1,1,2146,AH,,,,,AH_DPA,,,200000.0,180000.0,0.0,20000.0,,2023-09-14 17:00:00,2023-10-06 17:00:00,,180000.0,0.0,0.0,0,0,0,0,0,0.0,,0.0,0,0,0.0,20000.0,0.0,0.0,0.0,0,0.0,1.0,0.0,0.0,0.0,0.0,,,Yes,3284fbc1-d884-4ab7-85b3-0a7fe4a255d3
,,33.75765801582377,-84.48729499452158,Stage 5,DPA,Homeowner,1,1,2147,AH,,,,,AH_DPA,,Permanent,267000.0,242000.0,0.0,25000.0,,2023-09-14 17:00:00,2023-10-06 17:00:00,,242000.0,0.0,0.0,0,0,0,0,0,0.0,,0.0,0,0,0.0,25000.0,0.0,0.0,0.0,0,0.0,0.0,0.0,1.0,0.0,0.0,,,Yes,33249726-84a7-4c84-8202-77cb8ba1f0ba
,,33.74316298111487,-84.40426201764693,Stage 5,DPA,Homeowner,1,1,2148,AH,,,,,AH_DPA,,Permanent,289000.0,264000.0,0.0,25000.0,,2023-09-27 17:00:00,2023-10-10 17:00:00,,264000.0,0.0,0.0,0,0,0,0,0,0.0,,0.0,0,0,0.0,25000.0,0.0,0.0,0.0,0,0.0,0.0,0.0,1.0,0.0,0.0,,,Yes,a5fbc525-022f-4971-83be-90484e34779f
,,33.760025987289865,-84.47160197630133,Stage 5,DPA,Homeowner,1,1,2149,AH,,,,,AH_DPA,,Permanent,239000.0,219000.0,0.0,20000.0,,2023-09-18 17:00:00,2023-10-11 17:00:00,,0.0,219000.0,0.0,0,0,0,0,0,0.0,,0.0,0,0,0.0,20000.0,0.0,0.0,0.0,0,0.0,0.0,0.0,1.0,0.0,0.0,,,Yes,ec8c4e3f-0c83-4136-8bae-0837a47844a6
,,33.67071617657508,-84.36966620584413,Stage 5,DPA,Homeowner,1,1,2150,AH,,,,,AH_DPA,,Permanent,250000.0,225000.0,0.0,25000.0,,2023-09-26 17:00:00,2023-10-12 17:00:00,,225000.0,0.0,0.0,0,0,0,0,0,0.0,,0.0,0,0,0.0,25000.0,0.0,0.0,0.0,0,0.0,0.0,0.0,1.0,0.0,0.0,,,Yes,9c7888d3-7174-410f-8bc8-554d0ba78662
,,33.83878964886773,-84.38193104779886,Stage 5,DPA,Homeowner,1,1,2151,AH,,,,,AH_DPA,,Permanent,250000.0,230000.0,0.0,20000.0,,2023-10-04 17:00:00,2023-10-18 17:00:00,,230000.0,0.0,0.0,0,0,0,0,0,0.0,,0.0,0,0,0.0,20000.0,0.0,0.0,0.0,0,0.0,0.0,1.0,0.0,0.0,0.0,,,Yes,1ac05394-a1f2-4d94-83cf-26b1539bb023
,,33.68621602054023,-84.53621952340205,Stage 5,DPA,Homeowner,1,1,2152,AH,,,,,AH_DPA,,Permanent,225000.0,205000.0,0.0,20000.0,,2023-09-29 17:00:00,2023-10-19 17:00:00,,205000.0,0.0,0.0,0,0,0,0,0,0.0,,0.0,0,0,0.0,20000.0,0.0,0.0,0.0,0,0.0,1.0,0.0,0.0,0.0,0.0,,,Yes,e3c6eb8d-2237-49ee-8f0b-4d3da5d9e1b1
,,33.781602813244454,-84.45214707659616,Stage 5,DPA,Homeowner,1,1,2153,AH,,,,,AH_DPA,,Permanent,200000.0,180000.0,0.0,20000.0,,2023-09-12 17:00:00,2023-10-24 17:00:00,,180000.0,0.0,0.0,0,0,0,0,0,0.0,,0.0,0,0,0.0,20000.0,0.0,0.0,0.0,0,0.0,1.0,0.0,0.0,0.0,0.0,,,Yes,8bb24a35-bcbf-4433-8d97-89f553a06445
,,33.7666419734546,-84.50236480331735,Stage 5,DPA,Homeowner,1,1,2154,AH,,,,,AH_DPA,,Permanent,200000.0,183000.0,0.0,17000.0,,2023-10-12 17:00:00,2023-10-26 17:00:00,,183000.0,0.0,0.0,0,0,0,0,0,0.0,,0.0,0,0,0.0,17000.0,0.0,0.0,0.0,0,0.0,0.0,1.0,0.0,0.0,0.0,,,Yes,93eb64a4-9606-4c30-8ab6-b71e64ab66f0
,,33.81799121204328,-84.42316167258524,Stage 5,DPA,Homeowner,1,1,2155,AH,,,,,AH_DPA,,Permanent,210000.0,190000.0,0.0,20000.0,,2023-10-12 17:00:00,2023-10-26 17:00:00,,190000.0,0.0,0.0,0,0,0,0,0,0.0,,0.0,0,0,0.0,20000.0,0.0,0.0,0.0,0,0.0,0.0,0.0,1.0,0.0,0.0,,,Yes,6ac02ac6-b54f-4f9f-8b11-86a92d712826
,,33.731967278433814,-84.4009772456048,Stage 5,DPA,Homeowner,1,1,2156,AH,,,,,AH_DPA,,Permanent,199900.0,174900.0,0.0,25000.0,,2023-10-02 17:00:00,2023-10-27 17:00:00,,174900.0,0.0,0.0,0,0,0,0,0,0.0,,0.0,0,0,0.0,25000.0,0.0,0.0,0.0,0,0.0,0.0,0.0,1.0,0.0,0.0,,,Yes,3863c385-1da0-418b-8ba7-0a9c8ac04ff9
,,33.7408887868012,-84.50639361499412,Stage 5,DPA,Homeowner,1,1,2157,AH,,,,,AH_DPA,,,230000.0,205000.0,0.0,25000.0,,2023-10-02 17:00:00,2023-10-30 17:00:00,,205000.0,0.0,0.0,0,0,0,0,0,0.0,,0.0,0,0,0.0,25000.0,0.0,0.0,0.0,0,0.0,0.0,0.0,1.0,0.0,0.0,,,Yes,17944ced-c3e1-4ee6-843b-ed40955d3045
,,33.74114399018751,-84.39400499891211,Stage 5,DPA,Homeowner,1,1,2158,AH,,,,,AH_DPA,,Permanent,20000.0,0.0,0.0,20000.0,,2023-09-19 17:00:00,2023-10-31 17:00:00,,0.0,0.0,0.0,0,0,0,0,0,0.0,,0.0,0,0,0.0,20000.0,0.0,0.0,0.0,0,0.0,0.0,1.0,0.0,0.0,0.0,,,Yes,dd8736b6-b808-46cd-811c-1709d6f4a71f
West Highland WACS,"2000 Perry Blvd NW, Atlanta, GA, 30318, USA",33.79933573492937,-84.45465683050617,Stage 4,New_Construction,Homeowner,55,18,2159,AH,,,,Brock Built Homes,"AH_DPA,Other",AH Land Transfer,Construction,0.0,0.0,0.0,0.0,2023-08-15 17:00:00,2023-08-15 17:00:00,,,0.0,0.0,0.0,0,0,0,0,0,0.0,,0.0,0,0,0.0,0.0,0.0,0.0,0.0,0,0.0,0.0,0.0,18.0,0.0,37.0,,,Yes,583ff68c-0fa2-4890-8301-a409aa0c87ed
Bowen Homes Phase II,"2804 Yates Drive NW, Atlanta GA 30318",33.78056503,-84.479650712,Stage 4,New_Construction,Renter,112,79,2161,AH,"IA,COA",,,The Benoit Group (TBG),"AH_DPA,Housing_Trust_Fund,Other",AH CNIG and MTW Funds,Construction,43979742.0,429449.0,27697290.0,15853003.0,2026-06-18 16:00:00,2026-06-18 16:00:00,,,0.0,429449.0,0.0,14197290,0,0,0,0,0.0,,13500000.0,0,0,2000000.0,0.0,0.0,0.0,13853003.0,0,0.0,0.0,69.0,10.0,0.0,33.0,PSO,4%,Yes,39f16a37-84e5-48e6-865c-5e56e1af53e6
,,33.7516154125259,-84.42135374051962,Stage 5,Rehab_HomeFlex,Homeowner,1,1,2162,IA,AH,,,,HOB,,,70000.0,0.0,0.0,70000.0,2023-07-14 17:00:00,2023-07-14 17:00:00,2023-11-14 17:00:00,14 01160004043,0.0,0.0,0.0,0,0,0,0,0,0.0,,0.0,0,70000,0.0,0.0,0.0,0.0,0.0,0,0.0,0.0,1.0,0.0,0.0,0.0,,,Yes,037036b2-6fbb-4101-8bee-522e20951069
,,33.82841800052134,-84.3591429872248,Stage 5,DPA,Homeowner,1,1,2163,IA,AH,,,,"AH_DPA,Other",The Atlanta Development Authority d/b/a Invest Atlanta,,243319.0,203319.0,0.0,40000.0,2023-11-20 17:00:00,2023-11-20 17:00:00,2023-11-20 17:00:00,1700470014010,200549.0,2770.0,0.0,0,0,0,0,0,0.0,,0.0,0,0,0.0,20000.0,0.0,0.0,20000.0,0,0.0,0.0,0.0,0.0,1.0,0.0,,,Yes,c6a90500-e18a-4c70-8846-209e7fe827ec
,,33.6979151378407,-84.41603626481879,Stage 5,DPA,Homeowner,1,1,2164,IA,AH,,,,"AH_DPA,Other",The Atlanta Development Authority d/b/a Invest Atlanta,Permanent,266783.0,226783.0,0.0,40000.0,2023-11-01 17:00:00,2023-11-01 17:00:00,2023-11-01 17:00:00,1401030002047,223392.0,3391.0,0.0,0,0,0,0,0,0.0,,0.0,0,0,0.0,20000.0,0.0,0.0,20000.0,0,0.0,0.0,0.0,1.0,0.0,0.0,,,Yes,a188426b-c0b4-45db-8ca2-75db5410b030
,,33.76887927141035,-84.41164343494935,Stage 5,DPA,Homeowner,1,1,2165,IA,AH,,,,"AH_DPA,Housing_Trust_Fund",,Permanent,351179.0,311179.0,0.0,40000.0,,2023-11-07 17:00:00,2023-11-07 17:00:00,1401110007113,306013.0,5166.0,0.0,0,0,0,0,0,0.0,,0.0,0,0,15000.0,25000.0,0.0,0.0,0.0,0,0.0,0.0,0.0,0.0,1.0,0.0,,,Yes,43f105ef-81fd-485a-86a6-4de99969645c
,,33.78591999122217,-84.44137498943199,Stage 5,DPA,Homeowner,1,1,2166,IA,AH,,,,"AH_DPA,HOB",,Permanent,283846.0,228846.0,0.0,55000.0,2023-11-30 17:00:00,2023-11-30 17:00:00,2023-11-30 17:00:00,14008600070027,217624.0,11222.0,0.0,0,0,0,0,0,0.0,,0.0,0,30000,0.0,25000.0,0.0,0.0,0.0,0,0.0,0.0,0.0,1.0,0.0,0.0,,,Yes,b2632a08-b6b1-42d9-8d0d-f5331276e838
,,33.65807700044072,-84.35632789515735,Stage 5,DPA,Homeowner,1,1,2167,IA,AH,,,,"AH_DPA,Other",The Atlanta Development Authority d/b/a Invest Atlanta,Permanent,210945.0,170945.0,0.0,40000.0,2023-11-20 17:00:00,2023-11-20 17:00:00,2023-11-20 17:00:00,1400020002074,168803.0,2142.0,0.0,0,0,0,0,0,0.0,,0.0,0,0,0.0,20000.0,0.0,0.0,20000.0,0,0.0,0.0,0.0,0.0,1.0,0.0,,,Yes,cecc4695-a476-40fa-8f6a-b24b62034512
,,33.71212296194953,-84.42315263043511,Stage 5,DPA,Homeowner,1,1,2168,AH,,,,,AH_DPA,,Permanent,20000.0,0.0,0.0,20000.0,,2023-10-04 17:00:00,2023-11-02 17:00:00,,0.0,0.0,0.0,0,0,0,0,0,0.0,,0.0,0,0,0.0,20000.0,0.0,0.0,0.0,0,0.0,0.0,0.0,1.0,0.0,0.0,,,Yes,73304fd9-39a9-476b-84db-4a9c656b62b0
,,33.68378741571284,-84.50867832344407,Stage 5,DPA,Homeowner,1,1,2169,AH,,,,,AH_DPA,,Permanent,25000.0,0.0,0.0,25000.0,,2023-10-24 17:00:00,2023-11-07 17:00:00,,0.0,0.0,0.0,0,0,0,0,0,0.0,,0.0,0,0,0.0,25000.0,0.0,0.0,0.0,0,0.0,0.0,1.0,0.0,0.0,0.0,,,Yes,61206dca-3af6-4621-8750-ead93b083c6d
,,33.76954249716118,-84.4496041474092,Stage 5,DPA,Homeowner,1,1,2170,AH,,,,,AH_DPA,,Construction,20000.0,0.0,0.0,20000.0,,2023-10-24 17:00:00,2023-11-09 17:00:00,,0.0,0.0,0.0,0,0,0,0,0,0.0,,0.0,0,0,0.0,20000.0,0.0,0.0,0.0,0,0.0,1.0,0.0,0.0,0.0,0.0,,,Yes,079d8620-88e0-4df1-8de0-2045f9adb1b9
,,33.673229684656945,-84.39504289633065,Stage 5,DPA,Homeowner,1,1,2171,AH,,,,,AH_DPA,,Permanent,25000.0,0.0,0.0,25000.0,,2023-10-19 17:00:00,2023-11-09 17:00:00,,0.0,0.0,0.0,0,0,0,0,0,0.0,,0.0,0,0,0.0,25000.0,0.0,0.0,0.0,0,0.0,0.0,1.0,0.0,0.0,0.0,,,Yes,012c8097-f3b9-45ac-83f9-d6c290996be1
,,33.77301283179417,-84.46997068782571,Stage 5,DPA,Homeowner,1,1,2172,AH,,,,,AH_DPA,,Permanent,25000.0,0.0,0.0,25000.0,,2023-10-26 17:00:00,2023-11-15 17:00:00,,0.0,0.0,0.0,0,0,0,0,0,0.0,,0.0,0,0,0.0,25000.0,0.0,0.0,0.0,0,0.0,0.0,0.0,1.0,0.0,0.0,,,Yes,44877756-ffc3-49be-88aa-2fc759b6e7fd
,,33.76341198280611,-84.3753720281531,Stage 5,DPA,Homeowner,1,1,2173,AH,,,,,AH_DPA,,Permanent,20000.0,0.0,0.0,20000.0,,2023-10-11 17:00:00,2023-11-15 17:00:00,,0.0,0.0,0.0,0,0,0,0,0,0.0,,0.0,0,0,0.0,20000.0,0.0,0.0,0.0,0,0.0,0.0,0.0,1.0,0.0,0.0,,,Yes,579fdf08-2751-4bd0-8aaa-04d44e3abee7
,,33.69010571193937,-84.53039587716398,Stage 5,DPA,Homeowner,1,1,2174,AH,,,,,AH_DPA,,Permanent,20000.0,0.0,0.0,20000.0,,2023-10-30 17:00:00,2023-11-16 17:00:00,,0.0,0.0,0.0,0,0,0,0,0,0.0,,0.0,0,0,0.0,20000.0,0.0,0.0,0.0,0,0.0,1.0,0.0,0.0,0.0,0.0,,,Yes,f5502fb0-cc7d-4801-84d6-b67b8a680285
,,33.73172328148916,-84.40298325474734,Stage 5,DPA,Homeowner,1,1,2175,AH,,,,,AH_DPA,,Permanent,25000.0,0.0,0.0,25000.0,,2023-11-01 17:00:00,2023-11-17 17:00:00,,0.0,0.0,0.0,0,0,0,0,0,0.0,,0.0,0,0,0.0,25000.0,0.0,0.0,0.0,0,0.0,0.0,0.0,1.0,0.0,0.0,,,Yes,c9f7914c-54d9-4325-86cb-0817267c47c8
The Citizen Apartments (FKA Studioplex),"665 Auburn Ave NE, Atlanta, GA 30312",33.754660291967035,-84.365667448029,Stage 5,New_Construction,Renter,114,17,2176,COA,,,,,Other,,,0.0,0.0,0.0,0.0,,2021-10-13 17:00:00,2023-10-23 17:00:00,,0.0,0.0,0.0,0,0,0,0,0,0.0,,0.0,0,0,0.0,0.0,0.0,0.0,0.0,0,0.0,0.0,0.0,17.0,0.0,97.0,IZ,,Yes,312dd9cc-3230-4aaf-8959-2934a299ec13
Enfold Glenwood,"770 Glenwood Avenue SE, Atlanta, GA 30316",33.74269744365047,-84.36246204297434,Stage 5,New_Construction,Renter,80,12,2177,COA,,,,,Other,,,0.0,0.0,0.0,0.0,,2022-01-10 17:00:00,2023-09-05 17:00:00,,0.0,0.0,0.0,0,0,0,0,0,0.0,,0.0,0,0,0.0,0.0,0.0,0.0,0.0,0,0.0,0.0,0.0,12.0,0.0,68.0,IZ,,Yes,07acbbd4-98c5-4b8a-874b-57b0c50a2e35
,,33.76795088968341,-84.41622621445623,Stage 5,DPA,Homeowner,1,1,2178,IA,"AH,Other",,,Westside Future Funds,"AH_DPA,TAD,Other",Westside Future Funds,Permanent,,244715.0,0.0,,2023-12-01 17:00:00,2023-12-01 17:00:00,2023-12-01 17:00:00,1401110004029,241248.0,3467.0,0.0,0,0,0,0,0,0.0,,0.0,20000,0,,20000.0,0.0,0.0,60000.0,0,0.0,0.0,0.0,0.0,1.0,0.0,,,Yes,a3aa1543-e2a2-4a4a-8c8c-053b1f3da842
,,33.78675000918412,-84.44239997046179,Stage 5,DPA,Homeowner,1,1,2179,IA,AH,,,,"AH_DPA,Other",2023CY,Permanent,283203.0,238203.0,0.0,45000.0,2023-12-01 17:00:00,2023-12-01 17:00:00,2023-12-01 17:00:00,170225LL032,222624.0,15579.0,0.0,0,0,0,0,0,0.0,,0.0,0,0,0.0,25000.0,0.0,0.0,20000.0,0,0.0,0.0,0.0,0.0,1.0,0.0,,,Yes,22d66b0f-546c-412c-83aa-694a1fd53f30
,,33.78675000918412,-84.44239997046179,Stage 5,DPA,Homeowner,1,1,2180,IA,AH,,,,"AH_DPA,Other",2023CY,Permanent,275870.0,230870.0,0.0,45000.0,2023-12-01 17:00:00,2023-12-01 17:00:00,2023-12-01 17:00:00,170225LL0327,222624.0,8246.0,0.0,0,0,0,0,0,0.0,,0.0,0,0,0.0,25000.0,0.0,0.0,20000.0,0,0.0,0.0,0.0,0.0,1.0,0.0,,,Yes,b9fc84af-4864-4786-8db8-03981da860d0
,,33.74635755453612,-84.46084311730648,Stage 5,DPA,Homeowner,1,1,2181,IA,AH,,,,"AH_DPA,Other",2023CY,Permanent,322520.0,302520.0,0.0,20000.0,,2023-12-04 17:00:00,2023-12-04 17:00:00,140180003045,299534.0,2986.0,0.0,0,0,0,0,0,0.0,,0.0,0,0,0.0,0.0,0.0,0.0,20000.0,0,0.0,0.0,0.0,0.0,1.0,0.0,,,Yes,b8ef3751-410b-47fd-8cbb-0dcaf0e5135a
,,33.72609000826538,-84.42844699343128,Stage 4,New_Construction,Homeowner,1,1,2182,LBA,,,,Atlanta Land Trust; ANDP,Other,,,0.0,0.0,0.0,0.0,,2024-01-01 17:00:00,,14-0138-0006-011-7,0.0,0.0,0.0,0,0,0,0,0,0.0,,0.0,0,0,0.0,0.0,0.0,0.0,0.0,0,0.0,0.0,0.0,1.0,0.0,0.0,,,Yes,137924b7-cd08-4961-82b0-7c39221c845b
,,33.72351399796247,-84.42950202358396,Stage 5,New_Construction,Homeowner,1,1,2183,LBA,COA,,,Atlanta Land Trust; ANDP,Other,,,0.0,0.0,0.0,0.0,,2023-04-13 17:00:00,2023-11-02 17:00:00,14-0138-0006-073-7,0.0,0.0,0.0,0,0,0,0,0,0.0,,0.0,0,0,0.0,0.0,0.0,0.0,0.0,0,0.0,0.0,0.0,1.0,0.0,0.0,,,Yes,a54685b3-6ba1-474b-8790-b7d2a0ff27d9
,,33.71025490171161,-84.39545102903871,Stage 5,DPA,Homeowner,1,1,2185,AH,,,,,AH_DPA,,Construction,25000.0,0.0,0.0,25000.0,,2023-10-31 17:00:00,2023-12-05 17:00:00,,0.0,0.0,0.0,0,0,0,0,0,0.0,,0.0,0,0,0.0,25000.0,0.0,0.0,0.0,0,0.0,1.0,0.0,0.0,0.0,0.0,,,Yes,3faaa906-52f7-4b47-81c9-25991f21fbd8
,,33.71025490171161,-84.39545102903871,Stage 5,DPA,Homeowner,1,1,2186,AH,,,,,AH_DPA,,Construction,25000.0,0.0,0.0,25000.0,,2023-10-31 17:00:00,2023-12-05 17:00:00,,0.0,0.0,0.0,0,0,0,0,0,0.0,,0.0,0,0,0.0,25000.0,0.0,0.0,0.0,0,0.0,1.0,0.0,0.0,0.0,0.0,,,Yes,817fc2a6-5abd-487a-8f28-63e90c1e9af3
,,33.76813430706374,-84.44775866391024,Stage 5,DPA,Homeowner,1,1,2187,AH,,,,,AH_DPA,,,20000.0,0.0,0.0,20000.0,,2023-10-31 17:00:00,2023-12-07 17:00:00,,0.0,0.0,0.0,0,0,0,0,0,0.0,,0.0,0,0,0.0,20000.0,0.0,0.0,0.0,0,0.0,0.0,0.0,1.0,0.0,0.0,,,Yes,d8cd65ae-96db-4f51-8538-6d361b7946b1
,,33.68339339661399,-84.5090446989009,Stage 5,DPA,Homeowner,1,1,2188,AH,,,,,AH_DPA,,Permanent,20000.0,0.0,0.0,20000.0,,2023-10-04 17:00:00,2023-12-07 17:00:00,,0.0,0.0,0.0,0,0,0,0,0,0.0,,0.0,0,0,0.0,20000.0,0.0,0.0,0.0,0,1.0,0.0,0.0,0.0,0.0,0.0,,,Yes,133be24f-8d8c-4861-8c22-dc2539a30e70
,,33.701945014159165,-84.47459498628723,Stage 5,DPA,Homeowner,1,1,2189,AH,,,,,AH_DPA,,Permanent,20000.0,0.0,0.0,20000.0,,2023-11-09 17:00:00,2023-12-11 17:00:00,,0.0,0.0,0.0,0,0,0,0,0,0.0,,0.0,0,0,0.0,20000.0,0.0,0.0,0.0,0,0.0,1.0,0.0,0.0,0.0,0.0,,,Yes,e1e24bbd-be85-4b90-8262-aedaf8d8b8e8
,,33.6944581311281,-84.52043355210944,Stage 5,DPA,Homeowner,1,1,2190,AH,,,,,AH_DPA,,Permanent,25000.0,0.0,0.0,25000.0,,2023-11-07 17:00:00,2023-12-12 17:00:00,,0.0,0.0,0.0,0,0,0,0,0,0.0,,0.0,0,0,0.0,25000.0,0.0,0.0,0.0,0,0.0,0.0,0.0,1.0,0.0,0.0,,,Yes,9a42cc1a-4a1c-4e0b-88b1-95f191fac5e6
,,33.811854529836495,-84.47457283415653,Stage 5,DPA,Homeowner,1,1,2191,AH,,,,,AH_DPA,,Construction,20000.0,0.0,0.0,20000.0,,2023-11-29 17:00:00,2023-12-18 17:00:00,,0.0,0.0,0.0,0,0,0,0,0,0.0,,0.0,0,0,0.0,20000.0,0.0,0.0,0.0,0,0.0,0.0,1.0,0.0,0.0,0.0,,,Yes,45510e43-5c06-44e1-8e23-c2aefa940dd1
,,33.76139709622669,-84.45389384517946,Stage 5,DPA,Homeowner,1,1,2192,AH,,,,,AH_DPA,,Permanent,20000.0,0.0,0.0,20000.0,,2023-12-07 17:00:00,2023-12-21 17:00:00,,0.0,0.0,0.0,0,0,0,0,0,0.0,,0.0,0,0,0.0,20000.0,0.0,0.0,0.0,0,0.0,0.0,1.0,0.0,0.0,0.0,,,Yes,aa56ab8b-b7aa-4296-8afe-3d6e92b0ad1f
,,33.75134678188181,-84.51975943187297,Stage 5,DPA,Homeowner,1,1,2193,AH,,,,,AH_DPA,,Permanent,25000.0,0.0,0.0,25000.0,,2023-12-07 17:00:00,2023-12-27 17:00:00,,0.0,0.0,0.0,0,0,0,0,0,0.0,,0.0,0,0,0.0,25000.0,0.0,0.0,0.0,0,0.0,0.0,0.0,1.0,0.0,0.0,,,Yes,48a63007-258d-4807-8651-8416963639ab
,,33.6991670253053,-84.35426249825555,Stage 5,DPA,Homeowner,1,1,2194,AH,,,,,AH_DPA,,Permanent,20000.0,0.0,0.0,20000.0,,2023-12-06 17:00:00,2023-12-28 17:00:00,,0.0,0.0,0.0,0,0,0,0,0,0.0,,0.0,0,0,0.0,20000.0,0.0,0.0,0.0,0,0.0,0.0,1.0,0.0,0.0,0.0,,,Yes,ae92a03e-692a-4d6d-8c8e-403624af4522
,,33.66980448153263,-84.37966071221197,Stage 5,DPA,Homeowner,1,1,2195,AH,,,,,AH_DPA,,Construction,25000.0,0.0,0.0,25000.0,,2023-12-01 17:00:00,2023-12-28 17:00:00,,0.0,0.0,0.0,0,0,0,0,0,0.0,,0.0,0,0,0.0,25000.0,0.0,0.0,0.0,0,0.0,1.0,0.0,0.0,0.0,0.0,,,Yes,41e29890-90bf-4798-8410-222a6c2c5671
,,33.69450597935384,-84.39952497623436,Stage 5,DPA,Homeowner,1,1,2196,AH,,,,,AH_DPA,,Construction,20000.0,0.0,0.0,20000.0,,2023-11-11 17:00:00,2023-12-28 17:00:00,,0.0,0.0,0.0,0,0,0,0,0,0.0,,0.0,0,0,0.0,20000.0,0.0,0.0,0.0,0,0.0,1.0,0.0,0.0,0.0,0.0,,,Yes,cd768a83-95e8-4617-8e96-d1ccaab8bd03
,,33.766884205707434,-84.45141418238376,Stage 5,DPA,Homeowner,1,1,2197,AH,,,,,AH_DPA,,Construction,25000.0,0.0,0.0,25000.0,,2023-11-09 17:00:00,2023-12-28 17:00:00,,0.0,0.0,0.0,0,0,0,0,0,0.0,,0.0,0,0,0.0,25000.0,0.0,0.0,0.0,0,0.0,0.0,1.0,0.0,0.0,0.0,,,Yes,d119fcea-5b29-4461-842c-0ebcc5b36495
,,33.694935717999,-84.5206930016331,Stage 5,DPA,Both,1,1,2198,IA,,,,,Other,,Permanent,211554.0,191554.0,0.0,20000.0,2024-01-08 17:00:00,2024-01-08 17:00:00,2024-01-08 17:00:00,14F0032LL109,186000.0,5554.0,0.0,0,0,0,0,0,0.0,,0.0,0,0,0.0,0.0,0.0,0.0,20000.0,0,0.0,1.0,0.0,0.0,0.0,0.0,,,Yes,f0a050a1-6dfd-4f55-86a2-74570f9abfa9
,,33.8116283089122,-84.47439488648352,Stage 5,DPA,Both,1,1,2199,IA,AH,,,,"AH_DPA,TAD,Other",2023CY,Permanent,316009.0,271009.0,0.0,45000.0,2024-01-12 17:00:00,2024-01-12 17:00:00,2024-01-12 17:00:00,17025200010222,268009.0,3000.0,0.0,0,0,0,0,0,0.0,,0.0,10000,0,0.0,25000.0,0.0,0.0,10000.0,0,0.0,0.0,0.0,0.0,1.0,0.0,,,Yes,6c8d7686-33b8-4104-89fb-048d88365744
,,33.72909068595608,-84.33334367018662,Stage 5,DPA,Both,1,1,2200,IA,,,,,Other,2023CY,Permanent,339235.0,319235.0,0.0,20000.0,2024-01-19 17:00:00,2024-01-19 17:00:00,2024-01-19 17:00:00,15 146 10 079,315425.0,3810.0,0.0,0,0,0,0,0,0.0,,0.0,0,0,0.0,0.0,0.0,0.0,20000.0,0,0.0,0.0,0.0,0.0,1.0,0.0,,,Yes,1399ec5a-fa26-4d1d-8c80-64ea38ef3ebc
,,33.66980737060263,-84.51630304132084,Stage 5,DPA,Both,1,1,2201,IA,,,,,Other,2023CY,Permanent,271946.0,251946.0,0.0,20000.0,,2024-01-22 17:00:00,2024-01-22 17:00:00,14F-0003-LL-064-9,250381.0,1565.0,0.0,0,0,0,0,0,0.0,,0.0,0,0,0.0,0.0,0.0,0.0,20000.0,0,0.0,0.0,0.0,0.0,1.0,0.0,,,Yes,9441cc97-b2a6-4016-80f6-4e0c737d8202
,,33.67220591817689,-84.38049800313489,Stage 5,DPA,Homeowner,1,1,2202,IA,"AH,Other",,,Atlanta Police Foundation,"AH_DPA,Other",2023CY and Atlanta Police Foundation,Permanent,297347.0,202347.0,0.0,95000.0,2024-01-22 17:00:00,2024-01-22 17:00:00,2024-01-22 17:00:00,14 0062 LL341,198999.0,3348.0,0.0,0,0,0,0,0,0.0,,0.0,0,0,0.0,25000.0,0.0,0.0,70000.0,0,0.0,0.0,0.0,0.0,1.0,0.0,,,Yes,535884a7-e229-4a06-89c8-79d1cb668ee1
,,33.77205352122989,-84.46391668887202,Stage 5,DPA,Homeowner,1,1,2203,IA,AH,,,,"AH_DPA,Other",2023CY,Permanent,197570.0,152570.0,0.0,45000.0,2024-01-25 17:00:00,2024-01-25 17:00:00,2024-01-25 17:00:00,1401770008024,150100.0,2470.0,0.0,0,0,0,0,0,0.0,,0.0,0,0,0.0,25000.0,0.0,0.0,20000.0,0,0.0,0.0,0.0,0.0,1.0,0.0,,,Yes,e0f06aa0-160e-499c-8c06-aff5bf70254a
,,33.734474903886216,-84.40503232992329,Stage 5,DPA,Homeowner,1,1,2204,IA,AH,,,,"AH_DPA,Other",2023CY,Permanent,201827.0,161827.0,0.0,40000.0,2024-01-31 17:00:00,2024-01-31 17:00:00,2024-01-31 17:00:00,14 00860007002,160000.0,1827.0,0.0,0,0,0,0,0,0.0,,0.0,0,0,0.0,20000.0,0.0,0.0,20000.0,0,0.0,0.0,1.0,0.0,0.0,0.0,,,Yes,9cc13296-10c4-4f9c-82b6-34fdc0bd8245
,,33.75216547645649,-84.51706684507026,Stage 5,DPA,Homeowner,1,1,2205,AH,,,,,AH_DPA,,Permanent,20000.0,0.0,0.0,20000.0,,2024-01-02 17:00:00,2024-01-19 17:00:00,,0.0,0.0,0.0,0,0,0,0,0,0.0,,0.0,0,0,0.0,20000.0,0.0,0.0,0.0,0,0.0,0.0,0.0,1.0,0.0,0.0,,,Yes,d385b3da-937e-453b-8115-aaa3554fd7ae
,,33.69138240570503,-84.53899254378445,Stage 5,DPA,Homeowner,1,1,2206,AH,,,,,AH_DPA,,Permanent,20000.0,0.0,0.0,20000.0,,2023-12-14 17:00:00,2024-01-19 17:00:00,,0.0,0.0,0.0,0,0,0,0,0,0.0,,0.0,0,0,0.0,20000.0,0.0,0.0,0.0,0,0.0,1.0,0.0,0.0,0.0,0.0,,,Yes,a7bb292d-566e-49a0-88e4-d97260f360fc
,,33.69793060376612,-84.48594402579609,Stage 5,DPA,Homeowner,1,1,2207,AH,,,,,AH_DPA,,Permanent,20000.0,0.0,0.0,20000.0,,2024-01-12 17:00:00,2024-01-29 17:00:00,,0.0,0.0,0.0,0,0,0,0,0,0.0,,0.0,0,0,0.0,20000.0,0.0,0.0,0.0,0,0.0,1.0,0.0,0.0,0.0,0.0,,,Yes,4494ddbd-4a56-4bce-834b-a99becf66ccb
,,33.7268201828221,-84.48888271026287,Stage 5,DPA,Homeowner,1,1,2208,AH,,,,,AH_DPA,,Permanent,20000.0,0.0,0.0,20000.0,,2024-01-13 17:00:00,2024-01-30 17:00:00,,0.0,0.0,0.0,0,0,0,0,0,0.0,,0.0,0,0,0.0,20000.0,0.0,0.0,0.0,0,0.0,0.0,0.0,1.0,0.0,0.0,,,Yes,52fafbd3-b16b-4e8b-84ac-70ce3b63ac1d
,,33.69457439693501,-84.3715300817357,Stage 5,DPA,Homeowner,1,1,2209,IA,AH,,,,"AH_DPA,Other",2023CY,Permanent,251830.0,206830.0,0.0,45000.0,2024-02-01 17:00:00,2024-02-01 17:00:00,2024-02-01 17:00:00,1400380003080,205280.0,1550.0,0.0,0,0,0,0,0,0.0,,0.0,0,0,0.0,25000.0,0.0,0.0,20000.0,0,0.0,0.0,0.0,0.0,1.0,0.0,,,Yes,7f21f4b3-0f31-41b8-8a11-16142a2622be
,,33.70195338151803,-84.37808371322186,Stage 5,DPA,Homeowner,1,1,2210,IA,AH,,,,"AH_DPA,Other",2023CY,Permanent,258380.0,218380.0,0.0,40000.0,2024-02-05 17:00:00,2024-02-05 17:00:00,2024-02-05 17:00:00,1400390005079,216880.0,1500.0,0.0,0,0,0,0,0,0.0,,0.0,0,0,0.0,20000.0,0.0,0.0,20000.0,0,0.0,0.0,0.0,0.0,1.0,0.0,,,Yes,8076a500-0bf0-4a4b-8e82-274a45acf6c1
,,33.71887710713137,-84.45530909930554,Stage 5,DPA,Homeowner,1,1,2211,IA,AH,,,,"AH_DPA,Other",2023CY,Permanent,244575.0,204575.0,0.0,40000.0,2024-02-07 17:00:00,2024-02-07 17:00:00,2024-02-07 17:00:00,1401690006051,199683.0,4892.0,0.0,0,0,0,0,0,0.0,,0.0,0,0,0.0,20000.0,0.0,0.0,20000.0,0,0.0,0.0,0.0,0.0,1.0,0.0,,,Yes,bcb4e067-1ca8-4543-891f-76128d4a7c71
,,33.7759389885589,-84.3750869596261,Stage 5,DPA,Homeowner,1,1,2212,IA,,,,,Other,2023CY,Permanent,301075.0,281075.0,0.0,20000.0,2024-02-09 17:00:00,2024-02-09 17:00:00,2024-02-09 17:00:00,14004800280029,273600.0,7475.0,0.0,0,0,0,0,0,0.0,,0.0,0,0,0.0,0.0,0.0,0.0,20000.0,0,0.0,0.0,0.0,0.0,1.0,0.0,,,Yes,5a31dc34-58fb-41cd-8527-344f7450a213
,,33.69334601969149,-84.37277900258674,Stage 5,DPA,Homeowner,1,1,2213,IA,AH,,,,"AH_DPA,Other",2023CY,Permanent,361266.0,316266.0,0.0,45000.0,2024-02-13 17:00:00,2024-02-13 17:00:00,2024-02-13 17:00:00,1400380003045,311355.0,4911.0,0.0,0,0,0,0,0,0.0,,0.0,0,0,0.0,25000.0,0.0,0.0,20000.0,0,0.0,0.0,0.0,0.0,1.0,0.0,,,Yes,4b035bf3-b72a-4173-8b11-814e038d5ddf
,,33.74708801682437,-84.35850898006862,Stage 5,DPA,Homeowner,1,1,2214,IA,AH,,,Atlanta Land Trust,"AH_DPA,Other",2023CY,Permanent,136477.0,96477.0,0.0,40000.0,2024-02-22 17:00:00,2024-02-22 17:00:00,2024-02-22 17:00:00,1400130008135,89849.0,6628.0,0.0,0,0,0,0,0,0.0,,0.0,0,0,0.0,20000.0,0.0,0.0,20000.0,0,0.0,0.0,0.0,1.0,0.0,0.0,,,Yes,262b2671-3085-4878-813b-924f05ede408
,,33.747972014242784,-84.51737102331471,Stage 5,DPA,Homeowner,1,1,2215,IA,AH,,,,"AH_DPA,Other",2023CY,Permanent,253432.0,208432.0,0.0,45000.0,2024-02-14 17:00:00,2024-02-14 17:00:00,2024-02-14 17:00:00,14F0025001025,206857.0,1575.0,0.0,0,0,0,0,0,0.0,,0.0,0,0,0.0,25000.0,0.0,0.0,20000.0,0,0.0,0.0,0.0,0.0,1.0,0.0,,,Yes,a3276919-a830-4867-8b7e-a7c0d0e8f327
,,33.70047606818995,-84.49752180405612,Stage 5,DPA,Homeowner,1,1,2216,IA,AH,,,,"AH_DPA,Other",2023CY,Permanent,254055.0,214055.0,0.0,40000.0,2024-02-26 17:00:00,2024-02-26 17:00:00,2024-02-26 17:00:00,140231LL2280,212555.0,1500.0,0.0,0,0,0,0,0,0.0,,0.0,0,0,0.0,20000.0,0.0,0.0,20000.0,0,0.0,0.0,0.0,0.0,1.0,0.0,,,Yes,6396e7ea-2e01-4ce8-8ce5-0042ae94edd8
,,33.779714359011415,-84.45342925277002,Stage 5,DPA,Both,1,1,2217,IA,,,,Atlanta Land Trust,TAD,,Permanent,198925.0,178925.0,0.0,20000.0,2024-02-22 17:00:00,2024-02-22 17:00:00,2024-02-22 17:00:00, 1401690006051,174250.0,4675.0,0.0,0,0,0,0,0,0.0,,0.0,20000,0,0.0,0.0,0.0,0.0,0.0,0,0.0,0.0,1.0,0.0,0.0,0.0,,,Yes,ef9f9442-03f3-4a39-8065-a61878356137
,,33.76886307077549,-84.41563868248006,Stage 5,DPA,Homeowner,1,1,2218,IA,"AH,Other",,,West Side Future Funds,"AH_DPA,Housing_Trust_Fund,Other",West Side Future Funds,,372336.0,267336.0,0.0,105000.0,2024-02-27 17:00:00,2024-02-27 17:00:00,2024-02-27 17:00:00,1401110001090,266076.0,1260.0,0.0,0,0,0,0,0,0.0,,0.0,0,0,20000.0,25000.0,0.0,0.0,60000.0,0,0.0,0.0,0.0,0.0,1.0,0.0,,,Yes,4d5cf68b-4a5d-4d1a-892d-453c1d8bf39d
,,33.7512652170102,-84.47695000969733,Stage 5,DPA,Homeowner,1,1,2219,IA,AH,,,,"AH_DPA,Other",2023CY,Permanent,139680.0,99680.0,0.0,40000.0,2024-02-28 17:00:00,2024-02-28 17:00:00,2024-02-28 17:00:00,1402120006078,96500.0,3180.0,0.0,0,0,0,0,0,0.0,,0.0,0,0,0.0,20000.0,0.0,0.0,20000.0,0,0.0,1.0,0.0,0.0,0.0,0.0,,,Yes,e2d86564-e2f7-45ca-86a2-432d4fea3a77
839 Joseph E Boone,"839 Joseph E Boone Blvd NW, ATLANTA, GA 30314",33.763691040212194,-84.41486812219387,Stage 5,New_Construction,Renter,33,33,2221,IA,"IA,Other",,,Westside Future Fund,TAD,,,1500000.0,0.0,0.0,1500000.0,,2024-01-09 17:00:00,2026-02-11 17:00:00,,0.0,0.0,0.0,0,0,0,0,0,0.0,,0.0,1500000,0,0.0,0.0,0.0,0.0,0.0,0,7.0,0.0,10.0,16.0,0.0,0.0,Both,,Yes,5bb6d052-96de-481b-824e-543157b53be5
,,33.759916266895836,-84.45567097876457,Stage 5,Rehab_HomeFlex,Homeowner,1,1,2222,IA,,,,,HOB,,Permanent,30000.0,0.0,0.0,30000.0,2023-09-29 16:00:00,2023-09-29 16:00:00,2024-01-08 16:00:00,14 01740006019,0.0,0.0,0.0,0,0,0,0,0,0.0,,0.0,0,30000,0.0,0.0,0.0,0.0,0.0,0,0.0,0.0,1.0,0.0,0.0,0.0,,,,7b6cf685-a85c-431b-8c96-94df256e6a63
,,33.722642992494,-84.40373596940364,Stage 5,Rehab_HomeFlex,Homeowner,1,1,2223,IA,,,,,HOB,,Permanent,29905.0,0.0,0.0,29905.0,2024-01-19 16:00:00,2024-01-19 16:00:00,2024-02-23 16:00:00,14 00870008201,0.0,0.0,0.0,0,0,0,0,0,0.0,,0.0,0,29905,0.0,0.0,0.0,0.0,0.0,0,0.0,0.0,1.0,0.0,0.0,0.0,,,,edb6c153-27bb-4321-8409-aabc0333db61
,,33.71717986211322,-84.43316077167752,Stage 5,DPA,Homeowner,1,1,2224,AH,,,,,AH_DPA,,,25000.0,0.0,0.0,25000.0,,2024-01-12 16:00:00,2024-02-13 16:00:00,,0.0,0.0,0.0,0,0,0,0,0,0.0,,0.0,0,0,0.0,25000.0,0.0,0.0,0.0,0,0.0,0.0,0.0,1.0,0.0,0.0,,,,c4288a55-5e9b-46ad-81f5-767cb399d9db
,,33.73537822346806,-84.39976820434127,Stage 5,DPA,Homeowner,1,1,2225,AH,,,,,AH_DPA,,,20000.0,0.0,0.0,20000.0,,2024-01-18 16:00:00,2024-02-20 16:00:00,,0.0,0.0,0.0,0,0,0,0,0,0.0,,0.0,0,0,0.0,20000.0,0.0,0.0,0.0,0,0.0,0.0,0.0,1.0,0.0,0.0,,,,defadaac-f90b-48f0-8978-553d369ddeed
,,33.74092520245671,-84.50618077338383,Stage 5,DPA,Homeowner,1,1,2226,AH,,,,,AH_DPA,,,25000.0,0.0,0.0,25000.0,,2024-01-31 16:00:00,2024-02-26 16:00:00,,0.0,0.0,0.0,0,0,0,0,0,0.0,,0.0,0,0,0.0,25000.0,0.0,0.0,0.0,0,0.0,0.0,0.0,1.0,0.0,0.0,,,,4d204016-66eb-4c5a-8b2e-a98135bf1770
,,33.77292545082115,-84.45762428381383,Stage 5,DPA,Homeowner,1,1,2227,AH,,,,,AH_DPA,,,20000.0,0.0,0.0,20000.0,,2024-01-30 16:00:00,2024-02-27 16:00:00,,0.0,0.0,0.0,0,0,0,0,0,0.0,,0.0,0,0,0.0,20000.0,0.0,0.0,0.0,0,0.0,0.0,0.0,1.0,0.0,0.0,,,,27f5edc7-fa56-4f0e-8f45-4b05e33abe8c
,,33.671690394511565,-84.3806251234422,Stage 5,DPA,Homeowner,1,1,2228,AH,,,,,AH_DPA,,,20000.0,0.0,0.0,20000.0,,2024-02-02 16:00:00,2024-02-29 16:00:00,,0.0,0.0,0.0,0,0,0,0,0,0.0,,0.0,0,0,0.0,20000.0,0.0,0.0,0.0,0,0.0,0.0,1.0,0.0,0.0,0.0,,,,b7c7229b-b6b8-46f8-8071-d422d2d866e8
,,33.759256007584405,-84.47315754062329,Stage 5,DPA,Homeowner,1,1,2230,IA,AH,,,,"AH_DPA,Other",2023CY,Permanent,185512.0,145512.0,0.0,40000.0,2024-03-01 16:00:00,2024-03-01 16:00:00,2024-03-01 16:00:00,1402060003011,141229.0,4283.0,0.0,0,0,0,0,0,0.0,,0.0,0,0,0.0,20000.0,0.0,0.0,20000.0,0,0.0,0.0,0.0,1.0,0.0,0.0,,,Yes,d886cf73-877c-4117-8757-02b14715458e
,,33.75984078903368,-84.50034342062182,Stage 5,DPA,Homeowner,1,1,2231,IA,,,,,Other,2023CY,Permanent,254296.0,234296.0,0.0,20000.0,2024-03-08 16:00:00,2024-03-08 16:00:00,2024-03-08 16:00:00,14024300020345,229242.0,5054.0,0.0,0,0,0,0,0,0.0,,0.0,0,0,0.0,0.0,0.0,0.0,20000.0,0,0.0,0.0,0.0,0.0,1.0,0.0,,,,ff192705-6fc6-47db-82bb-de04a993d8a9
,,33.77235827785605,-84.5110219563336,Stage 5,DPA,Homeowner,1,1,2232,IA,AH,,,,"AH_DPA,Other",2023CY,Permanent,321502.0,281502.0,0.0,40000.0,2024-03-11 16:00:00,2024-03-11 16:00:00,2024-03-11 16:00:00,14020800100314,277777.0,3725.0,0.0,0,0,0,0,0,0.0,,0.0,0,0,0.0,20000.0,0.0,0.0,20000.0,0,0.0,0.0,0.0,0.0,1.0,0.0,,,,9a4658dc-85a0-428d-8e43-c443639b69b0
,,33.714786732511186,-84.3877204313095,Stage 5,DPA,Homeowner,1,1,2233,IA,,,,,Other,2023CY,Permanent,214902.0,194902.0,0.0,20000.0,2024-03-15 16:00:00,2024-03-15 16:00:00,2024-03-15 16:00:00,14005600009034,191259.0,3643.0,0.0,0,0,0,0,0,0.0,,0.0,0,0,0.0,0.0,0.0,0.0,20000.0,0,0.0,0.0,0.0,1.0,0.0,0.0,,,,935bda67-feeb-42c5-8e68-ac0798eb8a10
,,33.70872736669658,-84.46751371280214,Stage 5,DPA,Homeowner,1,1,2234,IA,AH,,,2023CY,"AH_DPA,Other",2023CY,Permanent,310937.0,270937.0,0.0,40000.0,2024-03-15 16:00:00,2024-03-15 16:00:00,2024-03-15 16:00:00,1402000001013,268060.0,2877.0,0.0,0,0,0,0,0,0.0,,0.0,0,0,0.0,20000.0,0.0,0.0,20000.0,0,0.0,0.0,0.0,0.0,1.0,0.0,,,,83eeb9e0-1918-44c2-87b5-a2da51e8097e
,,33.7730839866088,-84.38112301955985,Stage 5,DPA,Homeowner,1,1,2235,IA,,,,,Other,2023CY,Permanent,329100.0,309100.0,0.0,20000.0,2024-03-15 16:00:00,2024-03-15 16:00:00,2024-03-15 16:00:00,14004900101240,301530.0,7570.0,0.0,0,0,0,0,0,0.0,,0.0,0,0,0.0,0.0,0.0,0.0,20000.0,0,0.0,0.0,0.0,0.0,1.0,0.0,,,,e677d781-49dd-4af1-867d-b04b4c604a07
,,33.72413501316873,-84.423262031946,Stage 5,"DPA,New_Construction",Homeowner,1,1,2236,IA,"AH,Other",,,Grants,"AH_DPA,Other",2023CY AND BANK GRANT ,Permanent,199518.0,159518.0,0.0,40000.0,2024-03-28 16:00:00,2024-03-28 16:00:00,2024-03-28 16:00:00,140119005103,147800.0,4218.0,7500.0,0,0,0,0,0,0.0,,0.0,0,0,0.0,20000.0,0.0,0.0,20000.0,0,0.0,0.0,0.0,0.0,1.0,0.0,,,,dd879b82-a056-414d-8b62-378d17ce5019
,,33.78773482571886,-84.44135734464892,Stage 5,"DPA,New_Construction",Homeowner,1,1,2237,IA,AH,,,,"AH_DPA,Other",2023CY,Permanent,343684.0,303684.0,0.0,40000.0,2024-03-28 16:00:00,2024-03-28 16:00:00,2024-03-28 16:00:00,170225LL032,293600.0,10084.0,0.0,0,0,0,0,0,0.0,,0.0,0,0,0.0,20000.0,0.0,0.0,20000.0,0,0.0,0.0,0.0,0.0,1.0,0.0,,,,c5bbfa5d-5522-4363-8f75-079fdf460baa
,,33.711773946241046,-84.4007109559678,Stage 5,DPA,Homeowner,1,1,2238,IA,AH,,,,"AH_DPA,Other",2023CY,Permanent,200877.0,160877.0,0.0,40000.0,2024-03-28 16:00:00,2024-03-28 16:00:00,2024-03-28 16:00:00,1400890004011,153642.0,2235.0,5000.0,0,0,0,0,0,0.0,,0.0,0,0,0.0,20000.0,0.0,0.0,20000.0,0,0.0,0.0,0.0,1.0,0.0,0.0,,,,170fec23-fc74-4fb0-8264-72b236ef36f1
,,33.72413501316873,-84.423262031946,Stage 5,"DPA,New_Construction",Homeowner,1,1,2239,IA,AH,,,,"AH_DPA,Other",2023CY ,Permanent,198899.0,158899.0,0.0,40000.0,2024-03-29 16:00:00,2024-03-29 16:00:00,2024-03-29 16:00:00,14011900051036,155300.0,3599.0,0.0,0,0,0,0,0,0.0,,0.0,0,0,0.0,20000.0,0.0,0.0,20000.0,0,0.0,0.0,0.0,1.0,0.0,0.0,,,,dfc2e25f-53fa-43a2-81c4-5d5b1a9fe6d1
,,33.81914401139093,-84.42746496965526,Stage 5,DPA,Homeowner,1,1,2240,IA,,,,,Other,2023CY,Permanent,285549.0,265549.0,0.0,20000.0,2024-03-29 16:00:00,2024-03-29 16:00:00,2024-03-29 16:00:00,1701940005180,262163.0,3386.0,0.0,0,0,0,0,0,0.0,,0.0,0,0,0.0,0.0,0.0,0.0,20000.0,0,0.0,0.0,0.0,0.0,1.0,0.0,,,,0644252a-db67-4c68-82dd-d6bf9aeef986
,,33.740363006359125,-84.41708800588599,Stage 5,DPA,Homeowner,1,1,2241,IA,AH,,,,"AH_DPA,Other",2023CY,Permanent,195186.0,150186.0,0.0,45000.0,2024-03-29 16:00:00,2024-03-29 16:00:00,2024-03-29 16:00:00,140108LL1480,148000.0,2186.0,0.0,0,0,0,0,0,0.0,,0.0,0,0,0.0,25000.0,0.0,0.0,20000.0,0,0.0,0.0,0.0,0.0,1.0,0.0,,,,d6caf94f-6b78-4a91-8718-f995c3b16dbf
,,33.69550234188506,-84.38088625672599,Stage 5,Rehab_HomeFlex,Homeowner,1,1,2242,IA,,,,,HOB,,Permanent,30000.0,0.0,0.0,30000.0,2024-02-09 16:00:00,2024-02-09 16:00:00,2024-03-15 16:00:00,14 005900010646,0.0,0.0,0.0,0,0,0,0,0,0.0,,0.0,0,30000,0.0,0.0,0.0,0.0,0.0,0,0.0,0.0,1.0,0.0,0.0,0.0,,,,be7de300-3e7f-43a5-8e99-6abd93397ce7
,,33.76664583609605,-84.41661272338524,Stage 5,DPA,Homeowner,1,1,2243,AH,,,,,AH_DPA,,,20000.0,0.0,0.0,20000.0,,2024-02-14 16:00:00,2024-03-05 16:00:00,,0.0,0.0,0.0,0,0,0,0,0,0.0,,0.0,0,0,0.0,20000.0,0.0,0.0,0.0,0,0.0,1.0,0.0,0.0,0.0,0.0,,,,a36e3233-7ddb-4131-8530-7e1719b91f62
,,33.74671578314104,-84.45746563061999,Stage 5,DPA,Homeowner,1,1,2244,AH,,,,,AH_DPA,,,25000.0,0.0,0.0,25000.0,,2024-02-13 16:00:00,2024-03-05 16:00:00,,0.0,0.0,0.0,0,0,0,0,0,0.0,,0.0,0,0,0.0,25000.0,0.0,0.0,0.0,0,1.0,0.0,0.0,0.0,0.0,0.0,,,,92ddaaf2-67dd-4ebe-8989-7cd941d29b7f
,,33.67557805102265,-84.40652156202103,Stage 5,DPA,Homeowner,1,1,2245,AH,,,,,AH_DPA,,,20000.0,0.0,0.0,20000.0,,2024-02-22 16:00:00,2024-03-07 16:00:00,,0.0,0.0,0.0,0,0,0,0,0,0.0,,0.0,0,0,0.0,20000.0,0.0,0.0,0.0,0,0.0,0.0,1.0,0.0,0.0,0.0,,,,67da0770-fb18-4d1c-896d-7e4bfe846179
,,33.77199243755363,-84.47073088761195,Stage 5,DPA,Homeowner,1,1,2246,AH,,,,,AH_DPA,,,25000.0,0.0,0.0,25000.0,,2024-02-20 16:00:00,2024-03-07 16:00:00,,0.0,0.0,0.0,0,0,0,0,0,0.0,,0.0,0,0,0.0,25000.0,0.0,0.0,0.0,0,0.0,0.0,0.0,1.0,0.0,0.0,,,,0dc14f52-7c81-4caf-86bc-962f6dc4beef
,,33.66028554533218,-84.37832159270351,Stage 5,DPA,Homeowner,1,1,2247,AH,,,,,AH_DPA,,,20000.0,0.0,0.0,20000.0,,2024-02-13 16:00:00,2024-03-08 16:00:00,,0.0,0.0,0.0,0,0,0,0,0,0.0,,0.0,0,0,0.0,20000.0,0.0,0.0,0.0,0,0.0,0.0,0.0,1.0,0.0,0.0,,,,9ffe4ea2-64ea-4180-8b97-3021d7aa5eb1
,,33.6993310706698,-84.49791099625395,Stage 5,DPA,Homeowner,1,1,2248,AH,,,,,AH_DPA,,,25000.0,0.0,0.0,25000.0,,2024-03-07 16:00:00,2024-03-21 16:00:00,,0.0,0.0,0.0,0,0,0,0,0,0.0,,0.0,0,0,0.0,25000.0,0.0,0.0,0.0,0,0.0,0.0,0.0,1.0,0.0,0.0,,,Yes,3c4aaa75-8dde-4fda-8e82-39de0655fbaa
,,33.66982394772076,-84.37874487567025,Stage 5,DPA,Homeowner,1,1,2249,AH,,,,,AH_DPA,,,25000.0,0.0,0.0,25000.0,,2024-03-07 16:00:00,2024-03-26 16:00:00,,0.0,0.0,0.0,0,0,0,0,0,0.0,,0.0,0,0,0.0,25000.0,0.0,0.0,0.0,0,0.0,0.0,1.0,0.0,0.0,0.0,,,,aa194c38-8781-4ea9-83c0-e61cd9eae2fb
,,33.77068210597549,-84.41282037969759,Stage 5,DPA,Homeowner,1,1,2250,IA,"AH,Other",,,Westside Future Fundsd,"AH_DPA,Housing_Trust_Fund,Other",Westside Future Funds,Permanent,296980.0,191980.0,0.0,105000.0,2024-04-04 16:00:00,2024-04-04 16:00:00,2024-04-04 16:00:00,1401110002007,189051.0,2929.0,0.0,0,0,0,0,0,0.0,,0.0,0,0,20000.0,25000.0,0.0,0.0,60000.0,0,0.0,0.0,0.0,1.0,0.0,0.0,,,,4b607874-2a3c-4a56-8189-8cc1291e5e05
,,33.8631870149929,-84.44803198075296,Stage 5,DPA,Homeowner,1,1,2251,IA,AH,,,,"AH_DPA,Other",2023CY,Permanent,241945.0,201945.0,0.0,40000.0,2024-04-08 16:00:00,2024-04-08 16:00:00,2024-04-08 16:00:00,170236LL155,181700.0,20245.0,0.0,0,0,0,0,0,0.0,,0.0,0,0,0.0,20000.0,0.0,0.0,20000.0,0,0.0,0.0,0.0,0.0,1.0,0.0,,,,c4041201-3b81-47dc-8536-0435e55a1877
,,33.72413501316873,-84.423262031946,Stage 5,"DPA,New_Construction",Homeowner,1,1,2252,IA,AH,,,,"AH_DPA,Other",2023CY,Permanent,245371.0,200371.0,0.0,45000.0,2024-04-10 16:00:00,2024-04-10 16:00:00,2024-04-10 16:00:00,14011900051036,191250.0,9121.0,0.0,0,0,0,0,0,0.0,,0.0,0,0,0.0,25000.0,0.0,0.0,20000.0,0,0.0,0.0,0.0,1.0,0.0,0.0,,,,f8dcc72a-3226-4cc9-8e19-fb89d23c6ddc
,,33.72413501316873,-84.423262031946,Stage 5,"DPA,New_Construction",Homeowner,1,1,2253,IA,AH,,,,"AH_DPA,Other",2023CY,Permanent,203839.0,163839.0,0.0,40000.0,2024-04-11 16:00:00,2024-04-11 16:00:00,2024-04-11 16:00:00,14011900051036,155300.0,8539.0,0.0,0,0,0,0,0,0.0,,0.0,0,0,0.0,20000.0,0.0,0.0,20000.0,0,0.0,0.0,0.0,1.0,0.0,0.0,,,,5397a771-e985-4d2c-8427-91dc5291f9de
,,33.684652980270165,-84.39595395903847,Stage 5,DPA,Homeowner,1,1,2254,IA,AH,,,,"AH_DPA,Other",2023CY,Permanent,341796.0,301796.0,0.0,40000.0,2024-04-12 16:00:00,2024-04-12 16:00:00,2024-04-12 16:00:00,1400690004034,297110.0,4686.0,0.0,0,0,0,0,0,0.0,,0.0,0,0,0.0,20000.0,0.0,0.0,20000.0,0,0.0,0.0,0.0,0.0,1.0,0.0,,,,019996ec-5b7f-485e-8bd6-30029a556535
,,33.72680185282206,-84.4010418005034,Stage 5,DPA,Homeowner,1,1,2255,IA,AH,,,,"AH_DPA,Other",2023CY,Permanent,281455.0,241455.0,0.0,40000.0,2024-04-12 16:00:00,2024-04-12 16:00:00,2024-04-12 16:00:00,1400870006077,237586.0,3869.0,0.0,0,0,0,0,0,0.0,,0.0,0,0,0.0,20000.0,0.0,0.0,20000.0,0,0.0,0.0,0.0,0.0,1.0,0.0,,,,8d8f0702-3a03-49c0-8d8d-f5d411f554ec
,,33.71092271720958,-84.38510641162043,Stage 5,DPA,Homeowner,1,1,2256,IA,,,,,Other,2023CY,,352063.0,332063.0,0.0,20000.0,2024-04-12 16:00:00,2024-04-12 16:00:00,2024-04-12 16:00:00,1400570006021,327750.0,4313.0,0.0,0,0,0,0,0,0.0,,0.0,0,0,0.0,0.0,0.0,0.0,20000.0,0,0.0,0.0,0.0,0.0,1.0,0.0,,,,7b4cf518-a414-468e-8a8f-e98b7df14586
,,33.66906288774123,-84.49219747867576,Stage 5,DPA,Homeowner,1,1,2257,IA,AH,,,,"AH_DPA,Other",2023CY,Permanent,298927.0,258927.0,0.0,40000.0,2024-04-15 16:00:00,2024-04-15 16:00:00,2024-04-15 16:00:00,140227LL2195,257427.0,1500.0,0.0,0,0,0,0,0,0.0,,0.0,0,0,0.0,20000.0,0.0,0.0,20000.0,0,0.0,0.0,0.0,0.0,1.0,0.0,,,,670bb016-b359-4259-89b3-273b480d3565
,,33.72413501316873,-84.423262031946,Stage 5,"DPA,New_Construction",Homeowner,1,1,2258,IA,AH,,,,"AH_DPA,Other",2023CY,Permanent,199367.0,159367.0,0.0,40000.0,2024-04-16 16:00:00,2024-04-16 16:00:00,2024-04-16 16:00:00,14011900051036,155000.0,4367.0,0.0,0,0,0,0,0,0.0,,0.0,0,0,0.0,20000.0,0.0,0.0,20000.0,0,0.0,0.0,0.0,1.0,0.0,0.0,,,,f664ad25-bb46-4b06-884a-cf6a403c0a06
,,33.72413501316873,-84.423262031946,Stage 5,"DPA,New_Construction",Homeowner,1,1,2259,IA,AH,,,,"AH_DPA,Other",2023CY,Permanent,203180.0,163180.0,0.0,40000.0,2024-04-19 16:00:00,2024-04-19 16:00:00,2024-04-19 16:00:00,14011900051036,155300.0,7880.0,0.0,0,0,0,0,0,0.0,,0.0,0,0,0.0,20000.0,0.0,0.0,20000.0,0,0.0,0.0,0.0,0.0,1.0,0.0,,,,4343d0ad-946d-441b-839f-cc6952f9d44a
,,33.77874752734105,-84.49529069291533,Stage 5,DPA,Homeowner,1,1,2260,IA,"AH,Other",,,ANDP,"AH_DPA,Other",ANDP and 2023CY,Permanent,249291.0,202291.0,0.0,47000.0,2024-04-19 16:00:00,2024-04-19 16:00:00,2024-04-19 16:00:00,14024000050071,199300.0,2991.0,0.0,0,0,0,0,0,0.0,,0.0,0,0,0.0,20000.0,0.0,0.0,27000.0,0,0.0,0.0,0.0,1.0,0.0,0.0,,,,20b73f83-a9f0-4b5a-856c-aa186a2e828d
,,33.77857968452007,-84.38733991272758,Stage 5,DPA,Homeowner,1,1,2261,IA,AH,,,,"AH_DPA,Other",2023CY,Permanent,259397.0,219397.0,0.0,40000.0,2024-04-22 16:00:00,2024-04-22 16:00:00,2024-04-22 16:00:00,1400490001112,216432.0,2965.0,0.0,0,0,0,0,0,0.0,,0.0,0,0,0.0,20000.0,0.0,0.0,20000.0,0,0.0,0.0,0.0,0.0,1.0,0.0,,,,61d3c969-f6cc-45bf-83a7-4209e7223b04
,,33.76471398573587,-84.41365502980243,Stage 5,DPA,Homeowner,1,1,2262,IA,AH,,,,"AH_DPA,Other",2023CY,Permanent,313623.0,273623.0,0.0,40000.0,2024-04-22 16:00:00,2024-04-22 16:00:00,2024-04-22 16:00:00,140111000080991,264550.0,9073.0,0.0,0,0,0,0,0,0.0,,0.0,0,0,0.0,20000.0,0.0,0.0,20000.0,0,0.0,0.0,0.0,0.0,1.0,0.0,,,,75256a03-005d-4502-8b72-19dceeda74eb
,,33.72468741098951,-84.40295100894961,Stage 5,"DPA,New_Construction",Homeowner,1,1,2263,IA,AH,,,,"AH_DPA,Other",2023CY,Permanent,247353.0,202353.0,0.0,45000.0,2024-04-23 16:00:00,2024-04-23 16:00:00,2024-04-23 16:00:00,1400870008056,196500.0,5853.0,0.0,0,0,0,0,0,0.0,,0.0,0,0,0.0,25000.0,0.0,0.0,20000.0,0,0.0,0.0,0.0,0.0,1.0,0.0,,,,8ecade1e-968b-4844-83f9-4777b1aba509
,,33.76924706669056,-84.41282769151552,Stage 5,DPA,Homeowner,1,1,2264,IA,"AH,Other",,,WEST SIDE FUTURE FUNDS,"AH_DPA,Housing_Trust_Fund,Other",WESTSIDE FUTURE FUNDS,Permanent,332412.0,232412.0,0.0,100000.0,2024-04-24 16:00:00,2024-04-24 16:00:00,2024-04-24 16:00:00,1401110002068,229853.0,2559.0,0.0,0,0,0,0,0,0.0,,0.0,0,0,20000.0,20000.0,0.0,0.0,60000.0,0,0.0,0.0,0.0,0.0,1.0,0.0,,,,58b1ecdc-3ef6-4d47-8a79-69d83278910d
,,33.81796968708001,-84.44091327978322,Stage 5,DPA,Homeowner,1,1,2265,IA,AH,,,,"AH_DPA,Other",2023CY,Permanent,380101.0,335101.0,0.0,45000.0,2024-04-26 16:00:00,2024-04-26 16:00:00,2024-04-26 16:00:00,170221LL264,329161.0,5940.0,0.0,0,0,0,0,0,0.0,,0.0,0,0,0.0,25000.0,0.0,0.0,20000.0,0,0.0,0.0,0.0,0.0,1.0,0.0,,,,6d3476d4-bbb4-4d81-8579-2da75bcc8bca
,,33.75338529877055,-84.50862547126998,Stage 5,"DPA,New_Construction",Homeowner,1,1,2266,IA,AH,,,,"AH_DPA,Other",2023CY,Permanent,342374.0,297374.0,0.0,45000.0,2024-04-26 16:00:00,2024-04-26 16:00:00,2024-04-26 16:00:00,LL66L161,284590.0,7784.0,5000.0,0,0,0,0,0,0.0,,0.0,0,0,0.0,25000.0,0.0,0.0,20000.0,0,0.0,0.0,0.0,0.0,1.0,0.0,,,,05f078ba-4b94-4a7b-8b2b-ad2a4b93f5b6
,,33.68755163556482,-84.50139861518281,Stage 5,"DPA,New_Construction",Homeowner,1,1,2267,IA,AH,,,,"AH_DPA,Other",2023CY,Permanent,329464.0,284464.0,0.0,45000.0,2024-04-29 16:00:00,2024-04-29 16:00:00,2024-04-29 16:00:00,140252LL078,278889.0,5575.0,0.0,0,0,0,0,0,0.0,,0.0,0,0,0.0,25000.0,0.0,0.0,20000.0,0,0.0,0.0,0.0,0.0,1.0,0.0,,,,f7004ead-86a4-4bfc-885d-5cb3467491d1
,,33.76043485001421,-84.44452114068015,Stage 5,DPA,Homeowner,1,1,2268,IA,,,,,Other,2023CY,Permanent,238724.0,218724.0,0.0,20000.0,2024-04-30 16:00:00,2024-04-30 16:00:00,2024-04-30 16:00:00,1401470009019,215557.0,3167.0,0.0,0,0,0,0,0,0.0,,0.0,0,0,0.0,0.0,0.0,0.0,20000.0,0,0.0,0.0,0.0,0.0,1.0,0.0,,,,dfaf420f-30d1-424b-8d69-64446701d335
,,33.76991768104433,-84.4752960485394,Stage 5,DPA,Homeowner,1,1,2269,IA,"AH,Other",,,ANDP,"AH_DPA,Other",2023CY,Permanent,311678.0,251678.0,0.0,60000.0,2024-04-30 16:00:00,2024-04-30 16:00:00,2024-04-30 16:00:00,1402070006011,248270.0,3408.0,0.0,0,0,0,0,0,0.0,,0.0,0,0,0.0,25000.0,0.0,0.0,35000.0,0,0.0,0.0,0.0,1.0,0.0,0.0,,,,1fd2474e-80ac-40ff-88ed-616f3cd4d729
,,33.77583242617805,-84.50935324615342,Stage 5,DPA,Homeowner,1,1,2270,IA,,,,,"AH_DPA,Other",2023CY,Permanent,276187.0,236187.0,0.0,40000.0,2024-04-30 16:00:00,2024-04-30 16:00:00,2024-04-30 16:00:00,14F001600050010,233872.0,2315.0,0.0,0,0,0,0,0,0.0,,0.0,0,0,0.0,20000.0,0.0,0.0,20000.0,0,0.0,0.0,0.0,0.0,1.0,0.0,,,,0afa1b11-378a-494b-8322-2e1c794014fb
,,33.771059816153226,-84.46650821782475,Stage 5,DPA,Homeowner,1,1,2271,AH,COA,,,,"AH_DPA,HOME",,,50000.0,0.0,0.0,50000.0,,2023-12-26 16:00:00,2024-02-01 16:00:00,,0.0,0.0,0.0,0,0,30000,0,0,0.0,,0.0,0,0,0.0,20000.0,0.0,0.0,0.0,0,0.0,1.0,0.0,0.0,0.0,0.0,,,,6d558927-1754-49f7-8460-ff5c182c41b6
,,33.76954251502938,-84.45060117701387,Stage 5,DPA,Homeowner,1,1,2272,AH,COA,,,,"AH_DPA,HOME",,,50000.0,0.0,0.0,50000.0,,2023-12-08 16:00:00,2024-02-01 16:00:00,,0.0,0.0,0.0,0,0,30000,0,0,0.0,,0.0,0,0,0.0,20000.0,0.0,0.0,0.0,0,0.0,1.0,0.0,0.0,0.0,0.0,,,,c9832a04-ccff-4428-83eb-4e6db4ceb497
,,33.72288599000098,-84.40142003393053,Stage 5,DPA,Homeowner,1,1,2273,AH,IA,,,,"AH_DPA,Other",Invest Atlanta,,50000.0,0.0,0.0,50000.0,,2023-12-07 16:00:00,2023-12-29 16:00:00,,0.0,0.0,0.0,0,0,0,0,0,0.0,,0.0,0,0,0.0,20000.0,0.0,0.0,30000.0,0,1.0,0.0,0.0,0.0,0.0,0.0,,,,48b85912-beb2-4507-83a2-58cbb8e45b2b
,,33.695684355338265,-84.37280345578482,Stage 5,DPA,Homeowner,1,1,2274,AH,IA,,,,"AH_DPA,Other",,,45000.0,0.0,0.0,45000.0,,2023-11-21 16:00:00,2023-12-08 16:00:00,,0.0,0.0,0.0,0,0,0,0,0,0.0,,0.0,0,0,0.0,25000.0,0.0,0.0,20000.0,0,0.0,0.0,1.0,0.0,0.0,0.0,,,,b4a57713-d3e1-4fee-8db6-fbf5a7ed51d3
,,33.7717659254892,-84.41472948783468,Stage 5,DPA,Homeowner,1,1,2275,AH,"IA,Other",,,WFF,"AH_DPA,Other",Invest Atlanta and WFF,,100000.0,0.0,0.0,100000.0,,2023-11-02 16:00:00,2023-12-06 16:00:00,,0.0,0.0,0.0,0,0,0,0,0,0.0,,0.0,0,0,0.0,25000.0,0.0,0.0,75000.0,0,0.0,0.0,0.0,1.0,0.0,0.0,,,,37d2542a-6dad-4f45-88f9-3565b358c06c
,,33.747324009308265,-84.50159200676791,Stage 5,DPA,Homeowner,1,1,2276,AH,IA,,,,"AH_DPA,Other",,,40000.0,0.0,0.0,40000.0,,2023-11-30 16:00:00,2023-12-20 16:00:00,,0.0,0.0,0.0,0,0,0,0,0,0.0,,0.0,0,0,0.0,20000.0,0.0,0.0,20000.0,0,0.0,0.0,0.0,1.0,0.0,0.0,,,,5e8c83e8-f705-4027-89f9-76008b4105ab
,,33.72943273687184,-84.40023787310837,Stage 5,DPA,Homeowner,1,1,2277,AH,IA,,,,"AH_DPA,Other",,,40000.0,0.0,0.0,40000.0,,2023-12-08 16:00:00,2023-12-27 16:00:00,,0.0,0.0,0.0,0,0,0,0,0,0.0,,0.0,0,0,0.0,20000.0,0.0,0.0,20000.0,0,0.0,1.0,0.0,0.0,0.0,0.0,,,,4c9960ec-a093-40a4-8880-13a98e54922c
,,33.730421111675476,-84.50074466066074,Stage 5,DPA,Homeowner,1,1,2278,AH,IA,,,,"AH_DPA,Other",,,45000.0,0.0,0.0,45000.0,,2023-11-15 16:00:00,2023-12-04 16:00:00,,0.0,0.0,0.0,0,0,0,0,0,0.0,,0.0,0,0,0.0,25000.0,0.0,0.0,20000.0,0,0.0,0.0,1.0,0.0,0.0,0.0,,,,9a608e32-46b1-4ddf-8ac4-d50c725eb6dc
,,33.74676091534704,-84.50084111145645,Stage 5,DPA,Homeowner,1,1,2279,AH,IA,,,,"AH_DPA,Other",,,45000.0,0.0,0.0,45000.0,,2023-12-06 16:00:00,2023-12-21 16:00:00,,0.0,0.0,0.0,0,0,0,0,0,0.0,,0.0,0,0,0.0,25000.0,0.0,0.0,20000.0,0,0.0,0.0,0.0,1.0,0.0,0.0,,,,f8f4636b-a0c6-4850-8d43-556a79a9d068
,,33.66542941717658,-84.41482054854825,Stage 5,DPA,Homeowner,1,1,2280,AH,"IA,Other",,,WFF,"AH_DPA,Other",,,75000.0,0.0,0.0,75000.0,,2023-11-30 16:00:00,2023-12-21 16:00:00,,0.0,0.0,0.0,0,0,0,0,0,0.0,,0.0,0,0,0.0,20000.0,0.0,0.0,55000.0,0,0.0,0.0,0.0,1.0,0.0,0.0,,,,00b6dbdf-2125-4338-8ae1-991675aa01fc
,,33.728524402836506,-84.49292567985461,Stage 5,Rehab_HomeFlex,Homeowner,1,1,2281,IA,,,,,HOB,,,29940.0,0.0,0.0,29940.0,2024-03-11 16:00:00,2024-03-11 16:00:00,2024-04-01 16:00:00,14 02340001028,0.0,0.0,0.0,0,0,0,0,0,0.0,,0.0,0,29940,0.0,0.0,0.0,0.0,0.0,0,0.0,1.0,0.0,0.0,0.0,0.0,,,,b22a0212-707e-4f78-8a39-7cb063110712
,,33.768221015934,-84.47379501744815,Stage 5,Rehab_HomeFlex,Homeowner,1,1,2282,IA,,,,,HOB,,,29886.0,0.0,0.0,29886.0,2024-04-03 16:00:00,2024-04-03 16:00:00,2024-04-17 16:00:00,14 02070011014,0.0,0.0,0.0,0,0,0,0,0,0.0,,0.0,0,29886,0.0,0.0,0.0,0.0,0.0,0,0.0,1.0,0.0,0.0,0.0,0.0,,,,4ebd3aa3-2e3c-4aa4-83f9-580611a5a6b8
,,33.69093701880935,-84.35158301347475,Stage 5,Rehab_HomeFlex,Homeowner,1,1,2283,IA,,,,,HOB,,,30000.0,0.0,0.0,30000.0,2024-03-25 16:00:00,2024-03-25 16:00:00,2024-04-23 16:00:00,14 00060002029,0.0,0.0,0.0,0,0,0,0,0,0.0,,0.0,0,30000,0.0,0.0,0.0,0.0,0.0,0,1.0,0.0,0.0,0.0,0.0,0.0,,,,a8e724c5-3412-4ab7-8c77-17e1c29e8b35
,,33.678344005569045,-84.40290901083635,Stage 5,Rehab_HomeFlex,Homeowner,1,1,2284,IA,,,,,HOB,,,29602.0,0.0,0.0,29602.0,2024-03-27 16:00:00,2024-03-27 16:00:00,2024-04-23 16:00:00,14 00930002136,0.0,0.0,0.0,0,0,0,0,0,0.0,,0.0,0,29602,0.0,0.0,0.0,0.0,0.0,0,0.0,1.0,0.0,0.0,0.0,0.0,,,,34290306-2830-4abc-8ee7-1cc5bcf485d4
,,33.70959697929656,-84.5032559821863,Stage 5,Rehab_HomeFlex,Homeowner,1,1,2285,IA,,,,,HOB,,,29604.0,0.0,0.0,29604.0,2024-02-07 16:00:00,2024-02-07 16:00:00,2024-04-23 16:00:00, 14 02490001043,0.0,0.0,0.0,0,0,0,0,0,0.0,,0.0,0,29604,0.0,0.0,0.0,0.0,0.0,0,0.0,1.0,0.0,0.0,0.0,0.0,,,,3fec1e11-c803-40e4-849d-8f2619edd16a
,,33.69616200388231,-84.41288900767124,Stage 5,Rehab_HomeFlex,Homeowner,1,1,2286,IA,,,,,HOB,,,29787.0,0.0,0.0,29787.0,2024-03-25 16:00:00,2024-03-25 16:00:00,2024-04-23 16:00:00,14 01020003048,0.0,0.0,0.0,0,0,0,0,0,0.0,,0.0,0,29787,0.0,0.0,0.0,0.0,0.0,0,0.0,0.0,1.0,0.0,0.0,0.0,,,,0cf43ebc-b87f-48c9-8dd7-65b271723749
,,33.72656098740481,-84.47157004125023,Stage 5,Rehab_HomeFlex,Homeowner,1,1,2287,IA,,,,,HOB,,,30000.0,0.0,0.0,30000.0,2024-04-05 16:00:00,2024-04-05 16:00:00,2024-04-26 16:00:00, 14 02020004003,0.0,0.0,0.0,0,0,0,0,0,0.0,,0.0,0,30000,0.0,0.0,0.0,0.0,0.0,0,1.0,0.0,0.0,0.0,0.0,0.0,,,,65aa50cc-e6c1-465e-855c-24cc91abdb24
,,33.67199057043143,-84.38086554289393,Stage 5,DPA,Homeowner,1,1,2288,AH,,,,,AH_DPA,,Construction,25000.0,0.0,0.0,25000.0,,2024-03-14 16:00:00,2024-04-02 16:00:00,,0.0,0.0,0.0,0,0,0,0,0,0.0,,0.0,0,0,0.0,25000.0,0.0,0.0,0.0,0,0.0,1.0,0.0,0.0,0.0,0.0,,,,aa8928bd-8480-46a2-8cc1-fb055a158ee4
,,33.757464016674774,-84.40876100417636,Stage 5,DPA,Homeowner,1,1,2289,AH,Other,,,FHLB,"AH_DPA,Other",FHLB,,32500.0,0.0,0.0,32500.0,,2024-03-07 16:00:00,2024-04-05 16:00:00,,0.0,0.0,0.0,0,0,0,0,0,0.0,,0.0,0,0,0.0,20000.0,0.0,0.0,12500.0,0,0.0,1.0,0.0,0.0,0.0,0.0,,,,0da144ee-8ca9-4c30-8139-aa207381fedc
,,33.8631870149929,-84.44803198075296,Stage 5,DPA,Homeowner,1,1,2290,AH,,,,,AH_DPA,,,20000.0,0.0,0.0,20000.0,,2024-03-21 16:00:00,2024-04-08 16:00:00,,0.0,0.0,0.0,0,0,0,0,0,0.0,,0.0,0,0,0.0,20000.0,0.0,0.0,0.0,0,0.0,0.0,0.0,1.0,0.0,0.0,,,,dcc0f4dd-03e3-4206-8caa-a6475abad34b
,,33.72413501316873,-84.423262031946,Stage 5,DPA,Homeowner,1,1,2291,AH,,,,,AH_DPA,,,20000.0,0.0,0.0,20000.0,,2023-03-18 16:00:00,2024-04-11 16:00:00,,0.0,0.0,0.0,0,0,0,0,0,0.0,,0.0,0,0,0.0,20000.0,0.0,0.0,0.0,0,0.0,0.0,1.0,0.0,0.0,0.0,,,,7c706c42-aa5c-4b1d-8076-d8cc4602d8b8
,,33.676393485357416,-84.50168191319833,Stage 5,DPA,Homeowner,1,1,2292,AH,,,,,AH_DPA,,,20000.0,0.0,0.0,20000.0,,2024-03-15 16:00:00,2024-04-11 16:00:00,,0.0,0.0,0.0,0,0,0,0,0,0.0,,0.0,0,0,0.0,20000.0,0.0,0.0,0.0,0,0.0,1.0,0.0,0.0,0.0,0.0,,,,a4025706-650b-4835-8498-ffcb4fcc3c1c
,,33.76596368555295,-84.47627478606061,Stage 5,DPA,Homeowner,1,1,2293,AH,,,,,AH_DPA,,,20000.0,0.0,0.0,20000.0,,2024-04-02 16:00:00,2024-04-23 16:00:00,,0.0,0.0,0.0,0,0,0,0,0,0.0,,0.0,0,0,0.0,20000.0,0.0,0.0,0.0,0,0.0,0.0,1.0,0.0,0.0,0.0,,,,a52f6bcc-5a25-4516-8a1d-45eae1b43b63
,,33.79541098782578,-84.45138801096539,Stage 5,DPA,Homeowner,1,1,2294,AH,Other,,,LVS,"AH_DPA,Other",LVS,,60000.0,0.0,0.0,60000.0,,2024-03-29 16:00:00,2024-04-23 16:00:00,,0.0,0.0,0.0,0,0,0,0,0,0.0,,0.0,0,0,0.0,25000.0,0.0,0.0,35000.0,0,0.0,0.0,1.0,0.0,0.0,0.0,,,,2f94cf48-bcdd-4537-8c6e-e29e835cbdc7
,,33.75979245898263,-84.49912862709536,Stage 5,DPA,Homeowner,1,1,2295,AH,,,,,AH_DPA,,,20000.0,0.0,0.0,20000.0,,2024-03-29 16:00:00,2024-04-26 16:00:00,,0.0,0.0,0.0,0,0,0,0,0,0.0,,0.0,0,0,0.0,20000.0,0.0,0.0,0.0,0,0.0,0.0,1.0,0.0,0.0,0.0,,,,c43a44db-04a7-46b2-8e1b-fe9d2cad8f4c
,,33.77583242617805,-84.50935324615342,Stage 5,DPA,Homeowner,1,1,2296,AH,,,,,AH_DPA,,,20000.0,0.0,0.0,20000.0,,2024-04-17 16:00:00,2024-04-30 16:00:00,,0.0,0.0,0.0,0,0,0,0,0,0.0,,0.0,0,0,0.0,20000.0,0.0,0.0,0.0,0,0.0,0.0,1.0,0.0,0.0,0.0,,,,bcc73dfb-0622-4f44-8030-b0d545b4c927
Front Porch on Auburn," 348 Auburn Ave NE, Atlanta, GA 30312 ",33.75574531694817,-84.37599876678878,Stage 5,New_Construction,Renter,33,25,2297,IA,,,,"HDDC, CFGA","HOB,TAD,Other",,,37435768.0,33035768.0,0.0,4400000.0,,2022-04-19 16:00:00,2025-04-10 16:00:00,14 00460010227,17350000.0,0.0,15685768.0,0,0,0,0,0,0.0,,0.0,4000000,400000,0.0,0.0,0.0,0.0,0.0,0,0.0,0.0,8.0,17.0,0.0,8.0,PSO,,Yes,28845c5f-858a-422a-8ece-d487b425a7be
,,33.675449190356154,-84.5017281270402,Stage 5,DPA,Homeowner,1,1,2298,AH,,,,,AH_DPA,,,20000.0,0.0,0.0,20000.0,,2024-05-22 16:00:00,2024-05-31 16:00:00,,0.0,0.0,0.0,0,0,0,0,0,0.0,,0.0,0,0,0.0,0.0,20000.0,0.0,0.0,0,0.0,0.0,0.0,1.0,0.0,0.0,,,,1d7c0e93-21ec-4743-89bb-fb4a4e7e81ec
,,33.70985698593307,-84.39548398572741,Stage 5,Rehab_HomeFlex,Homeowner,1,1,2299,IA,,,,,HOB,,Permanent,29995.0,0.0,0.0,29995.0,2024-03-27 16:00:00,2024-03-27 16:00:00,2024-05-01 16:00:00,14 00720004047,0.0,0.0,0.0,0,0,0,0,0,0.0,,0.0,0,29995,0.0,0.0,0.0,0.0,0.0,0,0.0,1.0,0.0,0.0,0.0,0.0,,,,85156fbe-f211-4d77-861c-84c2923f9aec
,,33.741956992885996,-84.48087495960337,Stage 5,Rehab_HomeFlex,Homeowner,1,1,2300,IA,,,,,HOB,,Permanent,29840.0,0.0,0.0,29840.0,2024-03-11 16:00:00,2024-03-11 16:00:00,2024-05-02 16:00:00,14 02130004050,0.0,0.0,0.0,0,0,0,0,0,0.0,,0.0,0,29840,0.0,0.0,0.0,0.0,0.0,0,0.0,1.0,0.0,0.0,0.0,0.0,,,,2b356901-de7f-439b-8f8d-d0b5cde66f78
,,33.703095011274826,-84.3798659855406,Stage 5,Rehab_HomeFlex,Homeowner,1,1,2301,IA,,,,,HOB,,Permanent,30000.0,0.0,0.0,30000.0,2024-03-15 16:00:00,2024-03-15 16:00:00,2024-05-03 16:00:00,14 00580005018,0.0,0.0,0.0,0,0,0,0,0,0.0,,0.0,0,30000,0.0,0.0,0.0,0.0,0.0,0,1.0,0.0,0.0,0.0,0.0,0.0,,,,efb91c01-fb7a-4acb-8d7e-2b3383f673eb
,,33.77758872102719,-84.35837446618794,Stage 5,Rehab_HomeFlex,Homeowner,1,1,2302,IA,,,,,HOB,,Permanent,29240.0,0.0,0.0,29240.0,2024-03-12 16:00:00,2024-03-12 16:00:00,2024-05-13 16:00:00,14 00160004095,0.0,0.0,0.0,0,0,0,0,0,0.0,,0.0,0,29240,0.0,0.0,0.0,0.0,0.0,0,0.0,1.0,0.0,0.0,0.0,0.0,,,,c2308db7-a5d5-4a58-8ef2-8432d5ddd81d
,,33.71475097624882,-84.4148107274697,Stage 5,Rehab_HomeFlex,Homeowner,1,1,2303,IA,,,,,HOB,,Permanent,29805.0,0.0,0.0,29805.0,2024-04-18 16:00:00,2024-04-18 16:00:00,2024-05-20 16:00:00, Number	14 01050011011,0.0,0.0,0.0,0,0,0,0,0,0.0,,0.0,0,29805,0.0,0.0,0.0,0.0,0.0,0,0.0,1.0,0.0,0.0,0.0,0.0,,,,48b2f9e6-8be0-4097-8406-1d4e8e1c8ec3
,,33.7087550171226,-84.50674796686822,Stage 5,Rehab_HomeFlex,Homeowner,1,1,2304,IA,,,,,HOB,,,29988.0,0.0,0.0,29988.0,2024-05-23 16:00:00,2024-02-07 16:00:00,2024-05-23 16:00:00, Number	14F00080002027,0.0,0.0,0.0,0,0,0,0,0,0.0,,0.0,0,29988,0.0,0.0,0.0,0.0,0.0,0,0.0,1.0,0.0,0.0,0.0,0.0,,,,9522e802-444c-4583-844e-448a0f552bbe
,,33.71374899694404,-84.41018802319196,Stage 5,Rehab_HomeFlex,Homeowner,1,1,2305,IA,,,,,HOB,,Permanent,29953.0,0.0,0.0,29953.0,2024-05-23 16:00:00,2024-03-01 16:00:00,2024-05-23 16:00:00,14 01040002004,0.0,0.0,0.0,0,0,0,0,0,0.0,,0.0,0,29953,0.0,0.0,0.0,0.0,0.0,0,0.0,0.0,1.0,0.0,0.0,0.0,,,,58379c6e-fb3e-4947-851a-9facecc29ac5
,,33.76002945973753,-84.47285303439507,Stage 5,Rehab_HomeFlex,Homeowner,1,1,2306,IA,,,,,HOB,,Permanent,32947.0,0.0,0.0,32947.0,2024-05-23 16:00:00,2024-02-15 16:00:00,2024-05-23 16:00:00,14 02060003057,0.0,0.0,0.0,0,0,0,0,0,0.0,,0.0,0,32947,0.0,0.0,0.0,0.0,0.0,0,0.0,1.0,0.0,0.0,0.0,0.0,,,,319362a2-8cdc-46bb-86ae-c2374ddf82cf
,,33.75172582235099,-84.3410975969498,Stage 5,Rehab_HomeFlex,Homeowner,1,1,2307,IA,,,,,HOB,,,30000.0,0.0,0.0,30000.0,2023-07-17 16:00:00,2023-07-17 16:00:00,2024-02-27 16:00:00,15 208 01 164,0.0,0.0,0.0,0,0,0,0,0,0.0,,0.0,0,30000,0.0,0.0,0.0,0.0,0.0,0,0.0,1.0,0.0,0.0,0.0,0.0,,,,17256073-2a66-43f3-820a-bc7e5c98cee9
,,33.75116199895327,-84.33202099256778,Stage 5,Rehab_HomeFlex,Homeowner,1,1,2308,IA,,,,,HOB,,Permanent,33092.0,0.0,0.0,33092.0,2023-09-29 16:00:00,2022-09-02 16:00:00,2023-09-29 16:00:00,15 207 02 104,0.0,0.0,0.0,0,0,0,0,0,0.0,,0.0,0,33092,0.0,0.0,0.0,0.0,0.0,0,0.0,0.0,1.0,0.0,0.0,0.0,,,,56945d84-e386-476b-8a53-dbfeb0631c33
Ashley Collegetown I,"387 Joseph E Lowery Blvd, Atlanta, GA 30310",33.74470337080064,-84.41835063252286,Stage 4,Rehab_HomeFlex,Renter,199,121,2309,AH,IA,,,Integral Development LLC,"AH_Development_Funds,HOB",,Permanent,39117597.0,14000000.0,14841537.0,10276060.0,,2025-12-31 17:00:00,,,14000000.0,0.0,0.0,14841537,0,0,0,0,0.0,,0.0,0,2000000,0.0,0.0,8276060.0,0.0,0.0,0,0.0,78.0,43.0,0.0,0.0,78.0,,,,d7e77a17-8d93-40f5-8263-c0d07a455f8b
,,33.756686008422015,-84.32970197141624,Stage 5,DPA,Homeowner,1,1,2311,IA,,,,,Other,2023CY ,Permanent,341146.0,321146.0,0.0,20000.0,2024-06-04 16:00:00,2024-06-04 16:00:00,2024-06-04 16:00:00,1521103203,308750.0,12396.0,0.0,0,0,0,0,0,0.0,,0.0,0,0,0.0,0.0,0.0,0.0,20000.0,0,0.0,0.0,0.0,0.0,1.0,0.0,,,Yes,939fa213-35c9-4918-8e4e-21d03b6dc681
,,33.75240998051707,-84.40172498319379,Stage 5,DPA,Homeowner,1,1,2312,IA,,,,,Other,2023CY,Permanent,239762.0,219762.0,0.0,20000.0,,2024-06-06 16:00:00,2024-06-06 16:00:00,14008400072488,216600.0,3162.0,0.0,0,0,0,0,0,0.0,,0.0,0,0,0.0,0.0,0.0,0.0,20000.0,0,0.0,0.0,0.0,0.0,1.0,0.0,,,Yes,994b492d-abab-4467-8c06-b51d1e1d6613
,,33.76527231508231,-84.37677262294582,Stage 5,DPA,Homeowner,1,1,2313,IA,AH,,,,"AH_DPA,Other",2023CY,Permanent,236542.0,196542.0,0.0,40000.0,2024-06-07 16:00:00,2024-06-07 16:00:00,2024-06-07 16:00:00,1400470011173,194342.0,2200.0,0.0,0,0,0,0,0,0.0,,0.0,0,0,0.0,20000.0,0.0,0.0,20000.0,0,0.0,0.0,0.0,0.0,1.0,0.0,,,,db863a18-fce2-4f5a-8a95-3bbb57ca6ca3
,,33.66276999999999,-84.39238499999999,Stage 5,DPA,Homeowner,1,1,2314,IA,"AH,Other",,,FEDERAL HOME LOAN BANK,"AH_DPA,Other",2023CY,Permanent,342363.0,297363.0,0.0,45000.0,2024-06-07 16:00:00,2024-06-07 16:00:00,2024-06-07 16:00:00,140062LL0320,275240.0,6373.0,15750.0,0,0,0,0,0,0.0,,0.0,0,0,0.0,25000.0,0.0,0.0,20000.0,0,0.0,0.0,0.0,0.0,1.0,0.0,,,,0fc8a6a8-9b82-40aa-8a14-1edc66b2100e
,,33.6924563476852,-84.53934086001826,Stage 5,DPA,Homeowner,1,1,2315,IA,AH,,,,"AH_DPA,Other",2023CY,Permanent,237701.0,192701.0,0.0,45000.0,2024-06-14 16:00:00,2024-06-14 16:00:00,2024-06-14 16:00:00,14F00650003002,188746.0,3955.0,0.0,0,0,0,0,0,0.0,,0.0,0,0,0.0,25000.0,0.0,0.0,20000.0,0,0.0,0.0,0.0,1.0,0.0,0.0,,,,b8bc846a-7dfb-4857-87fe-2005292ed326
,,33.71834199999999,-84.523663,Stage 5,DPA,Homeowner,1,1,2316,IA,AH,,,,"AH_DPA,Other",2023CY,Permanent,317205.0,272205.0,0.0,45000.0,2024-06-17 16:00:00,2024-06-17 16:00:00,2024-06-17 16:00:00,140252LL0783,263561.0,8644.0,0.0,0,0,0,0,0,0.0,,0.0,0,0,0.0,25000.0,0.0,0.0,20000.0,0,0.0,0.0,0.0,0.0,1.0,0.0,,,,d02ed3d8-7a86-48df-8b99-3ba25df2e0b9
,,33.70687700980663,-84.3958030009623,Stage 5,DPA,Homeowner,1,1,2317,IA,AH,,,,"AH_DPA,Other",2023CY,Permanent,180903.0,140903.0,0.0,40000.0,2024-06-17 16:00:00,2024-06-17 16:00:00,2024-06-17 16:00:00,1400720006203,138380.0,2523.0,0.0,0,0,0,0,0,0.0,,0.0,0,0,0.0,20000.0,0.0,0.0,20000.0,0,0.0,0.0,0.0,1.0,0.0,0.0,,,,c166063e-19d0-4af7-8c46-9cc9ed1d7291
,,33.724251261749295,-84.42367082662369,Stage 5,"DPA,New_Construction",Homeowner,1,1,2318,IA,AH,,,,"AH_DPA,Other",2023CY,Permanent,256201.0,234201.0,0.0,22000.0,2024-06-21 16:00:00,2024-06-21 16:00:00,2024-06-21 16:00:00,14011900051036,222500.0,11701.0,0.0,0,0,0,0,0,0.0,,0.0,0,0,0.0,2000.0,0.0,0.0,20000.0,0,0.0,0.0,0.0,0.0,1.0,0.0,,,,ad40f245-fcb1-4942-8116-7081fc9f8a22
,,33.75376274745991,-84.51872887394693,Stage 5,DPA,Homeowner,1,1,2319,IA,AH,,,,"AH_DPA,Other",2023CY,Permanent,288658.0,243658.0,0.0,45000.0,2024-06-21 16:00:00,2024-06-21 16:00:00,2024-06-21 16:00:00,14F00250003044,243607.0,51.0,0.0,0,0,0,0,0,0.0,,0.0,0,0,0.0,25000.0,0.0,0.0,20000.0,0,0.0,0.0,0.0,1.0,0.0,0.0,,,,6cc8b238-b74f-4e48-8f1e-f2a968f526a1
,,33.73906599066177,-84.41721700337585,Stage 5,DPA,Homeowner,1,1,2320,IA,AH,,,,"AH_DPA,Other",2023CY,,142715.0,97715.0,0.0,45000.0,2024-06-21 16:00:00,2024-06-21 16:00:00,2024-06-21 16:00:00,140108LL0557,95700.0,2015.0,0.0,0,0,0,0,0,0.0,,0.0,0,0,0.0,25000.0,0.0,0.0,20000.0,0,0.0,0.0,0.0,0.0,1.0,0.0,,,,cc5d5360-35ec-48bd-8b6b-03a5ab55f16b
,,33.69808963826435,-84.37499845922699,Stage 5,DPA,Homeowner,1,1,2321,IA,AH,,,,"AH_DPA,Other",CY,Permanent,295410.0,250410.0,0.0,45000.0,2024-06-26 16:00:00,2024-06-26 16:00:00,2024-06-26 16:00:00,1400390007035,246215.0,4195.0,0.0,0,0,0,0,0,0.0,,0.0,0,0,0.0,25000.0,0.0,0.0,20000.0,0,0.0,0.0,0.0,0.0,1.0,0.0,,,,ced330fd-7924-4ee9-8287-40ea300cc717
,,33.78967898142973,-84.38880000467822,Stage 5,DPA,Homeowner,1,1,2322,IA,AH,,,,"AH_DPA,Other",2023CY,Permanent,236550.0,196550.0,0.0,40000.0,2024-06-24 16:00:00,2024-06-24 16:00:00,2024-06-24 16:00:00,17010800081740,193100.0,3450.0,0.0,0,0,0,0,0,0.0,,0.0,0,0,0.0,20000.0,0.0,0.0,20000.0,0,0.0,0.0,0.0,0.0,1.0,0.0,,,,dde0ba58-2df4-418a-8d94-7b3b07dc128f
,,33.74700473489492,-84.45903665405288,Stage 5,DPA,Homeowner,1,1,2323,IA,AH,,,,"AH_DPA,Other",2023CY,Permanent,278592.0,238592.0,0.0,40000.0,2024-06-27 16:00:00,2024-06-27 16:00:00,2024-06-27 16:00:00,1401810001015,235042.0,3550.0,0.0,0,0,0,0,0,0.0,,0.0,0,0,0.0,20000.0,0.0,0.0,20000.0,0,0.0,0.0,0.0,0.0,1.0,0.0,,,,e1d72370-2804-446e-8b15-ace545a22dad
,,33.794766607230855,-84.45104341620146,Stage 5,"DPA,New_Construction",Homeowner,1,1,2324,IA,AH,,,,"AH_DPA,TAD,Other",2023CY,Permanent,341621.0,266621.0,0.0,75000.0,2024-06-27 16:00:00,2024-06-27 16:00:00,2024-06-27 16:00:00,170228LL084,260000.0,6621.0,0.0,0,0,0,0,0,0.0,,0.0,10000,0,0.0,55000.0,0.0,0.0,10000.0,0,0.0,0.0,0.0,0.0,1.0,0.0,,,,3d238cc9-2abe-4ad0-8a58-515b34acc148
,,33.79475020864845,-84.45105653169433,Stage 5,"DPA,New_Construction",Homeowner,1,1,2325,IA,AH,,,,"AH_DPA,TAD,Other",2023CY,Permanent,342570.0,267570.0,0.0,75000.0,2024-06-28 16:00:00,2024-06-28 16:00:00,2024-06-28 16:00:00,170028LL084,260000.0,7570.0,0.0,0,0,0,0,0,0.0,,0.0,10000,0,0.0,55000.0,0.0,0.0,10000.0,0,0.0,0.0,0.0,0.0,1.0,0.0,,,,e41dbc7a-85e5-4354-8df6-2358a71db1de
,,33.83577999371838,-84.38474701921676,Stage 5,DPA,Homeowner,1,1,2326,IA,,,,,Other,2023CY,Permanent,341807.0,321807.0,0.0,20000.0,2024-06-28 16:00:00,2024-06-28 16:00:00,2024-06-28 16:00:00,170225LL032,302670.0,19137.0,0.0,0,0,0,0,0,0.0,,0.0,0,0,0.0,0.0,0.0,0.0,20000.0,0,0.0,0.0,0.0,0.0,1.0,0.0,,,Yes,4c06cea8-36a1-4840-830f-7e333db82ed0
,,33.7863709,-84.4328554,Stage 5,"DPA,New_Construction",Homeowner,1,1,2327,IA,,,,,Other,2023CY,Permanent,158000.0,138000.0,0.0,20000.0,2024-06-28 16:00:00,2024-06-28 16:00:00,2024-06-28 16:00:00,17010000121528,136500.0,1500.0,0.0,0,0,0,0,0,0.0,,0.0,0,0,0.0,0.0,0.0,0.0,20000.0,0,0.0,0.0,0.0,1.0,0.0,0.0,,,Yes,81ba7bd7-4b6b-4530-88b7-7664d5b3d8cc
,,33.772308805379645,-84.47264136783441,Stage 5,DPA,Homeowner,1,1,2328,IA,,,,ANDP,Other,"ANDP $18,000",,351479.0,331479.0,0.0,20000.0,2024-06-28 16:00:00,2024-06-28 16:00:00,2024-06-28 16:00:00,140208001108301,306900.0,6579.0,18000.0,0,0,0,0,0,0.0,,0.0,0,0,0.0,0.0,0.0,0.0,20000.0,0,0.0,0.0,0.0,0.0,1.0,0.0,,,Yes,6f37f231-e164-46f0-8e1e-3b60c93d8e2c
,,33.723878987936246,-84.46200997776444,Stage 5,Rehab_HomeFlex,Homeowner,1,1,2329,IA,,,,,HOB,,Permanent,29779.0,0.0,0.0,29779.0,2024-03-25 16:00:00,2024-03-25 16:00:00,2024-06-05 16:00:00,14 01830005042,0.0,0.0,0.0,0,0,0,0,0,0.0,,0.0,0,29779,0.0,0.0,0.0,0.0,0.0,0,0.0,0.0,1.0,0.0,0.0,0.0,,,,cfb55bbe-65f7-48a8-8b1a-c3a2f0b8efdc
,,33.71558098761157,-84.4012749588123,Stage 5,Rehab_HomeFlex,Homeowner,1,1,2330,IA,,,,,HOB,,,30000.0,0.0,0.0,30000.0,2024-04-19 16:00:00,2024-04-19 16:00:00,2024-06-05 16:00:00,14 00880008042,0.0,0.0,0.0,0,0,0,0,0,0.0,,0.0,0,30000,0.0,0.0,0.0,0.0,0.0,0,0.0,1.0,0.0,0.0,0.0,0.0,,,,77fd29ab-573e-4792-8c3e-ca3962b70e13
,,33.75276399019769,-84.4548520000907,Stage 5,Rehab_HomeFlex,Homeowner,1,1,2331,IA,,,,,HOB,,Permanent,30000.0,0.0,0.0,30000.0,2024-05-28 16:00:00,2024-05-28 16:00:00,2024-06-15 16:00:00,14 01730008037,0.0,0.0,0.0,0,0,0,0,0,0.0,,0.0,0,30000,0.0,0.0,0.0,0.0,0.0,0,0.0,1.0,0.0,0.0,0.0,0.0,,,,a528a4be-80c0-4215-8315-942d8cb4547e
,,33.66694298277931,-84.35578603500304,Stage 5,Rehab_HomeFlex,Homeowner,1,1,2332,IA,,,,,HOB,,Permanent,29990.0,0.0,0.0,29990.0,2024-04-18 16:00:00,2024-04-18 16:00:00,2024-06-24 16:00:00,14 00030001040,0.0,0.0,0.0,0,0,0,0,0,0.0,,0.0,0,29990,0.0,0.0,0.0,0.0,0.0,0,1.0,0.0,0.0,0.0,0.0,0.0,,,,5473ac8f-0d62-414b-8cbf-24cb9baf7154
,,33.71237460712287,-84.4106447287495,Stage 5,Rehab_HomeFlex,Homeowner,1,1,2333,IA,,,,,HOB,,,25428.0,0.0,0.0,25428.0,2024-05-20 16:00:00,2024-05-20 16:00:00,2024-06-26 16:00:00,14 01040002029,0.0,0.0,0.0,0,0,0,0,0,0.0,,0.0,0,25428,0.0,0.0,0.0,0.0,0.0,0,0.0,0.0,1.0,0.0,0.0,0.0,,,,180f3315-a0da-410a-8c60-78e9c63a6955
,,33.695264008685584,-84.41375301425055,Stage 5,Rehab_HomeFlex,Homeowner,1,1,2334,IA,,,,,HOB,,Permanent,29997.0,0.0,0.0,29997.0,2024-05-20 16:00:00,2024-05-20 16:00:00,2024-06-26 16:00:00,14 01020003030,0.0,0.0,0.0,0,0,0,0,0,0.0,,0.0,0,29997,0.0,0.0,0.0,0.0,0.0,0,0.0,1.0,0.0,0.0,0.0,0.0,,,,fe91387b-f9a2-458a-8742-98c05d98ad86
,,33.756863998135955,-84.44118396585863,Stage 5,DPA,Homeowner,1,1,2335,AH,,,,,AH_DPA,,Permanent,25000.0,0.0,0.0,25000.0,,2024-06-04 16:00:00,2024-06-24 16:00:00,,0.0,0.0,0.0,0,0,0,0,0,0.0,,0.0,0,0,0.0,25000.0,0.0,0.0,0.0,0,0.0,0.0,0.0,1.0,0.0,0.0,,,,837773ab-4b2c-4732-8ffc-d38f6e3b2855
,,33.82831301718406,-84.36183802055281,Stage 5,DPA,Homeowner,1,1,2336,AH,,,,,AH_DPA,,,20000.0,0.0,0.0,20000.0,,2024-05-29 16:00:00,2024-06-26 16:00:00,,0.0,0.0,0.0,0,0,0,0,0,0.0,,0.0,0,0,0.0,20000.0,0.0,0.0,0.0,0,0.0,0.0,1.0,0.0,0.0,0.0,,,,1d36b73b-ce89-4e96-8c82-ef1e460e47a8
Lee Street Apartments,889 Lee St SW,33.73084787185475,-84.41502332671412,Stage 4,New_Construction,Renter,31,4,2337,COA,,,,,Other,,,0.0,0.0,0.0,0.0,,2023-03-08 16:00:00,,,0.0,0.0,0.0,0,0,0,0,0,0.0,,0.0,0,0,0.0,0.0,0.0,0.0,0.0,0,0.0,0.0,4.0,0.0,0.0,27.0,IZ,,Yes,655f15ea-0a5e-459e-8718-de901bbd4a6d
The Grace Residences,"200 Nerem St NW, Atlanta, GA 30313",33.76869715957312,-84.40173001627909,Stage 5,New_Construction,Renter,280,28,2338,COA,,,,DAFC,Other,"$29.4M in tax incentives from DAFC, as reported by AJC.",,0.0,0.0,0.0,0.0,,2022-10-10 16:00:00,2024-04-05 16:00:00,,0.0,0.0,0.0,0,0,0,0,0,0.0,,0.0,0,0,0.0,0.0,0.0,0.0,0.0,0,0.0,0.0,28.0,0.0,0.0,252.0,Both,,Yes,c5e98956-90c2-4961-8a64-9e9e7dc71dee
,,33.79473381006604,-84.45106964718721,Stage 5,"DPA,New_Construction",Homeowner,1,1,2339,IA,AH,,,,"AH_DPA,TAD,Other",2023CY ,Permanent,,290909.0,0.0,,2024-07-01 16:00:00,2024-07-01 16:00:00,2024-07-01 16:00:00,170228LL084,270909.0,20000.0,0.0,0,0,0,0,0,0.0,,0.0,10000,0,,20000.0,0.0,0.0,10000.0,0,0.0,0.0,0.0,0.0,1.0,0.0,,,,ca20209e-6460-42a7-80e2-53fdbfe46716
,,33.694487006261234,-84.39620700869533,Stage 5,DPA,Homeowner,1,1,2340,IA,AH,,,,"AH_DPA,Other",2023CY,Permanent,314227.0,274227.0,0.0,40000.0,2024-07-02 16:00:00,2024-07-02 16:00:00,2024-07-02 16:00:00,1400700007003,259000.0,15227.0,0.0,0,0,0,0,0,0.0,,0.0,0,0,0.0,20000.0,0.0,0.0,20000.0,0,0.0,0.0,0.0,0.0,1.0,0.0,,,,e911798d-236a-45ff-8e38-83e88d783d20
,,33.7945977497618,-84.45116981389135,Stage 5,DPA,Homeowner,1,1,2341,IA,AH,,,,"AH_DPA,AH_Development_Funds,TAD,Other",2023CY,Permanent,342000.0,262000.0,0.0,80000.0,2024-07-03 16:00:00,2024-07-03 16:00:00,2024-07-03 16:00:00,170028LL084,260000.0,2000.0,0.0,0,0,0,0,0,0.0,,0.0,10000,0,0.0,25000.0,35000.0,0.0,10000.0,0,0.0,0.0,0.0,0.0,1.0,0.0,,,,f3fa04d8-faea-4f54-86ff-ddbfbc60df20
,,33.724251261749295,-84.42367082662369,Stage 5,DPA,Homeowner,1,1,2342,IA,AH,,,,"AH_DPA,Other",2023CY,Permanent,264618.0,219618.0,0.0,45000.0,2024-07-03 16:00:00,2024-07-03 16:00:00,2024-07-03 16:00:00,14-0119-0005-103-6,211386.0,8232.0,0.0,0,0,0,0,0,0.0,,0.0,0,0,0.0,25000.0,0.0,0.0,20000.0,0,0.0,0.0,0.0,0.0,1.0,0.0,,,,3df2753f-d9a8-40fb-8821-95586d13cbf9
,,33.81907301667103,-84.42513798569568,Stage 5,DPA,Homeowner,1,1,2343,IA,,,,,Other,2023CY,Permanent,291410.0,271410.0,0.0,20000.0,2024-07-05 16:00:00,2024-07-05 16:00:00,2024-07-05 16:00:00,1708500051376,254375.0,17035.0,0.0,0,0,0,0,0,0.0,,0.0,0,0,0.0,0.0,0.0,0.0,20000.0,0,0.0,0.0,0.0,0.0,1.0,0.0,,,Yes,fe9ee1fd-6f19-45df-8f19-2addab9a3477
,,33.76023800753066,-84.51119004027508,Stage 5,DPA,Homeowner,1,1,2344,IA,,,,,Other,2023CY,Permanent,271850.0,251850.0,0.0,20000.0,,2024-07-08 16:00:00,2024-07-08 16:00:00,14F-0014-0003-074-1,249850.0,2000.0,0.0,0,0,0,0,0,0.0,,0.0,0,0,0.0,0.0,0.0,0.0,20000.0,0,0.0,0.0,0.0,0.0,1.0,0.0,,,Yes,87e5940e-27dc-4d5d-87d2-288f01a95783
,,33.77837200359366,-84.49177503794981,Stage 5,DPA,Homeowner,1,1,2345,IA,AH,,,,"AH_DPA,Other",2023CY,Permanent,276981.0,236981.0,0.0,40000.0,2024-07-15 16:00:00,2024-07-15 16:00:00,2024-07-15 16:00:00,1402400004049,231735.0,5246.0,0.0,0,0,0,0,0,0.0,,0.0,0,0,0.0,20000.0,0.0,0.0,20000.0,0,0.0,0.0,0.0,1.0,0.0,0.0,,,,be74b307-52e7-4394-868c-0fb472cb822d
,,33.76493799209822,-84.48535097971809,Stage 5,DPA,Homeowner,1,1,2346,IA,AH,,,,"AH_DPA,Other",2023CY,Permanent,322423.0,282423.0,0.0,40000.0,2024-07-15 16:00:00,2024-07-15 16:00:00,2024-07-15 16:00:00,1402390001042,271090.0,11333.0,0.0,0,0,0,0,0,0.0,,0.0,0,0,0.0,20000.0,0.0,0.0,20000.0,0,0.0,0.0,0.0,0.0,1.0,0.0,,,,35cb13ef-44ec-4b09-8b85-99150d8b8d65
,,33.76958898444174,-84.41372300703718,Stage 5,DPA,Homeowner,1,1,2347,IA,"AH,Other",,,ANDP,"AH_DPA,Housing_Trust_Fund,Other",ANDP,Permanent,242211.0,184711.0,0.0,57500.0,2024-07-19 16:00:00,2024-07-19 16:00:00,2024-07-19 16:00:00,1401110001140,178749.0,5962.0,0.0,0,0,0,0,0,0.0,,0.0,0,0,20000.0,25000.0,0.0,0.0,12500.0,0,0.0,0.0,0.0,1.0,0.0,0.0,,,,488824d4-0a54-4989-88d4-1cf457449ecb
,,33.73609200759609,-84.44537801875052,Stage 5,DPA,Homeowner,1,1,2348,IA,,,,,Other,2023CY,Permanent,259475.0,239475.0,0.0,20000.0,2024-07-22 16:00:00,2024-07-22 16:00:00,2024-07-22 16:00:00,14 01500007035,232380.0,7095.0,0.0,0,0,0,0,0,0.0,,0.0,0,0,0.0,0.0,0.0,0.0,20000.0,0,0.0,0.0,0.0,1.0,0.0,0.0,,,Yes,1ad42b3d-ac02-4618-8764-16353ebe1a5a
,,33.723971985151955,-84.44960903583542,Stage 5,DPA,Homeowner,1,1,2349,IA,,,,,Other,2023CY,Permanent,359667.0,339667.0,0.0,20000.0,2024-07-25 16:00:00,2024-07-25 16:00:00,2024-07-25 16:00:00,140170001004,334636.0,5031.0,0.0,0,0,0,0,0,0.0,,0.0,0,0,0.0,0.0,0.0,0.0,20000.0,0,0.0,0.0,0.0,0.0,1.0,0.0,,,Yes,2b3013d1-8b07-474e-8188-fd63f7ac56da
,,33.761658991576,-84.42940596697359,Stage 5,DPA,Homeowner,1,1,2350,IA,AH,,,,"AH_DPA,Other",2023CY,Permanent,332934.0,287934.0,0.0,45000.0,2024-07-30 16:00:00,2024-07-30 16:00:00,2024-07-30 16:00:00,1401420003013,283765.0,4169.0,0.0,0,0,0,0,0,0.0,,0.0,0,0,0.0,25000.0,0.0,0.0,20000.0,0,0.0,0.0,0.0,0.0,1.0,0.0,,,,cc288f16-1a4f-4b26-8da9-70d74c00d5d7
,,33.765272010939775,-84.37677297944984,Stage 5,DPA,Homeowner,1,1,2351,IA,AH,,,,"AH_DPA,Other",2023CY,Permanent,242064.0,202064.0,0.0,40000.0,2024-07-29 16:00:00,2024-07-29 16:00:00,2024-07-29 16:00:00,14004700110714,198700.0,3364.0,0.0,0,0,0,0,0,0.0,,0.0,0,0,0.0,20000.0,0.0,0.0,20000.0,0,0.0,0.0,0.0,0.0,1.0,0.0,,,,dc50c02d-9ff5-4e07-873f-dc692c008d89
,,33.795485000030816,-84.45237699172104,Stage 5,"DPA,New_Construction",Homeowner,1,1,2352,IA,AH,,,,"AH_DPA,AH_Development_Funds,TAD,Other",2023CY,Permanent,375424.0,285424.0,0.0,90000.0,2024-07-31 16:00:00,2024-07-31 16:00:00,2024-07-31 16:00:00,170227LL144,283424.0,2000.0,0.0,0,0,0,0,0,0.0,,0.0,10000,0,0.0,20000.0,50000.0,0.0,10000.0,0,0.0,0.0,0.0,1.0,0.0,0.0,,,,c4c1ec9d-e9eb-41d3-8129-a9f896fca55c
,,33.753581309576326,-84.50874042907205,Stage 5,"DPA,New_Construction",Homeowner,1,1,2353,IA,,,,,Other,2023CY,Permanent,369000.0,349000.0,0.0,20000.0,2024-07-31 16:00:00,2024-07-31 16:00:00,2024-07-31 16:00:00,140062LL030,344000.0,5000.0,0.0,0,0,0,0,0,0.0,,0.0,0,0,0.0,0.0,0.0,0.0,20000.0,0,0.0,0.0,0.0,0.0,1.0,0.0,,,Yes,36336fc4-db0c-4c4b-8195-cf194b953fe2
,,33.753413587693785,-84.50861998112343,Stage 5,"DPA,New_Construction",Homeowner,1,1,2354,IA,AH,,,,"AH_DPA,Other",2023CY,Permanent,371810.0,331810.0,0.0,40000.0,2024-07-31 16:00:00,2024-07-31 16:00:00,2024-07-31 16:00:00,140062LL060,324511.0,7299.0,0.0,0,0,0,0,0,0.0,,0.0,0,0,0.0,20000.0,0.0,0.0,20000.0,0,0.0,0.0,0.0,0.0,1.0,0.0,,,,4b459f60-0be6-41b2-878d-7f0eec101440
West Highlands - 2000 Perry,"2000 Perry Blvd NW, Atlanta, GA, 30318, USA",33.79912296214673,-84.45444741035689,Stage 4,New_Construction,Homeowner,91,34,2358,AH,,,,,AH_Development_Funds,,Construction,30000000.0,30000000.0,0.0,0.0,2024-10-25 17:00:00,2024-10-25 17:00:00,,,0.0,0.0,30000000.0,0,0,0,0,0,0.0,,0.0,0,0,0.0,0.0,0.0,0.0,0.0,0,0.0,0.0,0.0,34.0,0.0,57.0,,,Yes,57304866-4b89-4315-86ad-99540b55a7ec
,,33.753743952889096,-84.52155602557306,Stage 5,Rehab_HomeFlex,Homeowner,1,1,2359,IA,,,,,HOB,,Permanent,29998.0,0.0,0.0,29998.0,2024-03-08 16:00:00,2024-03-08 16:00:00,2024-07-09 16:00:00,14F00250003015,0.0,0.0,0.0,0,0,0,0,0,0.0,,0.0,0,29998,0.0,0.0,0.0,0.0,0.0,0,0.0,0.0,1.0,0.0,0.0,0.0,,,,da705c22-35a6-4074-84f1-0a16b4a9fccb
,,33.70106695291186,-84.3587955256124,Stage 5,Rehab_HomeFlex,Homeowner,1,1,2360,IA,,,,,HOB,,Permanent,30000.0,0.0,0.0,30000.0,2024-04-26 16:00:00,2024-04-26 16:00:00,2024-07-10 16:00:00,14 00070005091,0.0,0.0,0.0,0,0,0,0,0,0.0,,0.0,0,30000,0.0,0.0,0.0,0.0,0.0,0,0.0,1.0,,0.0,0.0,0.0,,,,cbc4994f-a14f-402e-895c-34a790821611
,,33.65912099073601,-84.35515403950362,Stage 5,Rehab_HomeFlex,Homeowner,1,1,2361,IA,,,,,HOB,,Permanent,29997.0,0.0,0.0,29997.0,2024-06-07 16:00:00,2024-06-07 16:00:00,2024-07-26 16:00:00,14 00020001003,0.0,0.0,0.0,0,0,0,0,0,0.0,,0.0,0,29997,0.0,0.0,0.0,0.0,0.0,0,0.0,1.0,0.0,0.0,0.0,0.0,,,,6bab079b-a24a-4789-8ced-c1ca619633de
,,33.73046095288218,-84.53114552556288,Stage 5,Rehab_HomeFlex,Homeowner,1,1,2362,IA,,,,,HOB,,Permanent,15865.0,0.0,0.0,15865.0,2024-06-07 16:00:00,2024-06-07 16:00:00,2024-07-26 16:00:00,14F00470003084,0.0,0.0,0.0,0,0,0,0,0,0.0,,0.0,0,15865,0.0,0.0,0.0,0.0,0.0,0,0.0,1.0,0.0,0.0,0.0,0.0,,,,923eaf76-3460-4878-8a31-091867e782f3
,,33.67729999761904,-84.51307798014632,Stage 5,Rehab_HomeFlex,Homeowner,1,1,2363,IA,,,,,HOB,,Permanent,23570.0,0.0,0.0,23570.0,2024-06-07 16:00:00,2024-06-07 16:00:00,2024-07-26 16:00:00,14F00040005116,0.0,0.0,0.0,0,0,0,0,0,0.0,,0.0,0,23570,0.0,0.0,0.0,0.0,0.0,0,0.0,0.0,1.0,0.0,0.0,0.0,,,,6acf3f3c-310a-4a0b-89e8-350445db835a
646 Echo Street,"646 Echo St NW, Atlanta, GA 30318",33.77227299556474,-84.41070401314576,Stage 5,New_Construction,Renter,24,24,2364,IA,,,,Westside Future Fund,TAD,,Permanent,6153566.0,5513566.0,0.0,640000.0,,2024-08-05 16:00:00,2026-01-16 17:00:00,,3300000.0,0.0,2213566.0,0,0,0,0,0,0.0,,0.0,640000,0,0.0,0.0,0.0,0.0,0.0,0,5.0,0.0,7.0,12.0,0.0,0.0,Both,,Yes,e29d1189-158a-4fbe-83e2-5189dd06cbf6
,,33.79473381006604,-84.45106964718721,Stage 5,DPA,Homeowner,1,1,2365,AH,,,,,"AH_DPA,AH_Development_Funds",,,55000.0,0.0,0.0,55000.0,2024-07-01 16:00:00,2024-06-03 16:00:00,2024-07-01 16:00:00,,0.0,0.0,0.0,0,0,0,0,0,0.0,,0.0,0,0,0.0,20000.0,35000.0,0.0,0.0,0,0.0,0.0,0.0,1.0,0.0,0.0,,,,82d894d5-cc6b-49c6-8cc2-996481308d63
,,33.79478300581325,-84.45103030070857,Stage 5,DPA,Homeowner,1,1,2366,AH,,,,,"AH_DPA,AH_Development_Funds",,,60000.0,0.0,0.0,60000.0,,2024-06-11 16:00:00,2024-07-01 16:00:00,,0.0,0.0,0.0,0,0,0,0,0,0.0,,0.0,0,0,0.0,25000.0,35000.0,0.0,0.0,0,0.0,0.0,0.0,1.0,0.0,0.0,,,,b2b25beb-4b2c-4801-8b5f-2aa587e1dacf
,,33.794701012901236,-84.45109587817298,Stage 5,DPA,Homeowner,1,1,2367,AH,,,,,"AH_DPA,AH_Development_Funds",,,55000.0,0.0,0.0,55000.0,,2024-06-12 16:00:00,2024-07-01 16:00:00,,0.0,0.0,0.0,0,0,0,0,0,0.0,,0.0,0,0,0.0,20000.0,35000.0,0.0,0.0,0,0.0,0.0,0.0,1.0,0.0,0.0,,,,1254d431-2da3-4b64-8235-c67bbe519923
,,33.745483008094816,-84.50253597670353,Stage 5,DPA,Homeowner,1,1,2368,AH,,,,,AH_DPA,,,20000.0,0.0,0.0,20000.0,,2024-06-12 16:00:00,2024-07-02 16:00:00,,0.0,0.0,0.0,0,0,0,0,0,0.0,,0.0,0,0,0.0,20000.0,0.0,0.0,0.0,0,0.0,0.0,0.0,1.0,0.0,0.0,,,,5338e405-d58e-48d0-8542-53e74c15cfd9
,,33.69423098102875,-84.4833929671363,Stage 5,DPA,Homeowner,1,1,2369,AH,,,,,AH_DPA,,,25000.0,0.0,0.0,25000.0,,2024-06-20 16:00:00,2024-07-08 16:00:00,,0.0,0.0,0.0,0,0,0,0,0,0.0,,0.0,0,0,0.0,25000.0,0.0,0.0,0.0,0,0.0,0.0,0.0,1.0,0.0,0.0,,,,c440878c-ce72-4302-813e-1356e2a7d31b
,,33.6968569893841,-84.3975310141209,Stage 5,DPA,Homeowner,1,1,2370,AH,,,,,AH_DPA,,,25000.0,0.0,0.0,25000.0,,2024-06-24 16:00:00,2024-07-12 16:00:00,,0.0,0.0,0.0,0,0,0,0,0,0.0,,0.0,0,0,0.0,25000.0,0.0,0.0,0.0,0,0.0,0.0,0.0,1.0,0.0,0.0,,,,04a14b93-7cf0-423f-87b4-82bfb51367dc
,,33.69527000174639,-84.50235702307073,Stage 5,DPA,Homeowner,1,1,2371,AH,,,,,AH_DPA,,,25000.0,0.0,0.0,25000.0,,2024-07-08 16:00:00,2024-07-26 16:00:00,,0.0,0.0,0.0,0,0,0,0,0,0.0,,0.0,0,0,0.0,25000.0,0.0,0.0,0.0,0,0.0,0.0,0.0,1.0,0.0,0.0,,,,d381fbb2-4c32-40d1-8bdd-04a82e849352
,,33.71834199999999,-84.523663,Stage 5,DPA,Homeowner,1,1,2372,AH,,,,,AH_DPA,,,25000.0,0.0,0.0,25000.0,,2024-06-20 16:00:00,2024-07-29 16:00:00,,0.0,0.0,0.0,0,0,0,0,0,0.0,,0.0,0,0,0.0,25000.0,0.0,0.0,0.0,0,0.0,0.0,0.0,1.0,0.0,0.0,,,,3ce76fae-be80-419c-8aa5-0071aa7c5d5c
,,33.79558101473171,-84.45244203528969,Stage 5,DPA,Homeowner,1,1,2373,AH,,,,,"AH_DPA,AH_Development_Funds",,,70000.0,0.0,0.0,70000.0,,2024-06-12 16:00:00,2024-07-31 16:00:00,,0.0,0.0,0.0,0,0,0,0,0,0.0,,0.0,0,0,0.0,20000.0,50000.0,0.0,0.0,0,0.0,0.0,0.0,1.0,0.0,0.0,,,,c53448df-8d08-4dd1-8342-f916c4c98315
,,33.735622998203894,-84.45077101907263,Stage 5,DPA,Homeowner,1,1,2374,IA,,,,,Other,2023CY,Permanent,293495.0,273495.0,0.0,20000.0,2024-08-06 16:00:00,2024-08-06 16:00:00,2024-08-06 16:00:00,14 0171000503,265109.0,8386.0,0.0,0,0,0,0,0,0.0,,0.0,0,0,0.0,0.0,0.0,0.0,20000.0,0,0.0,0.0,0.0,0.0,1.0,0.0,,,,52d8b613-7425-4c5b-8625-bd61c4f6d84d
,,33.75402399979254,-84.53005896160847,Stage 5,DPA,Homeowner,1,1,2375,IA,AH,,,,"AH_DPA,Other",2023CY,Permanent,231155.0,191155.0,0.0,40000.0,2024-08-06 16:00:00,2024-08-06 16:00:00,2024-08-06 16:00:00,14F-0050-0001-062-3,187000.0,4155.0,0.0,0,0,0,0,0,0.0,,0.0,0,0,0.0,20000.0,0.0,0.0,20000.0,0,0.0,0.0,0.0,0.0,1.0,0.0,,,,b0fc8780-6500-49b2-82b3-6cae9c3d28f7
,,33.753848985654216,-84.37708403187666,Stage 5,DPA,Homeowner,1,1,2376,IA,AH,,,,"AH_DPA,Other",2023CY,Permanent,272672.0,232672.0,0.0,40000.0,2024-08-06 16:00:00,2024-08-06 16:00:00,2024-08-06 16:00:00,14 004500010817,229000.0,3672.0,0.0,0,0,0,0,0,0.0,,0.0,0,0,0.0,20000.0,0.0,0.0,20000.0,0,0.0,0.0,0.0,0.0,1.0,0.0,,,,84b431c0-5ca1-4646-8102-ae329e453407
,,33.69862100281688,-84.4976270312898,Stage 5,DPA,Homeowner,1,1,2377,IA,AH,,,,"AH_DPA,Other",2023CY,Permanent,239379.0,199379.0,0.0,40000.0,2024-08-06 16:00:00,2024-08-06 16:00:00,2024-08-06 16:00:00,140231LL275,187920.0,11459.0,0.0,0,0,0,0,0,0.0,,0.0,0,0,0.0,20000.0,0.0,0.0,20000.0,0,0.0,0.0,0.0,0.0,1.0,0.0,,,,4a90ecaa-5e61-4762-8c94-b370ff90d41a
,,33.75901399820996,-84.42736899686389,Stage 5,DPA,Homeowner,1,1,2378,IA,AH,,,,"AH_DPA,Other",2023CY,Permanent,286989.0,246989.0,0.0,40000.0,2024-08-09 16:00:00,2024-08-09 16:00:00,2024-08-09 16:00:00,14 014200140871,244500.0,2489.0,0.0,0,0,0,0,0,0.0,,0.0,0,0,0.0,20000.0,0.0,0.0,20000.0,0,0.0,0.0,0.0,0.0,1.0,0.0,,,,e11b8d9d-2eeb-4035-8d83-bb44c27e5102
,,33.76087700191925,-84.51715401584151,Stage 5,DPA,Homeowner,1,1,2379,IA,,,,,"AH_DPA,Other",2023CY ,Permanent,267103.0,222103.0,0.0,45000.0,2024-08-12 16:00:00,2024-08-12 16:00:00,2024-08-12 16:00:00,14F-0024-0001-020-4,202000.0,5103.0,15000.0,0,0,0,0,0,0.0,,0.0,0,0,0.0,25000.0,0.0,0.0,20000.0,0,0.0,0.0,0.0,0.0,1.0,0.0,,,,a61789ed-3a2f-4030-895c-8b8a2ba10691
,,33.747162992948276,-84.50300402217685,Stage 5,DPA,Homeowner,1,1,2380,IA,AH,,,,"AH_DPA,Other",2023CY,Permanent,309942.0,269942.0,0.0,40000.0,2024-08-13 16:00:00,2024-08-13 16:00:00,2024-08-13 16:00:00,140245LL5469,262515.0,7427.0,0.0,0,0,0,0,0,0.0,,0.0,0,0,0.0,20000.0,0.0,0.0,20000.0,0,0.0,0.0,0.0,0.0,1.0,0.0,,,,f0b35cab-dda4-49a7-8392-9bfd858b2317
,,33.71834199999999,-84.523663,Stage 5,DPA,Homeowner,1,1,2381,IA,,,,,"AH_DPA,Other",2023CY,Permanent,300874.0,280874.0,0.0,20000.0,2024-08-15 16:00:00,2024-08-15 16:00:00,2024-08-15 16:00:00,14-0252-LL078,274918.0,5956.0,0.0,0,0,0,0,0,0.0,,0.0,0,0,0.0,0.0,0.0,0.0,20000.0,0,0.0,0.0,0.0,0.0,1.0,0.0,,,,2c026d65-fba0-49bc-84cc-8ce6b8c0b5cf
,,33.69853198700514,-84.4245039785395,Stage 5,DPA,Homeowner,1,1,2382,IA,AH,,,,"AH_DPA,Other",2023CY,Permanent,205150.0,165150.0,0.0,40000.0,2024-08-16 16:00:00,2024-08-16 16:00:00,2024-08-16 16:00:00,14 0122 LL0377,162500.0,2650.0,0.0,0,0,0,0,0,0.0,,0.0,0,0,0.0,20000.0,0.0,0.0,20000.0,0,0.0,0.0,0.0,1.0,0.0,0.0,,,,cf9a89ff-34ae-40a6-88c3-5b0766220654
,,33.70091500398745,-84.49597998731582,Stage 5,DPA,Homeowner,1,1,2383,IA,,,,2023CY,Other,2023CY,Permanent,320306.0,300306.0,0.0,20000.0,2024-08-16 16:00:00,2024-08-16 16:00:00,2024-08-16 16:00:00,14 0231 LL434,294566.0,5740.0,0.0,0,0,0,0,0,0.0,,0.0,0,0,0.0,0.0,0.0,0.0,20000.0,0,0.0,0.0,0.0,0.0,1.0,0.0,,,,fcc94b9a-fcc7-43e2-850e-484af1972850
,,33.71834199999999,-84.523663,Stage 5,DPA,Homeowner,1,1,2384,IA,AH,,,,"AH_DPA,Other",2023CY,Permanent,339900.0,294900.0,0.0,45000.0,2024-08-19 16:00:00,2024-08-19 16:00:00,2024-08-19 16:00:00,14F00660003021,291005.0,3895.0,0.0,0,0,0,0,0,0.0,,0.0,0,0,0.0,25000.0,0.0,0.0,20000.0,0,0.0,0.0,0.0,0.0,1.0,0.0,,,,2c27a322-35a2-4be7-818b-65f095a46683
,,33.83856798235259,-84.37684296834135,Stage 5,DPA,Homeowner,1,1,2385,IA,AH,,,,"AH_DPA,Other",2023CY,Permanent,344422.0,299422.0,0.0,45000.0,2024-08-19 16:00:00,2024-08-19 16:00:00,2024-08-19 16:00:00,17006100092577,280380.0,19042.0,0.0,0,0,0,0,0,0.0,,0.0,0,0,0.0,25000.0,0.0,0.0,20000.0,0,0.0,0.0,0.0,0.0,1.0,0.0,,,,cb2fdee1-fd0e-4102-8dcd-963713497387
,,33.7145844,-84.4904942,Stage 5,"DPA,New_Construction",Homeowner,1,1,2386,IA,"AH,Other",,,"ANDP, 2023CY","AH_DPA,Other",2023CY &  ANDP,Permanent,346900.0,294900.0,0.0,52000.0,2024-08-21 16:00:00,2024-08-21 16:00:00,2024-08-21 16:00:00,14F00660003021,289900.0,5000.0,0.0,0,0,0,0,0,0.0,,0.0,0,0,0.0,20000.0,0.0,0.0,32000.0,0,0.0,0.0,0.0,0.0,1.0,0.0,,,,beac5ca3-0d0d-49f0-8084-7086010cb9f9
,,33.75306900765425,-84.45050003214297,Stage 5,DPA,Homeowner,1,1,2387,IA,AH,,,,"AH_DPA,Other",2023CY,Permanent,270980.0,225980.0,0.0,45000.0,2024-08-21 16:00:00,2024-08-21 16:00:00,2024-08-21 16:00:00,14017300100364,222700.0,3280.0,0.0,0,0,0,0,0,0.0,,0.0,0,0,0.0,25000.0,0.0,0.0,20000.0,0,0.0,0.0,0.0,0.0,1.0,0.0,,,,552bcca9-6875-4167-8bab-de4de427ab2f
,,33.66276999999999,-84.39238499999999,Stage 5,"DPA,New_Construction",Homeowner,1,1,2388,IA,,,,,Other,2023CY,Permanent,362199.0,342199.0,0.0,20000.0,2024-08-21 16:00:00,2024-08-21 16:00:00,2024-08-21 16:00:00,UNASSIGNED,337199.0,5000.0,0.0,0,0,0,0,0,0.0,,0.0,0,0,0.0,0.0,0.0,0.0,20000.0,0,0.0,0.0,0.0,0.0,1.0,0.0,,,,71687ba6-41c9-4cd7-8815-f2f10f64840d
,,33.79533400004513,-84.45269902444106,Stage 5,"DPA,New_Construction",Homeowner,1,1,2389,IA,AH,,,,"AH_DPA,AH_Development_Funds,Other",2023CY,Permanent,387062.0,297062.0,0.0,90000.0,2024-08-22 16:00:00,2024-08-22 16:00:00,2024-08-22 16:00:00,170227LL1471,283984.0,13078.0,0.0,0,0,0,0,0,0.0,,0.0,0,0,0.0,20000.0,50000.0,0.0,20000.0,0,0.0,0.0,0.0,0.0,1.0,0.0,,,,ebc886a4-92df-42bf-8ab1-f9072ab29685
,,33.7145844,-84.4904942,Stage 5,"DPA,New_Construction",Homeowner,1,1,2390,IA,"AH,Other",,,ANDP,"AH_DPA,Other",2023CY,Permanent,328441.0,286441.0,0.0,42000.0,2024-08-23 16:00:00,2024-08-23 16:00:00,2024-08-23 16:00:00,14-0230-0006-025-4,283272.0,3169.0,0.0,0,0,0,0,0,0.0,,0.0,0,0,0.0,20000.0,0.0,0.0,22000.0,0,0.0,0.0,0.0,0.0,1.0,0.0,,,,a5509aa2-c6c4-4514-83b4-32c098a07ebb
,,33.724251261749295,-84.42367082662369,Stage 5,"DPA,New_Construction",Homeowner,1,1,2391,IA,AH,,,,"AH_DPA,Other",2023CY,Permanent,268336.0,223336.0,0.0,45000.0,2024-08-23 16:00:00,2024-08-23 16:00:00,2024-08-23 16:00:00,14 011900051036,217500.0,5836.0,0.0,0,0,0,0,0,0.0,,0.0,0,0,0.0,25000.0,0.0,0.0,20000.0,0,0.0,0.0,0.0,1.0,0.0,0.0,,,,449dcc63-ea6c-4efe-8179-463f249344ff
,,33.753581309576326,-84.50874042907205,Stage 5,"DPA,New_Construction",Homeowner,1,1,2392,IA,,,,,Other,2023CY,Permanent,360176.0,340176.0,0.0,20000.0,2024-08-27 16:00:00,2024-08-27 16:00:00,2024-08-27 16:00:00,14-0063 LL-0881,332773.0,7403.0,0.0,0,0,0,0,0,0.0,,0.0,0,0,0.0,0.0,0.0,0.0,20000.0,0,0.0,0.0,0.0,0.0,1.0,0.0,,,,469b3e2e-a7df-4870-81e1-0b214b36dd3a
,,33.730728008658964,-84.409089993876,Stage 5,DPA,Homeowner,1,1,2393,IA,,,,,Other,2023CY,Permanent,366057.0,346057.0,0.0,20000.0,2024-08-27 16:00:00,2024-08-27 16:00:00,2024-08-27 16:00:00,14 010600040455,336385.0,9672.0,0.0,0,0,0,0,0,0.0,,0.0,0,0,0.0,0.0,0.0,0.0,20000.0,0,0.0,0.0,0.0,0.0,1.0,0.0,,,,3fa7dd14-b591-4b42-80f3-a59511735dc8
,,33.753413587693785,-84.50861998112343,Stage 5,"DPA,New_Construction",Homeowner,1,1,2394,IA,AH,,,,"AH_DPA,Other",2023CY,Permanent,341674.0,301674.0,0.0,40000.0,2024-08-29 16:00:00,2024-08-29 16:00:00,2024-08-29 16:00:00,14-0067-0002-076-9,293240.0,8434.0,0.0,0,0,0,0,0,0.0,,0.0,0,0,0.0,20000.0,0.0,0.0,20000.0,0,0.0,0.0,0.0,1.0,0.0,0.0,,,,84ace765-b09f-4ce1-825c-accc92172ae1
,,33.7647740001626,-84.38356701488775,Stage 5,DPA,Homeowner,1,1,2395,IA,AH,,,,"AH_DPA,Other",2023CY,Permanent,197582.0,157582.0,0.0,40000.0,2024-08-29 16:00:00,2024-08-29 16:00:00,2024-08-29 16:00:00,1400500015119,153642.0,3940.0,0.0,0,0,0,0,0,0.0,,0.0,0,0,0.0,20000.0,0.0,0.0,20000.0,0,0.0,0.0,0.0,1.0,0.0,0.0,,,,b6f7d1c0-b677-4796-849e-e5680f2c1c1b
,,33.7647740001626,-84.38356701488775,Stage 5,DPA,Homeowner,1,1,2396,IA,AH,,,,"AH_DPA,Other",20023CY,Permanent,177042.0,137042.0,0.0,40000.0,2024-08-29 16:00:00,2024-08-29 16:00:00,2024-08-29 16:00:00,1400500015151,133292.0,3750.0,0.0,0,0,0,0,0,0.0,,0.0,0,0,0.0,20000.0,0.0,0.0,20000.0,0,0.0,0.0,0.0,0.0,1.0,0.0,,,,3846ab64-0f00-423c-8cd4-c6770ed4e01a
,,33.7145844,-84.4904942,Stage 5,"DPA,New_Construction",Homeowner,1,1,2397,IA,AH,,,ANDP,"AH_DPA,Other",ANDP,Permanent,353041.0,273041.0,0.0,80000.0,2024-08-30 16:00:00,2024-08-30 16:00:00,2024-08-30 16:00:00,14 0252 LL078,259609.0,13432.0,0.0,0,0,0,0,0,0.0,,0.0,0,0,0.0,20000.0,0.0,0.0,60000.0,0,0.0,0.0,0.0,1.0,0.0,0.0,,,,e5d4feb7-cf23-4136-874d-0f5b668d2ab4
,,33.73064900922153,-84.49235397600212,Stage 5,Rehab_HomeFlex,Homeowner,1,1,2398,IA,,,,,HOB,,,30000.0,0.0,0.0,30000.0,2024-07-05 16:00:00,2024-07-05 16:00:00,2024-08-05 16:00:00,14 02340001060,0.0,0.0,0.0,0,0,0,0,0,0.0,,0.0,0,30000,0.0,0.0,0.0,0.0,0.0,0,0.0,0.0,1.0,0.0,0.0,0.0,,,,a65effe9-a8a6-4849-8e12-880197105463
,,33.68837898768874,-84.39212200436374,Stage 5,DPA,Homeowner,1,1,2399,AH,,,,,AH_DPA,,,25000.0,0.0,0.0,25000.0,,2024-07-25 16:00:00,2024-08-13 16:00:00,,0.0,0.0,0.0,0,0,0,0,0,0.0,,0.0,0,0,0.0,25000.0,0.0,0.0,0.0,0,0.0,1.0,0.0,0.0,0.0,0.0,,,,0dc4c327-818a-44f1-862a-67b4fb907e58
,,33.76523999206965,-84.49991998472247,Stage 5,DPA,Homeowner,1,1,2400,AH,,,,,AH_DPA,,,25000.0,0.0,0.0,25000.0,,2024-07-17 16:00:00,2024-08-19 16:00:00,,0.0,0.0,0.0,0,0,0,0,0,0.0,,0.0,0,0,0.0,25000.0,0.0,0.0,0.0,0,0.0,0.0,1.0,0.0,0.0,0.0,,,,d24b3bd0-7488-44f0-8f1c-bb3318b52aa6
,,33.72550201775762,-84.44506101517243,Stage 5,DPA,Homeowner,1,1,2401,AH,,,,,AH_DPA,,,25000.0,0.0,0.0,25000.0,,2024-08-08 16:00:00,2024-08-20 16:00:00,,0.0,0.0,0.0,0,0,0,0,0,0.0,,0.0,0,0,0.0,25000.0,0.0,0.0,0.0,0,0.0,0.0,1.0,0.0,0.0,0.0,,,,ec76deb5-cb0a-49ee-8241-6c4aaa9b74c7
,,33.71581199286311,-84.43626496216109,Stage 5,DPA,Homeowner,1,1,2402,AH,,,,,AH_DPA,,,20000.0,0.0,0.0,20000.0,,2024-07-25 16:00:00,2024-08-21 16:00:00,,0.0,0.0,0.0,0,0,0,0,0,0.0,,0.0,0,0,0.0,20000.0,0.0,0.0,0.0,0,0.0,0.0,1.0,0.0,0.0,0.0,,,,933880d6-d4e3-4b61-8e96-fc32c08bb895
,,33.693763019374465,-84.40098896827597,Stage 5,DPA,Homeowner,1,1,2403,AH,,,,,AH_DPA,,,20000.0,0.0,0.0,20000.0,,2024-07-25 16:00:00,2024-08-22 16:00:00,,0.0,0.0,0.0,0,0,0,0,0,0.0,,0.0,0,0,0.0,20000.0,0.0,0.0,0.0,0,1.0,0.0,0.0,0.0,0.0,0.0,,,,11307d0f-6aa6-43fe-8ddb-bc6c2e1bc012
,,33.79072399520814,-84.49319300450999,Stage 5,DPA,Homeowner,1,1,2404,AH,,,,,AH_DPA,,,20000.0,0.0,0.0,20000.0,,2024-08-08 16:00:00,2024-08-23 16:00:00,,0.0,0.0,0.0,0,0,0,0,0,0.0,,0.0,0,0,0.0,20000.0,0.0,0.0,0.0,0,0.0,0.0,0.0,1.0,0.0,0.0,,,,200477c8-46f6-44ce-827c-e9298464d261
,,33.69319501970577,-84.52289796644956,Stage 5,DPA,Homeowner,1,1,2405,IA,AH,,,,"AH_DPA,Other",2023CY,Permanent,235773.0,195773.0,0.0,40000.0,2024-09-03 16:00:00,2024-09-03 16:00:00,2024-09-03 16:00:00,14F00320001069,193325.0,2448.0,0.0,0,0,0,0,0,0.0,,0.0,0,0,0.0,20000.0,0.0,0.0,20000.0,0,0.0,0.0,1.0,0.0,0.0,0.0,,,,e563a892-8d31-4a7a-88cf-afa1cc5805f3
,,33.69052001912635,-84.5197479634172,Stage 5,DPA,Homeowner,1,1,2406,IA,AH,,,,"AH_DPA,Other",2023CY,Permanent,222014.0,182014.0,0.0,40000.0,2024-09-06 16:00:00,2024-09-06 16:00:00,2024-09-06 16:00:00,14F00320005056,178367.0,3647.0,0.0,0,0,0,0,0,0.0,,0.0,0,0,0.0,20000.0,0.0,0.0,20000.0,0,0.0,0.0,1.0,0.0,0.0,0.0,,,,0372cf51-b513-4dda-8b71-e9faf9d8860f
,,33.673826997947785,-84.40087698604952,Stage 5,DPA,Homeowner,1,1,2407,IA,AH,,,,"AH_DPA,Other",2023CY,Permanent,261350.0,221350.0,0.0,40000.0,2024-09-06 16:00:00,2024-09-06 16:00:00,2024-09-06 16:00:00,14 00930004060,215964.0,5386.0,0.0,0,0,0,0,0,0.0,,0.0,0,0,0.0,20000.0,0.0,0.0,20000.0,0,0.0,0.0,0.0,0.0,1.0,0.0,,,,c0f43270-5757-499a-86dd-b3c26aaef496
,,33.70807901663149,-84.50958901294953,Stage 5,DPA,Homeowner,1,1,2408,IA,AH,,,,"AH_DPA,Other",2023CY,Permanent,363601.0,323601.0,0.0,40000.0,2024-09-09 16:00:00,2024-09-09 16:00:00,2024-09-09 16:00:00,14F00080001041,321021.0,2580.0,0.0,0,0,0,0,0,0.0,,0.0,0,0,0.0,20000.0,0.0,0.0,20000.0,0,0.0,0.0,0.0,0.0,1.0,0.0,,,,5dfe3823-3fa2-4847-88ee-9635bd6b7ff4
,,33.65609399213273,-84.3516169601826,Stage 5,DPA,Homeowner,1,1,2409,IA,AH,,,,"AH_DPA,Other",2023CY,Permanent,241433.0,201433.0,0.0,40000.0,2024-09-10 16:00:00,2024-09-10 16:00:00,2024-09-10 16:00:00,14 0002 LL0513,195000.0,6433.0,0.0,0,0,0,0,0,0.0,,0.0,0,0,0.0,20000.0,0.0,0.0,20000.0,0,0.0,0.0,0.0,0.0,1.0,0.0,,,,fcf44562-9d79-4ff3-8760-f56db1774df6
,,33.76477299433423,-84.38356701488775,Stage 5,DPA,Homeowner,1,1,2410,IA,AH,,,,"AH_DPA,Other",2023CY,Permanent,184208.0,144208.0,0.0,40000.0,2024-09-10 16:00:00,2024-09-10 16:00:00,2024-09-10 16:00:00,14005000150417,142653.0,1555.0,0.0,0,0,0,0,0,0.0,,0.0,0,0,0.0,20000.0,0.0,0.0,20000.0,0,0.0,0.0,0.0,0.0,1.0,0.0,,,,b1e48188-c93c-4f15-82d9-f614c3ce6af0
,,33.7254195,-84.47069660000001,Stage 5,"DPA,New_Construction",Homeowner,1,1,2411,IA,"AH,Other",,,ANDP,"AH_DPA,AH_Development_Funds,Other",2023CY,Permanent,341551.0,281551.0,0.0,60000.0,2024-09-12 16:00:00,2024-09-12 16:00:00,2024-09-12 16:00:00,14 023000060254,276165.0,5386.0,0.0,0,0,0,0,0,0.0,,0.0,0,0,0.0,20000.0,20000.0,0.0,20000.0,0,0.0,0.0,0.0,1.0,0.0,0.0,,,,bd3d1c00-9bee-4bd5-8281-16485c87738b
,,33.76521798957383,-84.4976879677259,Stage 5,DPA,Homeowner,1,1,2412,IA,AH,,,,"AH_DPA,Other",2023CY,Permanent,230311.0,190311.0,0.0,40000.0,2024-09-13 16:00:00,2024-09-13 16:00:00,2024-09-13 16:00:00,14 02420002038,183658.0,6653.0,0.0,0,0,0,0,0,0.0,,0.0,0,0,0.0,20000.0,0.0,0.0,20000.0,0,0.0,0.0,1.0,0.0,0.0,0.0,,,,32089801-ed8b-408e-8dab-3b447e8129dd
,,33.75182999472685,-84.39868101123658,Stage 5,DPA,Homeowner,1,1,2413,IA,,,,,Other,2023CY ,,276733.0,256733.0,0.0,20000.0,,2024-09-17 16:00:00,2024-09-17 16:00:00,1400840004156,240000.0,10233.0,6500.0,0,0,0,0,0,0.0,,0.0,0,0,0.0,0.0,0.0,0.0,20000.0,0,0.0,0.0,0.0,0.0,1.0,0.0,,,,46200572-e622-4777-8e87-e9fd74d59f98
,,33.711713952888296,-84.4827660255737,Stage 5,DPA,Homeowner,1,1,2414,IA,,,,,Other,2023CY,Permanent,256013.0,236013.0,0.0,20000.0,2024-09-20 16:00:00,2024-09-20 16:00:00,2024-09-20 16:00:00,14 02170004031,230181.0,5832.0,0.0,0,0,0,0,0,0.0,,0.0,0,0,0.0,0.0,0.0,0.0,20000.0,0,0.0,0.0,0.0,0.0,1.0,0.0,,,,f8de54c1-6f04-4645-8175-f18d5bf90ecb
,,33.815879952929656,-84.39039452563603,Stage 5,DPA,Homeowner,1,1,2415,IA,AH,,,,"AH_DPA,Other",2023CY,Permanent,238254.0,193254.0,0.0,45000.0,2024-09-19 16:00:00,2024-09-19 16:00:00,2024-09-19 16:00:00,17 01110007012,189676.0,3578.0,0.0,0,0,0,0,0,0.0,,0.0,0,0,0.0,25000.0,0.0,0.0,20000.0,0,0.0,0.0,0.0,0.0,1.0,0.0,,,,4f4a9105-4f23-48c3-8668-2b8c2613675e
,,33.7246329820364,-84.40512904171139,Stage 5,DPA,Homeowner,1,1,2416,IA,AH,,,,"AH_DPA,Other",2023CY,Permanent,304073.0,264073.0,0.0,40000.0,2024-09-20 16:00:00,2024-09-20 16:00:00,2024-09-20 16:00:00,14 00870007040,260988.0,3085.0,0.0,0,0,0,0,0,0.0,,0.0,0,0,0.0,20000.0,0.0,0.0,20000.0,0,0.0,0.0,0.0,1.0,0.0,0.0,,,,e452d949-9cca-4a21-839b-fd764281363b
,,33.70019999999999,-84.4886,Stage 5,"DPA,New_Construction",Homeowner,1,1,2417,IA,"AH,Other",,,ANDP,"AH_DPA,Other",2023CY & ANDP,,330834.0,285834.0,0.0,45000.0,2024-09-20 16:00:00,2024-09-20 16:00:00,2024-09-20 16:00:00,14 023000060254,272100.0,1734.0,12000.0,0,0,0,0,0,0.0,,0.0,0,0,0.0,25000.0,0.0,0.0,20000.0,0,0.0,0.0,0.0,1.0,0.0,0.0,,,,a1eb91b2-01e9-48cd-8cc5-0c19df3964e4
,,33.70650295288752,-84.48127202557262,Stage 5,"DPA,New_Construction",Homeowner,1,1,2418,IA,IA,,,2,"AH_DPA,Other",2023 & ANDP,Permanent,301332.0,261332.0,0.0,40000.0,2024-09-20 16:00:00,2024-09-20 16:00:00,2024-09-20 16:00:00,14021700010272,259300.0,2032.0,0.0,0,0,0,0,0,0.0,,0.0,0,0,0.0,20000.0,0.0,0.0,20000.0,0,0.0,0.0,0.0,0.0,1.0,0.0,,,,dc6c9d12-b26e-4d46-87d6-f893435d7dad
,,33.684881009946054,-84.38209498505205,Stage 5,DPA,Homeowner,1,1,2419,IA,AH,,,,"AH_DPA,Other",2023CY,Permanent,292606.0,252606.0,0.0,40000.0,2024-09-20 16:00:00,2024-09-20 16:00:00,2024-09-20 16:00:00,14 00600003130,248500.0,4106.0,0.0,0,0,0,0,0,0.0,,0.0,0,0,0.0,20000.0,0.0,0.0,20000.0,0,0.0,0.0,0.0,1.0,0.0,0.0,,,,94d4d9db-9316-4fd0-8b20-afb9ab7679c6
,,33.68284098044169,-84.50506999367154,Stage 5,DPA,Homeowner,1,1,2420,IA,,,,,Other,2023CY,Permanent,307801.0,287801.0,0.0,20000.0,2024-09-30 16:00:00,2024-09-30 16:00:00,2024-09-30 16:00:00,14F006400030120,285729.0,2072.0,0.0,0,0,0,0,0,0.0,,0.0,0,0,0.0,0.0,0.0,0.0,20000.0,0,0.0,0.0,0.0,0.0,1.0,0.0,,,,2f35a4ca-8363-4e3f-8175-48fa686eec74
,,33.78336609999998,-84.4342051,Stage 5,"DPA,New_Construction",Homeowner,1,1,2421,IA,AH,,,LENDER,"AH_DPA,Other",2023CY ,Permanent,280791.0,240791.0,0.0,40000.0,2024-09-25 16:00:00,2024-09-25 16:00:00,2024-09-25 16:00:00, NOT ASSIGNED,234160.0,1631.0,5000.0,0,0,0,0,0,0.0,,0.0,0,0,0.0,20000.0,0.0,0.0,20000.0,0,0.0,0.0,0.0,0.0,1.0,0.0,,,,957dbaa0-ba2f-44f3-81ad-933d90012137
,,33.67342198438636,-84.41182903219564,Stage 5,DPA,Homeowner,1,1,2422,IA,AH,,,,"AH_DPA,Other",2023CY & ANDP,Permanent,269124.0,229124.0,0.0,40000.0,2024-09-26 16:00:00,2024-09-26 16:00:00,2024-09-26 16:00:00,14010000011197,222069.0,2055.0,5000.0,0,0,0,0,0,0.0,,0.0,0,0,0.0,20000.0,0.0,0.0,20000.0,0,0.0,0.0,0.0,0.0,1.0,0.0,,,,0e0e5fef-90ae-421c-8862-f84d82149f55
,,33.75052598014032,-84.46418298616268,Stage 5,DPA,Homeowner,1,1,2423,IA,AH,,,,AH_DPA,2023CY,Permanent,241093.0,201093.0,0.0,40000.0,2024-09-27 16:00:00,2024-09-27 16:00:00,2024-09-27 16:00:00,14 01800014007,198412.0,2681.0,0.0,0,0,0,0,0,0.0,,0.0,0,0,0.0,20000.0,0.0,0.0,20000.0,0,0.0,0.0,0.0,1.0,0.0,0.0,,,,675b3dc3-56d8-419a-8499-250a097dffd6
,,33.77305795289545,-84.51086402558245,Stage 5,DPA,Homeowner,1,1,2424,IA,AH,,,,AH_DPA,2023CY,Permanent,285599.0,245599.0,0.0,40000.0,2024-09-30 16:00:00,2024-09-30 16:00:00,2024-09-30 16:00:00,14F-0016-0002-077-3,245599.0,0.0,0.0,0,0,0,0,0,0.0,,0.0,0,0,0.0,20000.0,0.0,0.0,20000.0,0,0.0,0.0,0.0,0.0,1.0,0.0,,,,88a7ebef-c057-4491-8431-68b9ab0764fe
,,33.70218498804707,-84.49665196449338,Stage 5,DPA,Homeowner,1,1,2425,IA,AH,,,,AH_DPA,2023CY,Permanent,309397.0,264397.0,0.0,45000.0,2024-09-16 16:00:00,2024-09-16 16:00:00,2024-09-16 16:00:00,14-0231-LL-437-7,261497.0,2900.0,0.0,0,0,0,0,0,0.0,,0.0,0,0,0.0,25000.0,0.0,0.0,20000.0,0,0.0,0.0,0.0,0.0,1.0,0.0,,,,caf257b6-35a7-4ce7-8ff9-25a15e89c289
,,33.68485699579346,-84.50862802775048,Stage 5,DPA,Homeowner,1,1,2426,IA,AH,,,,"AH_DPA,Other",2023CY & ANDP,Permanent,176409.0,136409.0,0.0,40000.0,2024-09-18 16:00:00,2024-09-18 16:00:00,2024-09-18 16:00:00,14F-0005-0003-055-1,120500.0,3409.0,12500.0,0,0,0,0,0,0.0,,0.0,0,0,0.0,20000.0,0.0,0.0,20000.0,0,1.0,0.0,0.0,0.0,0.0,0.0,,,,ff2bade3-e146-41f9-8e55-1780cf2735e0
,,33.760745952909,-84.43317152560506,Stage 5,Rehab_HomeFlex,Homeowner,1,1,2427,IA,,,,,HOB,,Permanent,30000.0,0.0,0.0,30000.0,2024-05-03 16:00:00,2024-05-03 16:00:00,2024-09-03 16:00:00,14 01420007001 ,0.0,0.0,0.0,0,0,0,0,0,0.0,,0.0,0,30000,0.0,0.0,0.0,0.0,0.0,0,1.0,0.0,0.0,0.0,0.0,0.0,,,,ed636194-2cd7-460f-863a-420f592cbd67
,,33.75870295293248,-84.31839902564325,Stage 5,Rehab_HomeFlex,Homeowner,1,1,2428,IA,,,,,HOB,,Permanent,30000.0,0.0,0.0,30000.0,2024-04-12 16:00:00,2024-04-12 16:00:00,2024-09-09 16:00:00,15 212 04 124 ,0.0,0.0,0.0,0,0,0,0,0,0.0,,0.0,0,30000,0.0,0.0,0.0,0.0,0.0,0,0.0,1.0,0.0,0.0,0.0,0.0,,,,4cd53dd8-3662-46ca-8e90-bdc87492d5b8
,,33.72034495291737,-84.35191952562045,Stage 5,Rehab_HomeFlex,Homeowner,1,1,2429,IA,,,,,HOB,,Permanent,30000.0,0.0,0.0,30000.0,2024-07-10 16:00:00,2024-07-10 16:00:00,2024-09-09 16:00:00,14 00090003024 ,0.0,0.0,0.0,0,0,0,0,0,0.0,,0.0,0,30000,0.0,0.0,0.0,0.0,0.0,0,1.0,0.0,0.0,0.0,0.0,0.0,,,,941b9405-b1de-46b1-8cc2-5e5274ce9f93
,,33.72034495291743,-84.35175302562051,Stage 5,Rehab_HomeFlex,Homeowner,1,1,2430,IA,,,,,HOB,,,19342.0,0.0,0.0,19342.0,2024-07-10 16:00:00,2024-07-10 16:00:00,2024-09-09 16:00:00,14 00090003025 ,0.0,0.0,0.0,0,0,0,0,0,0.0,,0.0,0,19342,0.0,0.0,0.0,0.0,0.0,0,1.0,0.0,0.0,0.0,0.0,0.0,,,,9356ab9e-f4fa-4236-8262-c72b21f1884e
,,33.690590952872476,-84.53741402554891,Stage 5,Rehab_HomeFlex,Homeowner,1,1,2431,IA,,,,,HOB,,Permanent,19019.0,0.0,0.0,19019.0,2024-06-07 16:00:00,2024-06-07 16:00:00,2024-09-10 16:00:00,14F00650002084 ,0.0,0.0,0.0,0,0,0,0,0,0.0,,0.0,0,19019,0.0,0.0,0.0,0.0,0.0,0,0.0,1.0,0.0,0.0,0.0,0.0,,,,5e605c1c-9eac-4aa3-836a-8f87b4c3cc52
,,33.6919139528983,-84.4146540255908,Stage 5,Rehab_HomeFlex,Homeowner,1,1,2432,IA,,,,,HOB,,Permanent,29995.0,0.0,0.0,29995.0,2024-07-18 16:00:00,2024-07-18 16:00:00,2024-09-10 16:00:00,14 01020009011,0.0,0.0,0.0,0,0,0,0,0,0.0,,0.0,0,29995,0.0,0.0,0.0,0.0,0.0,0,0.0,1.0,0.0,0.0,0.0,0.0,,,,abb2bebf-b5a1-418f-8a7f-da8835ec7bb4
,,33.73433995292481,-84.33038252563188,Stage 5,Rehab_HomeFlex,Homeowner,1,1,2433,IA,,,,,HOB,,Permanent,30000.0,0.0,0.0,30000.0,2024-06-07 16:00:00,2024-06-07 16:00:00,2024-09-10 16:00:00,15 175 02 087 ,0.0,0.0,0.0,0,0,0,0,0,0.0,,0.0,0,30000,0.0,0.0,0.0,0.0,0.0,0,1.0,0.0,0.0,0.0,0.0,0.0,,,,3f3f95f6-47ea-465a-82dd-e874c2d5298f
,,33.69359695290802,-84.36957302560653,Stage 5,Rehab_HomeFlex,Homeowner,1,1,2434,IA,,,,,HOB,,Permanent,30000.0,0.0,0.0,30000.0,2024-07-09 16:00:00,2024-07-09 16:00:00,2024-09-16 16:00:00,14 00380005008,0.0,0.0,0.0,0,0,0,0,0,0.0,,0.0,0,30000,0.0,0.0,0.0,0.0,0.0,0,0.0,1.0,0.0,0.0,0.0,0.0,,,,183eb0ac-2395-42e8-83b9-815033d19707
,,33.75764995289222,-84.51059852557793,Stage 5,Rehab_HomeFlex,Homeowner,1,1,2435,IA,,,,,HOB,,Permanent,29967.0,0.0,0.0,29967.0,2024-06-05 16:00:00,2024-06-05 16:00:00,2024-09-23 16:00:00,14F00140003087,0.0,0.0,0.0,0,0,0,0,0,0.0,,0.0,0,29967,0.0,0.0,0.0,0.0,0.0,0,1.0,0.0,0.0,0.0,0.0,0.0,,,,bdfa6d60-da9e-4b35-8204-2a0ac5824afa
,,33.69743995287921,-84.5121285255595,Stage 5,Rehab_HomeFlex,Homeowner,1,1,2436,IA,,,,,HOB,,Permanent,29992.0,0.0,0.0,29992.0,2024-05-20 16:00:00,2024-05-20 16:00:00,2024-09-30 16:00:00,14F00070003064,0.0,0.0,0.0,0,0,0,0,0,0.0,,0.0,0,29992,0.0,0.0,0.0,0.0,0.0,0,1.0,0.0,0.0,0.0,0.0,0.0,,,,526701dd-16a9-4402-8a3b-28fd5e0242e5
,,33.687575952904275,-84.38130452560077,Stage 5,Rehab_HomeFlex,Homeowner,1,1,2437,IA,,,,,HOB,,Permanent,26500.0,0.0,0.0,26500.0,2024-08-01 16:00:00,2024-08-01 16:00:00,2024-09-30 16:00:00,14 00600003037,0.0,0.0,0.0,0,0,0,0,0,0.0,,0.0,0,26500,0.0,0.0,0.0,0.0,0.0,0,1.0,0.0,0.0,0.0,0.0,0.0,,,,a3060892-da99-441b-8a35-d887ede36c1a
,,33.67104600820274,-84.36822997609538,Stage 5,Rehab_HomeFlex,Homeowner,1,1,2438,IA,,,,,HOB,,Permanent,29995.0,0.0,0.0,29995.0,2024-08-01 16:00:00,2024-08-01 16:00:00,2024-09-30 16:00:00,14 00300003046,0.0,0.0,0.0,0,0,0,0,0,0.0,,0.0,0,29995,0.0,0.0,0.0,0.0,0.0,0,0.0,1.0,0.0,0.0,0.0,0.0,,,,14e3d05c-5b97-4517-8808-470e63b77fe0
,,33.71584495289313,-84.4636095255814,Stage 5,Rehab_HomeFlex,Homeowner,1,1,2439,IA,,,,,HOB,,Permanent,30000.0,0.0,0.0,30000.0,2024-08-07 16:00:00,2024-08-07 16:00:00,2024-09-30 16:00:00,14 01840006010,0.0,0.0,0.0,0,0,0,0,0,0.0,,0.0,0,30000,0.0,0.0,0.0,0.0,0.0,0,0.0,1.0,0.0,0.0,0.0,0.0,,,,3df15dfe-25aa-4736-8e4c-24ec24fd6cde
City of Refuge Transformation Center,"1343 Joseph E. Boone Blvd NW, 30314",33.764057952909404,-84.4317945256051,Stage 5,New_Construction,Renter,25,25,2440,IA,Other,,,"City of Refuge, CFGA",TAD,,,15750390.0,13750390.0,0.0,2000000.0,,2024-07-17 16:00:00,2025-12-02 17:00:00,,0.0,0.0,13750390.0,0,0,0,0,0,0.0,,0.0,2000000,0,0.0,0.0,0.0,0.0,0.0,0,13.0,0.0,6.0,6.0,0.0,0.0,Both,,Yes,f0277f54-b529-4654-83f3-68ed762cc1e1
Hamilton Hills,2576 Martin Luther King Jr. Drive SW,33.753114081167645,-84.47149424831213,Stage 5,New_Construction,Renter,52,52,2441,IA,,,,DCA,Other,,,13577872.0,2600000.0,10277872.0,700000.0,,2023-02-15 16:00:00,2024-08-14 16:00:00,,2600000.0,0.0,0.0,0,10277872,0,0,0,0.0,,0.0,0,700000,0.0,0.0,0.0,0.0,0.0,0,0.0,0.0,52.0,0.0,0.0,0.0,PSO,9%,Yes,776a15bd-3879-4929-8261-d95ae6a02e79
,,33.753581309576326,-84.50874042907205,Stage 5,"DPA,New_Construction",Homeowner,1,1,2442,IA,,,,,Other,2023CY,Permanent,353286.0,333286.0,0.0,20000.0,2024-10-01 17:00:00,2024-10-01 17:00:00,2024-10-01 17:00:00,Not Assigned,327706.0,5580.0,0.0,0,0,0,0,0,0.0,,0.0,0,0,0.0,0.0,0.0,0.0,20000.0,0,0.0,0.0,0.0,0.0,1.0,0.0,,,,a4699885-2393-4323-8361-e309da5b15f5
,,33.66276999999999,-84.39238499999999,Stage 5,"DPA,New_Construction",Homeowner,1,1,2443,IA,AH,,,,"AH_DPA,Other",2023Y,Permanent,371338.0,331338.0,0.0,40000.0,2024-10-30 17:00:00,2024-09-30 17:00:00,2024-10-30 17:00:00,NOT ASSIGNED,325182.0,6156.0,0.0,0,0,0,0,0,0.0,,0.0,0,0,0.0,20000.0,0.0,0.0,20000.0,0,0.0,0.0,0.0,0.0,1.0,0.0,,,,488126f8-d76b-4225-8985-152c1a384989
,,33.76703200105904,-84.41279798020274,Stage 5,DPA,Homeowner,1,1,2444,IA,"AH,Other",,,WESTSIDE FUTURE FUNDS,"TAD,Other",WESTSIDE FUTURE FUNDS,Permanent,,289214.0,0.0,,2024-10-03 17:00:00,2024-10-03 17:00:00,2024-10-03 17:00:00,14 01110005069,287444.0,1770.0,0.0,0,0,0,0,0,0.0,,0.0,20000,0,0.0,,0.0,0.0,70000.0,0,0.0,0.0,0.0,0.0,1.0,0.0,,,,d8a2a7d8-a65d-4d62-8a6a-ff89e095dbf9
,,33.75117599673158,-84.50330401049148,Stage 5,DPA,Homeowner,1,1,2445,IA,AH,,,,"AH_DPA,Other",2023CY,Permanent,354622.0,314622.0,0.0,40000.0,2024-10-03 17:00:00,2024-10-03 17:00:00,2024-10-03 17:00:00,1402440003052,311500.0,3122.0,0.0,0,0,0,0,0,0.0,,0.0,0,0,0.0,20000.0,0.0,0.0,20000.0,0,0.0,0.0,0.0,0.0,1.0,0.0,,,,6d0f0d27-52af-40a7-8f4d-9821d50c8b10
,,33.65606398491935,-84.35236202755587,Stage 5,DPA,Homeowner,1,1,2446,IA,AH,,,2023CY,"AH_DPA,Other",2023CY,Permanent,375303.0,335303.0,0.0,40000.0,2024-10-04 17:00:00,2024-10-04 17:00:00,2024-10-04 17:00:00,14-0002-LL-102-7,333231.0,2072.0,0.0,0,0,0,0,0,0.0,,0.0,0,0,0.0,20000.0,0.0,0.0,20000.0,0,0.0,0.0,0.0,1.0,0.0,0.0,,,,457a963c-8162-4eb6-8ed6-3a7503cbaaf8
,,33.769090009745725,-84.45879803246763,Stage 5,DPA,Homeowner,1,1,2447,IA,,,,,Other,2023CY,Permanent,262451.0,242451.0,0.0,20000.0,2024-10-04 17:00:00,2024-10-04 17:00:00,2024-10-04 17:00:00,14 01780005017,238500.0,3951.0,0.0,0,0,0,0,0,0.0,,0.0,0,0,0.0,0.0,0.0,0.0,20000.0,0,0.0,0.0,0.0,1.0,0.0,0.0,,,,4a50b138-03b3-4724-8af0-02a6dae1a387
,,33.70247399606857,-84.49613002338266,Stage 5,DPA,Homeowner,1,1,2448,IA,,,,,Other,2023CY,Permanent,318731.0,298731.0,0.0,20000.0,2024-10-04 17:00:00,2024-10-04 17:00:00,2024-10-04 17:00:00,14 0231 LL441,291048.0,7683.0,0.0,0,0,0,0,0,0.0,,0.0,0,0,0.0,0.0,0.0,0.0,20000.0,0,0.0,0.0,0.0,0.0,1.0,0.0,,,,8282c8cc-444e-4ad3-8955-0a9fb720b8f4
,,33.71806500652715,-84.41171202082732,Stage 5,DPA,Homeowner,1,1,2449,IA,Other,,,ATLANTA POLICE FOUNDATION,Other,ATLANTA POLICE FOUNDATION AND 2023CY,Permanent,377015.0,357015.0,0.0,20000.0,2024-10-04 17:00:00,2024-10-04 17:00:00,2024-10-04 17:00:00,14 01050009017,292531.0,4484.0,60000.0,0,0,0,0,0,0.0,,0.0,0,0,0.0,0.0,0.0,0.0,20000.0,0,0.0,0.0,0.0,0.0,1.0,0.0,,,,39fa8db5-04ad-483c-830b-927c4cb61696
,,33.74417199461913,-84.35066703909574,Stage 5,DPA,Homeowner,1,1,2450,IA,AH,,,ANDP,"AH_DPA,Other",2023CY AND ANDP,Permanent,326000.0,281000.0,0.0,45000.0,2024-10-08 17:00:00,2024-10-08 17:00:00,2024-10-08 17:00:00,14-0012-0012-074-8,252450.0,3550.0,25000.0,0,0,0,0,0,0.0,,0.0,0,0,0.0,25000.0,0.0,0.0,20000.0,0,0.0,0.0,0.0,0.0,1.0,0.0,,,,99711ae9-010f-45d8-8cc1-92693bb9332c
,,33.770905990978186,-84.46100699923048,Stage 5,DPA,Homeowner,1,1,2451,IA,AH,,,,"AH_DPA,Other",2023CY,,304075.0,259075.0,0.0,45000.0,2024-10-10 17:00:00,2024-10-10 17:00:00,2024-10-10 17:00:00,14 01780004011,240500.0,18575.0,0.0,0,0,0,0,0,0.0,,0.0,0,0,0.0,25000.0,0.0,0.0,20000.0,0,0.0,0.0,0.0,0.0,1.0,0.0,,,,115319e5-14d5-4f67-8268-9d0fd0cfbe8c
,,33.71301341811864,-84.36299770460337,Stage 5,DPA,Homeowner,1,1,2452,IA,AH,,,,"AH_DPA,Other",2023CY,Permanent,264030.0,224030.0,0.0,40000.0,2024-10-11 17:00:00,2024-10-11 17:00:00,2024-10-11 17:00:00,17 -0225- LL-245-5,219080.0,4950.0,0.0,0,0,0,0,0,0.0,,0.0,0,0,0.0,20000.0,0.0,0.0,20000.0,0,0.0,0.0,0.0,1.0,0.0,0.0,,,,70e60228-7f19-4176-89db-fd2c5894c97c
,,33.662151006824395,-84.51695796312623,Stage 5,DPA,Homeowner,1,1,2453,IA,AH,,,,"AH_DPA,Other",2023CY,Permanent,312965.0,272965.0,0.0,40000.0,2024-10-11 17:00:00,2024-10-11 17:00:00,2024-10-11 17:00:00,14F0002 LL280,263736.0,9229.0,0.0,0,0,0,0,0,0.0,,0.0,0,0,0.0,20000.0,0.0,0.0,20000.0,0,0.0,0.0,0.0,0.0,1.0,0.0,,,,6e69ebd3-d7b5-411f-8c20-154b29cd1dc4
,,33.69500299622071,-84.52025196725515,Stage 5,DPA,Homeowner,1,1,2454,IA,,,,,Other,2023CY,Permanent,247837.0,227837.0,0.0,20000.0,2024-10-16 17:00:00,2024-10-16 17:00:00,2024-10-16 17:00:00,14F0032 LL153,199500.0,28337.0,0.0,0,0,0,0,0,0.0,,0.0,0,0,0.0,0.0,0.0,0.0,20000.0,0,0.0,0.0,0.0,0.0,1.0,0.0,,,,5aafb5c1-d563-40ea-849e-0c76482ec653
,,33.7665329844535,-84.35935798304126,Stage 5,DPA,Homeowner,1,1,2455,IA,,,,,Other,2023CY,Permanent,306194.0,286194.0,0.0,20000.0,2024-10-15 17:00:00,2024-10-15 17:00:00,2024-10-15 17:00:00,14 -0018-0010-113-0,280250.0,5944.0,0.0,0,0,0,0,0,0.0,,0.0,0,0,0.0,0.0,0.0,0.0,20000.0,0,0.0,0.0,0.0,0.0,1.0,0.0,,,,5fb6d8f1-5ad8-419e-8c85-d2f34c246cd4
,,33.7498850160045,-84.46772702246332,Stage 5,DPA,Homeowner,1,1,2456,IA,"AH,Other",,,LENDER'S GRANT,"AH_DPA,Other",2023CY,Permanent,241091.0,196091.0,0.0,45000.0,2024-10-15 17:00:00,2024-10-15 17:00:00,2024-10-15 17:00:00,14 02050005032,184000.0,9091.0,3000.0,0,0,0,0,0,0.0,,0.0,0,0,0.0,25000.0,0.0,0.0,20000.0,0,0.0,0.0,0.0,1.0,0.0,0.0,,,,8af68c68-eb30-4aeb-8beb-9ad44f17df5f
,,33.717583599999976,-84.5290237,Stage 5,DPA,Homeowner,1,1,2457,IA,AH,,,,"AH_DPA,Other",2023CY,Permanent,341524.0,296524.0,0.0,45000.0,2024-10-15 17:00:00,2024-10-15 17:00:00,2024-10-15 17:00:00,14F00660003009,295024.0,1500.0,0.0,0,0,0,0,0,0.0,,0.0,0,0,0.0,25000.0,0.0,0.0,20000.0,0,0.0,0.0,0.0,0.0,1.0,0.0,,,,f7ae7cc7-125b-40a1-8849-ee1bd8af2a45
,,33.78336609999998,-84.4342051,Stage 4,DPA,Homeowner,1,1,2458,IA,AH,,,,"AH_DPA,Other",2023CY,Permanent,269139.0,229139.0,0.0,40000.0,2024-10-18 17:00:00,2024-10-18 17:00:00,,17 0225 LL2463,214880.0,14259.0,0.0,0,0,0,0,0,0.0,,0.0,0,0,0.0,20000.0,0.0,0.0,20000.0,0,0.0,0.0,0.0,1.0,0.0,0.0,,,,af25f398-b6e6-4653-8f3a-be8dc1b49e50
,,33.675913002191045,-84.51437499584368,Stage 5,DPA,Homeowner,1,1,2459,IA,,,,,Other,2023CY,Permanent,328841.0,308841.0,0.0,20000.0,,2024-10-21 17:00:00,2024-10-21 17:00:00,14F00040005140,303341.0,5500.0,0.0,0,0,0,0,0,0.0,,0.0,0,0,0.0,0.0,0.0,0.0,20000.0,0,0.0,0.0,0.0,0.0,1.0,0.0,,,,ad67e27e-4935-4bc6-87d9-47c79c95e1d1
,,33.69859900032105,-84.52171896794891,Stage 5,DPA,Homeowner,1,1,2460,IA,,,,,Other,2023CY,Permanent,275671.0,255671.0,0.0,20000.0,2024-10-21 17:00:00,2024-10-21 17:00:00,2024-10-21 17:00:00,14F0031 LL131,241656.0,14015.0,0.0,0,0,0,0,0,0.0,,0.0,0,0,0.0,0.0,0.0,0.0,20000.0,0,0.0,0.0,0.0,0.0,1.0,0.0,,,,b0f5006c-b8a3-47bf-83b3-545795358c1c
,,33.77467801504521,-84.50822402001741,Stage 5,DPA,Homeowner,1,1,2461,IA,"AH,Other",,,ANDP,"AH_DPA,Other",2023CY AND ANDP,Permanent,358545.0,318545.0,0.0,40000.0,2024-10-22 17:00:00,2024-10-22 17:00:00,2024-10-22 17:00:00,14F00160002102,288970.0,2575.0,27000.0,0,0,0,0,0,0.0,,0.0,0,0,0.0,20000.0,0.0,0.0,20000.0,0,0.0,0.0,0.0,0.0,1.0,0.0,,,,ba086427-1636-4d84-8e47-e80403d9db77
,,33.75325198460057,-84.50389703014116,Stage 5,DPA,Homeowner,1,1,2462,IA,Other,,,ANDP,Other,2023CY AND ANDP,Permanent,266024.0,246024.0,0.0,20000.0,2024-10-24 17:00:00,2024-10-24 17:00:00,2024-10-24 17:00:00,14 024400020492,224002.0,2022.0,20000.0,0,0,0,0,0,0.0,,0.0,0,0,0.0,0.0,0.0,0.0,20000.0,0,0.0,0.0,0.0,0.0,1.0,0.0,,,,dde477c0-359e-43fe-80df-81b1f4b96efd
,,33.76832700509966,-84.47505599096188,Stage 5,DPA,Homeowner,1,1,2463,IA,,,,,Other,2023CY,Permanent,292594.0,272594.0,0.0,20000.0,2024-10-22 17:00:00,2024-10-22 17:00:00,2024-10-22 17:00:00,14 02070006020,270019.0,2575.0,0.0,0,0,0,0,0,0.0,,0.0,0,0,0.0,0.0,0.0,0.0,20000.0,0,0.0,0.0,0.0,0.0,1.0,0.0,,,,ae798254-3d42-441d-847c-0d2eef3a1fac
,,33.76196501486095,-84.47047603524778,Stage 5,DPA,Homeowner,1,1,2464,IA,AH,,,,"AH_DPA,Other",2023CY,Permanent,211901.0,166901.0,0.0,45000.0,2024-10-23 17:00:00,2024-10-23 17:00:00,2024-10-23 17:00:00,14 02060005046,162494.0,4407.0,0.0,0,0,0,0,0,0.0,,0.0,0,0,0.0,25000.0,0.0,0.0,20000.0,0,0.0,0.0,0.0,0.0,1.0,0.0,,,,2fea5635-2efa-405d-8a26-ca568bf5cd1e
,,33.73906599066177,-84.41721700337585,Stage 5,DPA,Homeowner,1,1,2465,IA,AH,,,,"AH_DPA,Other",2023,Permanent,165906.0,125906.0,0.0,40000.0,2024-10-24 17:00:00,2024-10-24 17:00:00,2024-10-24 17:00:00,14 0108 LL038,123965.0,1941.0,0.0,0,0,0,0,0,0.0,,0.0,0,0,0.0,20000.0,0.0,0.0,20000.0,0,0.0,0.0,0.0,0.0,1.0,0.0,,,,a9f3afc6-8ed6-428c-8d1c-01948e715ddb
,,33.753581309576326,-84.50874042907205,Stage 5,"DPA,New_Construction",Homeowner,1,1,2466,IA,,,,,Other,2023CY,Permanent,387196.0,367196.0,0.0,20000.0,2024-10-31 17:00:00,2024-10-31 17:00:00,2024-10-31 17:00:00,NOT ASSIGNED,361373.0,5823.0,0.0,0,0,0,0,0,0.0,,0.0,0,0,0.0,0.0,0.0,0.0,20000.0,0,0.0,0.0,0.0,0.0,1.0,0.0,,,,f75a1cbf-8b56-4ce6-8aae-42cd15f49308
,,33.695595010041984,-84.3614589908912,Stage 5,"DPA,New_Construction",Homeowner,1,1,2467,IA,AH,,,,"AH_DPA,Other",2023CY,Permanent,217953.0,172953.0,0.0,45000.0,2024-10-28 17:00:00,2024-10-28 17:00:00,2024-10-28 17:00:00,14 00270003036,170548.0,2405.0,0.0,0,0,0,0,0,0.0,,0.0,0,0,0.0,25000.0,0.0,0.0,20000.0,0,0.0,1.0,0.0,0.0,0.0,0.0,,,,1c966dc9-643c-4812-8edd-deecda4f8161
,,33.72081598905885,-84.43107295987713,Stage 5,DPA,Homeowner,1,1,2468,IA,AH,,,,"AH_DPA,Other",2023CY,Permanent,233606.0,193606.0,0.0,40000.0,2024-10-29 17:00:00,2024-10-29 17:00:00,2024-10-29 17:00:00,14 01370003083,187802.0,5804.0,0.0,0,0,0,0,0,0.0,,0.0,0,0,0.0,20000.0,0.0,0.0,20000.0,0,0.0,0.0,0.0,1.0,0.0,0.0,,,,f35153e4-1a63-44e1-89b0-a2416a75c773
,,33.74801095293136,-84.31291352564185,Stage 5,Rehab_HomeFlex,Homeowner,1,1,2469,IA,,,,,HOB,,Permanent,30000.0,0.0,0.0,30000.0,2024-07-12 17:00:00,2024-07-12 17:00:00,2024-10-08 17:00:00,15 205 02 158,0.0,0.0,0.0,0,0,0,0,0,0.0,,0.0,0,30000,0.0,0.0,0.0,0.0,0.0,0,1.0,0.0,0.0,0.0,0.0,0.0,,,,a2b0e2cb-3870-446a-85d3-ffbe1014a0db
,,33.73171195292262,-84.33818102562847,Stage 5,Rehab_HomeFlex,Homeowner,1,1,2470,IA,,,,,HOB,,Permanent,30000.0,0.0,0.0,30000.0,2024-06-21 17:00:00,2024-06-21 17:00:00,2024-10-09 17:00:00,15 146 12 018,0.0,0.0,0.0,0,0,0,0,0,0.0,,0.0,0,30000,0.0,0.0,0.0,0.0,0.0,0,0.0,1.0,0.0,0.0,0.0,0.0,,,,6a5b30bb-45b5-47ae-826d-255b3bafb7f8
,,33.71796895289895,-84.43798202559068,Stage 5,Rehab_HomeFlex,Homeowner,1,1,2471,IA,,,,,HOB,,Permanent,30000.0,0.0,0.0,30000.0,2024-08-19 17:00:00,2024-08-19 17:00:00,2024-10-09 17:00:00,14 01520002034,0.0,0.0,0.0,0,0,0,0,0,0.0,,0.0,0,30000,0.0,0.0,0.0,0.0,0.0,0,1.0,0.0,0.0,0.0,0.0,0.0,,,,49660b47-0208-4f9d-8c5b-f86ecb56876a
,,33.79446999346579,-84.4518869856614,Stage 5,DPA,Homeowner,1,1,2472,AH,,,,,AH_DPA,,,20000.0,0.0,0.0,20000.0,,2024-09-05 17:00:00,2024-09-30 17:00:00,,0.0,0.0,0.0,0,0,0,0,0,0.0,,0.0,0,0,0.0,20000.0,0.0,0.0,0.0,0,0.0,0.0,0.0,1.0,0.0,0.0,,,,c1e1c32f-4686-4b37-8e5b-6312c13e4f13
,,33.751438015024846,-84.46120799726863,Stage 5,DPA,Homeowner,1,1,2473,AH,,,,,AH_DPA,,,20000.0,0.0,0.0,20000.0,2024-10-03 17:00:00,2024-09-19 17:00:00,2024-10-03 17:00:00,,0.0,0.0,0.0,0,0,0,0,0,0.0,,0.0,0,0,0.0,20000.0,0.0,0.0,0.0,0,0.0,0.0,0.0,1.0,0.0,0.0,,,,86f7f88f-5c9c-427d-8e94-366910892f45
,,33.75760495290152,-84.46591802559307,Stage 5,DPA,Homeowner,1,1,2474,AH,,,,,AH_DPA,,,25000.0,0.0,0.0,25000.0,,2024-09-11 17:00:00,2024-10-17 17:00:00,,0.0,0.0,0.0,0,0,0,0,0,0.0,,0.0,0,0,0.0,25000.0,0.0,0.0,0.0,0,0.0,1.0,0.0,0.0,0.0,0.0,,,,71db171b-a06f-41b3-8864-481376a59c1d
,,33.6966029528861,-84.47791502557082,Stage 5,DPA,Homeowner,1,1,2475,AH,,,,,AH_DPA,,,20000.0,0.0,0.0,20000.0,2024-10-28 17:00:00,2024-10-03 17:00:00,2024-10-28 17:00:00,,0.0,0.0,0.0,0,0,0,0,0,0.0,,0.0,0,0,0.0,20000.0,0.0,0.0,0.0,0,0.0,0.0,1.0,0.0,0.0,0.0,,,,3575a01a-fee2-4678-8861-b167c922789f
,,33.69154495290733,-84.37092752560545,Stage 5,DPA,Homeowner,1,1,2476,AH,,,,,AH_DPA,,,20000.0,0.0,0.0,20000.0,2024-10-31 17:00:00,2024-10-03 17:00:00,2024-10-31 17:00:00,,0.0,0.0,0.0,0,0,0,0,0,0.0,,0.0,0,0,0.0,20000.0,0.0,0.0,0.0,0,0.0,1.0,0.0,0.0,0.0,0.0,,,,e724b4e4-24ae-4212-8b98-28702f4b4be0
,,33.68868295290419,-84.38302802560052,Stage 5,DPA,Homeowner,1,1,2477,AH,,,,,AH_DPA,,,25000.0,0.0,0.0,25000.0,2024-10-02 17:00:00,2024-09-10 17:00:00,2024-10-02 17:00:00,,0.0,0.0,0.0,0,0,0,0,0,0.0,,0.0,0,0,0.0,25000.0,0.0,0.0,0.0,0,0.0,0.0,0.0,1.0,0.0,0.0,,,,0dada18f-ef43-47df-8be8-b192f8d37878
,,33.69434099350792,-84.50215996452708,Stage 5,DPA,Homeowner,1,1,2478,IA,,,,,Other,20023CY ,Permanent,298372.0,278372.0,0.0,20000.0,2024-11-05 17:00:00,2024-11-05 17:00:00,2024-11-05 17:00:00,14 02510005006,271672.0,6700.0,0.0,0,0,0,0,0,0.0,,0.0,0,0,0.0,0.0,0.0,0.0,20000.0,0,0.0,0.0,0.0,0.0,1.0,0.0,,,Yes,33789668-d41e-4c7f-83e7-8a69d17e97ad
,,33.76948999416525,-84.41243697163297,Stage 5,DPA,Homeowner,1,1,2479,IA,"AH,Other",,,WFF and ANDP,"AH_DPA,Other",2023CY WESTSIDE FUTURE FUNDS & ANDP,Permanent,320805.0,200805.0,0.0,120000.0,2024-11-07 17:00:00,2024-11-07 17:00:00,2024-11-07 17:00:00,14 0111000210,195000.0,5805.0,0.0,0,0,0,0,0,0.0,,0.0,0,0,0.0,25000.0,0.0,0.0,95000.0,0,0.0,0.0,0.0,0.0,1.0,0.0,,,Yes,aeab97b8-0cf0-4697-876c-41cade929f2a
,,33.74998098879586,-84.32165702074843,Stage 5,DPA,Homeowner,1,1,2480,IA,,,,,Other,2023CY,Permanent,200107.0,180107.0,0.0,20000.0,2024-11-07 17:00:00,2024-11-07 17:00:00,2024-11-07 17:00:00,15 206 05 009,177500.0,2607.0,0.0,0,0,0,0,0,0.0,,0.0,0,0,0.0,0.0,0.0,0.0,20000.0,0,0.0,0.0,0.0,0.0,1.0,0.0,,,Yes,241d0ff4-2353-4e4d-8401-b066bb5a2758
,,33.81918701055422,-84.4276659676934,Stage 5,DPA,Homeowner,1,1,2481,IA,AH,,,,"AH_DPA,Other",2023CY,Permanent,214285.0,169285.0,0.0,45000.0,2024-11-08 17:00:00,2024-11-08 17:00:00,2024-11-08 17:00:00,17-0194-0005-102-9,167785.0,1500.0,0.0,0,0,0,0,0,0.0,,0.0,0,0,0.0,25000.0,0.0,0.0,20000.0,0,0.0,0.0,0.0,0.0,1.0,0.0,,,Yes,b1c4c979-5b15-4825-8cc8-882cdf72aef1
,,33.69480300401095,-84.52387403907434,Stage 5,DPA,Homeowner,1,1,2482,IA,AH,,,,AH_DPA,,,255710.0,210710.0,0.0,45000.0,2024-11-15 17:00:00,2024-11-15 17:00:00,2024-11-15 17:00:00,14F00320006024,208587.0,2123.0,0.0,0,0,0,0,0,0.0,,0.0,0,0,0.0,25000.0,0.0,0.0,20000.0,0,0.0,0.0,0.0,0.0,1.0,0.0,,,Yes,cb31bbd6-7b70-4243-8a56-0f7428b4dcb3
,,33.717583599999976,-84.5290237,Stage 5,DPA,Homeowner,1,1,2483,IA,,,,,Other,2023CY,Permanent,285674.0,265674.0,0.0,20000.0,2024-11-14 17:00:00,2024-11-14 17:00:00,2024-11-14 17:00:00,14F00650002016,264000.0,1674.0,0.0,0,0,0,0,0,0.0,,0.0,0,0,0.0,0.0,0.0,0.0,20000.0,0,0.0,0.0,1.0,0.0,0.0,0.0,,,Yes,ba52a3b2-2cb6-4d53-8c78-ca7524847d48
,,33.753461993184615,-84.51634700620377,Stage 5,DPA,Homeowner,1,1,2484,IA,AH,,,,"AH_DPA,Other",2023CY,Permanent,284674.0,239674.0,0.0,45000.0,,2024-11-15 17:00:00,2024-11-15 17:00:00,14F-0025-0002-012-9,237077.0,2597.0,0.0,0,0,0,0,0,0.0,,0.0,0,0,0.0,25000.0,0.0,0.0,20000.0,0,0.0,0.0,0.0,0.0,1.0,0.0,,,Yes,393cd77b-c11f-4e71-8187-67b31ce999f8
,,33.69231500369138,-84.51356899203434,Stage 5,DPA,Homeowner,1,1,2485,IA,AH,,,,"AH_DPA,Other",2023CY,Permanent,269736.0,224736.0,0.0,45000.0,2024-11-15 17:00:00,2024-11-15 17:00:00,2024-11-15 17:00:00,14f-0006-0002-064-3,221306.0,3430.0,0.0,0,0,0,0,0,0.0,,0.0,0,0,0.0,25000.0,0.0,0.0,20000.0,0,0.0,0.0,0.0,1.0,0.0,0.0,,,Yes,21989401-4132-4979-80db-1c601ff5a01c
,,33.663694995298826,-84.51267196075649,Stage 5,DPA,Homeowner,1,1,2486,IA,AH,,,,"AH_DPA,Other",2023CY,Permanent,322175.0,282175.0,0.0,40000.0,2024-11-15 17:00:00,2024-11-15 17:00:00,2024-11-15 17:00:00,14F0002 LL032,274725.0,7450.0,0.0,0,0,0,0,0,0.0,,0.0,0,0,0.0,20000.0,0.0,0.0,20000.0,0,0.0,0.0,0.0,1.0,0.0,0.0,,,Yes,3e076a9b-cc0c-4309-8081-2365d40650b1
,,33.654536005880004,-84.3551070170268,Stage 5,DPA,Homeowner,1,1,2487,IA,AH,,,,"AH_DPA,Other",2023CY,Permanent,394559.0,354559.0,0.0,40000.0,2024-11-15 17:00:00,2024-11-15 17:00:00,2024-11-15 17:00:00,14 0001 LL079,349520.0,5039.0,0.0,0,0,0,0,0,0.0,,0.0,0,0,0.0,20000.0,0.0,0.0,20000.0,0,0.0,0.0,0.0,0.0,1.0,0.0,,,Yes,692b5e16-f1e2-4e6f-866b-485d442c0807
,,33.65983001592561,-84.35675196552498,Stage 5,DPA,Homeowner,1,1,2488,IA,AH,,,,AH_DPA,,Permanent,245455.0,200455.0,0.0,45000.0,2024-11-18 17:00:00,2024-11-18 17:00:00,2024-11-18 17:00:00,14 000200020866,195450.0,5005.0,0.0,0,0,0,0,0,0.0,,0.0,0,0,0.0,25000.0,0.0,0.0,20000.0,0,0.0,0.0,0.0,1.0,0.0,0.0,,,Yes,c4442ed6-11ec-41e7-8f2e-fb3599f1058e
,,33.69256700561036,-84.38747298176747,Stage 5,DPA,Homeowner,1,1,2489,IA,,,,,Other,2023CY,Permanent,264034.0,244034.0,0.0,20000.0,2024-11-18 17:00:00,2024-11-18 17:00:00,2024-11-18 17:00:00,14005900030362,240231.0,3803.0,0.0,0,0,0,0,0,0.0,,0.0,0,0,0.0,0.0,0.0,0.0,20000.0,0,0.0,0.0,0.0,0.0,1.0,0.0,,,Yes,0bab2fe2-877b-4091-8d71-43638e51f068
,,33.76981198497573,-84.41277601961642,Stage 5,DPA,Homeowner,1,1,2490,IA,AH,,,,"AH_DPA,TAD",,Permanent,306161.0,261161.0,0.0,45000.0,,2024-11-22 17:00:00,2024-11-22 17:00:00,4 01110002063,236500.0,24661.0,0.0,0,0,0,0,0,0.0,,0.0,20000,0,0.0,25000.0,0.0,0.0,0.0,0,0.0,0.0,0.0,0.0,1.0,0.0,,,Yes,ebda26da-0074-4dce-8c54-ae8feb16108e
,,33.73324211651312,-84.40655810117791,Stage 5,DPA,Homeowner,1,1,2491,IA,,,,,"AH_DPA,Other",2023CY,Permanent,381661.0,336661.0,0.0,45000.0,2024-11-22 17:00:00,2024-11-22 17:00:00,2024-11-22 17:00:00,14 00860006057,312000.0,24661.0,0.0,0,0,0,0,0,0.0,,0.0,0,0,0.0,25000.0,0.0,0.0,20000.0,0,0.0,0.0,0.0,0.0,1.0,0.0,,,Yes,51ace29e-a6ff-485d-8ab4-c19b7ec333c5
,,33.73763201466651,-84.31349103539878,Stage 5,"DPA,New_Construction",Homeowner,1,1,2492,IA,"AH,Other",,,LENDER'S GRANT,"AH_DPA,Other",2023CY AND LENDER'S GRANT,Permanent,303619.0,258619.0,0.0,45000.0,2024-11-21 17:00:00,2024-11-21 17:00:00,2024-11-21 17:00:00,5 173 08 094,240828.0,5291.0,12500.0,0,0,0,0,0,0.0,,0.0,0,0,0.0,25000.0,0.0,0.0,20000.0,0,0.0,0.0,0.0,1.0,0.0,0.0,,,Yes,392e4c6f-f25f-44c5-847f-77de55ee8f07
,,33.73763201466651,-84.31349103539878,Stage 5,"DPA,New_Construction",Homeowner,1,1,2493,IA,AH,,,,"AH_DPA,Other",2023CY,Permanent,230855.0,190855.0,0.0,40000.0,2024-11-21 17:00:00,2024-11-21 17:00:00,2024-11-21 17:00:00,15 173 08 094,185918.0,4937.0,0.0,0,0,0,0,0,0.0,,0.0,0,0,0.0,20000.0,0.0,0.0,20000.0,0,0.0,0.0,0.0,0.0,1.0,0.0,,,Yes,dd1fac3e-245b-49ae-8468-8092d904f13c
,,33.79430202012617,-84.45201698897966,Stage 5,"DPA,New_Construction",Homeowner,1,1,2494,IA,AH,,,,"TAD,Other",2023CY,Permanent,380213.0,285213.0,0.0,95000.0,2024-11-25 17:00:00,2024-11-25 17:00:00,2024-11-25 17:00:00,17-0227-LL-170-3,277700.0,7513.0,0.0,0,0,0,0,0,0.0,,0.0,10000,0,0.0,25000.0,50000.0,0.0,10000.0,0,0.0,0.0,0.0,0.0,1.0,0.0,,,Yes,fdb383d0-628d-4b66-8310-d27840d6cb02
,,33.70019999999999,-84.4886,Stage 5,"DPA,New_Construction",Homeowner,1,1,2495,IA,"AH,Other",,,ANDP,"AH_DPA,Other",2023CY AND ANDP,Permanent,342720.0,277720.0,0.0,65000.0,2024-11-25 17:00:00,2024-11-25 17:00:00,2024-11-25 17:00:00,NEW CONSTRUCTON,275640.0,2080.0,0.0,0,0,0,0,0,0.0,,0.0,0,0,0.0,25000.0,0.0,0.0,40000.0,0,0.0,0.0,0.0,0.0,1.0,0.0,,,Yes,ea36ec55-9456-4efb-8817-a40c4fccdd47
,,33.70019999999999,-84.4886,Stage 5,DPA,Homeowner,1,1,2496,IA,"AH,Other",,,LENDER'S GRANT,"AH_DPA,Other",2023CY and  ANDP,Permanent,353043.0,276043.0,0.0,77000.0,2024-11-26 17:00:00,2024-11-26 17:00:00,2024-11-26 17:00:00,14 023000006025,274109.0,1934.0,0.0,0,0,0,0,0,0.0,,0.0,0,0,0.0,25000.0,0.0,0.0,52000.0,0,0.0,0.0,0.0,0.0,1.0,0.0,,,Yes,403816e0-e93d-41d7-8e3b-97ee2295d72b
,,33.73763201466651,-84.31349103539878,Stage 5,"DPA,New_Construction",Homeowner,1,1,2497,IA,AH,,,,"AH_DPA,Other",2023CY,Permanent,140409.0,118409.0,0.0,22000.0,2024-11-27 17:00:00,2024-11-27 17:00:00,2024-11-27 17:00:00,15 173 08 107,115180.0,3229.0,0.0,0,0,0,0,0,0.0,,0.0,0,0,0.0,2000.0,0.0,0.0,20000.0,0,0.0,0.0,0.0,1.0,0.0,0.0,,,Yes,4c1fc5e3-d04c-4617-8c63-91e052175bdc
,,33.73763201466651,-84.31349103539878,Stage 5,"DPA,New_Construction",Homeowner,1,1,2498,IA,AH,,,,"AH_DPA,Other",2023CY,Permanent,221446.0,181446.0,0.0,40000.0,2024-11-27 17:00:00,2024-11-27 17:00:00,2024-11-27 17:00:00,15 173 08 107,175160.0,6286.0,0.0,0,0,0,0,0,0.0,,0.0,0,0,0.0,20000.0,0.0,0.0,20000.0,0,0.0,1.0,0.0,0.0,0.0,0.0,,,Yes,3f0259b4-871d-4d89-88dc-522186712153
,,33.73763201466651,-84.31349103539878,Stage 5,"DPA,New_Construction",Homeowner,1,1,2499,IA,AH,,,,"AH_DPA,Other",2023CY,Permanent,160897.0,120897.0,0.0,40000.0,2024-11-27 17:00:00,2024-11-27 17:00:00,2024-11-27 17:00:00,15 173 08 107,117280.0,3617.0,0.0,0,0,0,0,0,0.0,,0.0,0,0,0.0,20000.0,0.0,0.0,20000.0,0,0.0,0.0,0.0,1.0,0.0,0.0,,,Yes,e3390dcf-7293-41fb-84ba-d1eaea51a3f8
,,33.76680900052507,-84.454082038465,Stage 5,Rehab_HomeFlex,Homeowner,1,1,2500,IA,,,,,HOB,,Permanent,30000.0,0.0,0.0,30000.0,2024-09-11 17:00:00,2024-09-11 17:00:00,2024-10-10 17:00:00,14 017500080424,0.0,0.0,0.0,0,0,0,0,0,0.0,,0.0,0,30000,0.0,0.0,0.0,0.0,0.0,0,1.0,0.0,0.0,0.0,0.0,0.0,,,,751a4a90-bdae-46fb-8b6d-3a87141eac45
,,33.6952159803804,-84.48068896517191,Stage 5,Rehab_HomeFlex,Homeowner,1,1,2501,IA,,,,,HOB,,Permanent,29996.0,0.0,0.0,29996.0,2024-03-25 17:00:00,2024-03-25 17:00:00,2024-10-11 17:00:00,14 021900030377,0.0,0.0,0.0,0,0,0,0,0,0.0,,0.0,0,29996,0.0,0.0,0.0,0.0,0.0,0,1.0,0.0,0.0,0.0,0.0,0.0,,,,2dba9de5-717c-44fd-80e7-9c58690fb2d1
,,33.755083011349235,-84.42592898589834,Stage 5,Rehab_HomeFlex,Homeowner,1,1,2502,IA,,,,,HOB,,Permanent,30000.0,0.0,0.0,30000.0,2024-08-30 17:00:00,2024-08-30 17:00:00,2024-10-14 17:00:00,14 011500090178,0.0,0.0,0.0,0,0,0,0,0,0.0,,0.0,0,30000,0.0,0.0,0.0,0.0,0.0,0,1.0,0.0,0.0,0.0,0.0,0.0,,,,ee6b2542-1016-4327-8e1a-4280453781d6
,,33.70336499237611,-84.50530996755944,Stage 5,Rehab_HomeFlex,Homeowner,1,1,2503,IA,,,,,HOB,,Permanent,29980.0,0.0,0.0,29980.0,2024-09-05 17:00:00,2024-09-05 17:00:00,2024-10-18 17:00:00,14 02500001027,0.0,0.0,0.0,0,0,0,0,0,0.0,,0.0,0,29980,0.0,0.0,0.0,0.0,0.0,0,1.0,0.0,0.0,0.0,0.0,0.0,,,,328bef0a-f1d1-409b-8196-4da5ef2d061e
,,33.70702997953958,-84.50158203230313,Stage 5,Rehab_HomeFlex,Homeowner,1,1,2504,IA,,,,,HOB,,Permanent,29998.0,0.0,0.0,29998.0,2024-08-06 17:00:00,2024-08-06 17:00:00,2024-10-18 17:00:00,14 024900020224,0.0,0.0,0.0,0,0,0,0,0,0.0,,0.0,0,29998,0.0,0.0,0.0,0.0,0.0,0,0.0,0.0,1.0,0.0,0.0,0.0,,,,0d8461ad-8d0b-4842-8f65-73bf8ce962bd
,,33.709400004571954,-84.42250900176471,Stage 5,Rehab_HomeFlex,Homeowner,1,1,2505,IA,,,,,HOB,,Permanent,30000.0,0.0,0.0,30000.0,2024-08-20 17:00:00,2024-08-20 17:00:00,2024-10-18 17:00:00,14 012100050471,0.0,0.0,0.0,0,0,0,0,0,0.0,,0.0,0,30000,0.0,0.0,0.0,0.0,0.0,0,0.0,1.0,0.0,0.0,0.0,0.0,,,,1ba1a547-ba6a-407e-8c84-d99a568c9300
,,33.71648799335421,-84.38410999457544,Stage 5,Rehab_HomeFlex,Homeowner,1,1,2506,IA,,,,,HOB,,Permanent,29927.0,0.0,0.0,29927.0,2024-07-26 17:00:00,2024-07-26 17:00:00,2024-10-21 17:00:00,14 005600100192,0.0,0.0,0.0,0,0,0,0,0,0.0,,0.0,0,29927,0.0,0.0,0.0,0.0,0.0,0,0.0,1.0,0.0,0.0,0.0,0.0,,,,c72a4ec5-ec93-48ad-8b06-5c01a86090df
729 Bonaventure,729 Bonaventure,33.80088715184449,-84.3692472357905,Stage 5,Rehab_HomeFlex,Renter,23,23,2507,COA,IA,,,"PfH, CFGA",HOB,CFGA TogetherATL,,4700000.0,0.0,0.0,4700000.0,,2024-10-18 17:00:00,2024-12-03 17:00:00,14 001700090516,0.0,0.0,0.0,0,0,0,0,0,0.0,,0.0,0,1000000,0.0,0.0,0.0,0.0,3700000.0,0,23.0,0.0,0.0,0.0,0.0,0.0,,,Yes,b98d0ea7-e2d9-47fe-899d-21e54008fc16
,,33.70886570015403,-84.44402224591188,Stage 5,DPA,Homeowner,1,1,2508,IA,AH,,,,"AH_DPA,Other",2023CY,Permanent,162178.0,122178.0,0.0,40000.0,2024-12-02 17:00:00,2024-12-02 17:00:00,2024-12-02 17:00:00,14 015300050464,117500.0,4678.0,0.0,0,0,0,0,0,0.0,,0.0,0,0,0.0,20000.0,0.0,0.0,20000.0,0,0.0,0.0,1.0,0.0,0.0,0.0,,,,29f4334b-92e7-4da1-84f7-f6df1f5e86b2
,,33.69974983562701,-84.49661642522393,Stage 5,DPA,Homeowner,1,1,2509,IA,AH,,,,"AH_DPA,Other",2023CY,Permanent,277648.0,237648.0,0.0,40000.0,2024-12-03 17:00:00,2024-12-03 17:00:00,2024-12-03 17:00:00,14 0231 LL184,234660.0,2988.0,0.0,0,0,0,0,0,0.0,,0.0,0,0,0.0,20000.0,0.0,0.0,20000.0,0,0.0,0.0,0.0,0.0,1.0,0.0,,,,303a7224-796e-447b-8294-cf175cb83dce
,,33.66276999999999,-84.39238499999999,Stage 5,"DPA,New_Construction",Homeowner,1,1,2510,IA,,,,,Other,2023CY,Permanent,389299.0,369299.0,0.0,20000.0,,2024-12-03 17:00:00,2024-12-03 17:00:00,NOT YET ASSIGNED,358160.0,11139.0,0.0,0,0,0,0,0,0.0,,0.0,0,0,0.0,0.0,0.0,0.0,20000.0,0,0.0,0.0,0.0,0.0,1.0,0.0,,,,cb19c3d2-7b57-44d5-864b-48ec2bbf672d
,,33.72449395290335,-84.42341552559758,Stage 5,"DPA,New_Construction",Homeowner,1,1,2511,IA,AH,,,,"AH_DPA,Other",2023CY,Permanent,169716.0,129716.0,0.0,40000.0,2024-12-03 17:00:00,2024-12-03 17:00:00,2024-12-03 17:00:00,14 01190005103,121700.0,8016.0,0.0,0,0,0,0,0,0.0,,0.0,0,0,0.0,20000.0,0.0,0.0,20000.0,0,0.0,0.0,0.0,1.0,0.0,0.0,,,,e02c80e5-f791-4474-8f44-727171e72b52
,,33.66276999999999,-84.39238499999999,Stage 5,"DPA,New_Construction",Homeowner,1,1,2512,IA,AH,,,,"AH_DPA,Other",2023CY,Permanent,380813.0,340813.0,0.0,40000.0,2024-12-04 17:00:00,2024-12-04 17:00:00,2024-12-04 17:00:00,NOT ASSIGNED,337199.0,3614.0,0.0,0,0,0,0,0,0.0,,0.0,0,0,0.0,20000.0,0.0,0.0,20000.0,0,0.0,0.0,0.0,0.0,1.0,0.0,,,,5698d0ff-a099-480f-8341-a62a5bb74830
,,33.65866698495051,-84.3537980152079,Stage 5,DPA,Homeowner,1,1,2513,IA,"AH,Other",,,ANDP,"AH_DPA,Other",ANDP AND 2023CY,Permanent,216915.0,174415.0,0.0,42500.0,2024-12-04 17:00:00,2024-12-04 17:00:00,2024-12-04 17:00:00,14 00020001020,172000.0,2415.0,0.0,0,0,0,0,0,0.0,,0.0,0,0,0.0,20000.0,0.0,0.0,22500.0,0,0.0,0.0,0.0,1.0,0.0,0.0,,,,3ca43d1c-1ada-45f1-8de7-b4d740859a2f
,,33.75803251925762,-84.48809135914226,Stage 5,DPA,Homeowner,1,1,2514,IA,AH,,,,"AH_DPA,Other",2023CY,Permanent,198449.0,158449.0,0.0,40000.0,2024-12-05 17:00:00,2024-12-05 17:00:00,2024-12-05 17:00:00,14 023800020466,156949.0,1500.0,0.0,0,0,0,0,0,0.0,,0.0,0,0,0.0,20000.0,0.0,0.0,20000.0,0,0.0,0.0,0.0,1.0,0.0,0.0,,,,65759d29-e2ed-4c84-8f9a-7cd030cb1a18
,,33.70772341438929,-84.39488836768777,Stage 5,DPA,Homeowner,1,1,2515,IA,AH,,,,"AH_DPA,Other",2023CY,Construction,300729.0,260729.0,0.0,40000.0,2024-12-06 17:00:00,2024-12-06 17:00:00,2024-12-06 17:00:00,140072-0006-135-2,247150.0,13579.0,0.0,0,0,0,0,0,0.0,,0.0,0,0,0.0,20000.0,0.0,0.0,20000.0,0,0.0,0.0,0.0,1.0,0.0,0.0,,,,966920de-1e94-4597-8753-82ff7627953f
,,33.67086076814256,-84.3577598055628,Stage 5,DPA,Homeowner,1,1,2516,IA,"AH,Other",,,ANDP,"AH_DPA,Other",ANDP AND 2023CY,Permanent,379050.0,324050.0,0.0,55000.0,2024-12-06 17:00:00,2024-12-06 17:00:00,2024-12-06 17:00:00,14 00300020618,229700.0,94350.0,0.0,0,0,0,0,0,0.0,,0.0,0,0,0.0,20000.0,0.0,0.0,35000.0,0,0.0,0.0,1.0,0.0,0.0,0.0,,,,35b0dd4f-a8ad-4464-84d3-1f73faf32aed
,,33.66276999999999,-84.39238499999999,Stage 5,"DPA,New_Construction",Homeowner,1,1,2517,IA,AH,,,,Other,2023CY,Permanent,348500.0,328500.0,0.0,20000.0,2024-12-09 17:00:00,2024-12-09 17:00:00,2024-12-09 17:00:00,00350004073,327000.0,1500.0,0.0,0,0,0,0,0,0.0,,0.0,0,0,0.0,0.0,0.0,0.0,20000.0,0,0.0,0.0,0.0,0.0,1.0,0.0,,,,4470ca7f-5b41-4a02-8ba6-8fc930d4cd20
Waterworks Village,"653 Green St NW, Atlanta, GA 30318",33.81889017805765,-84.41816525060706,Stage 5,New_Construction,Renter,100,100,2518,COA,"IA,AH,Other",,,Partners for HOME,"Housing_Trust_Fund,Other",2024 Homeless Opportunity Bond,Permanent,16916429.0,0.0,0.0,16916429.0,,2024-12-19 17:00:00,2025-12-03 17:00:00,,0.0,0.0,0.0,0,0,0,0,0,0.0,,0.0,0,0,2000000.0,0.0,0.0,0.0,14916429.0,0,100.0,0.0,0.0,0.0,0.0,0.0,PSO,,Yes,17016644-5891-45bd-8f25-830111648b0d
,,33.79432326825071,-84.45160996376146,Stage 5,"DPA,New_Construction",Homeowner,1,1,2519,IA,AH,,,,"AH_DPA,TAD",,Permanent,388190.0,303190.0,0.0,85000.0,2024-12-13 17:00:00,2024-12-13 17:00:00,2024-12-13 17:00:00,17 0227 LL1760,287992.0,15198.0,0.0,0,0,0,0,0,0.0,,0.0,10000,0,0.0,75000.0,0.0,0.0,0.0,0,0.0,0.0,0.0,0.0,1.0,0.0,,,,31f1337b-16cc-4e78-8b2f-1a380382ac5c
,,33.79413237040587,-84.45174130818422,Stage 5,"DPA,New_Construction",Homeowner,1,1,2520,IA,AH,,,,"AH_DPA,TAD",,Permanent,333985.0,293985.0,0.0,40000.0,2024-12-16 17:00:00,2024-12-16 17:00:00,2024-12-16 17:00:00,17 0227 LL171,289811.0,4174.0,0.0,0,0,0,0,0,0.0,,0.0,20000,0,0.0,20000.0,0.0,0.0,0.0,0,0.0,0.0,0.0,1.0,0.0,0.0,,,,4dabe5c3-c762-428d-8da6-9dae3e9c6348
,,33.66276999999999,-84.39238499999999,Stage 5,"DPA,New_Construction",Homeowner,1,1,2521,IA,AH,,,,"AH_DPA,Other",2023CY,Permanent,358903.0,318903.0,0.0,40000.0,2024-12-12 17:00:00,2024-12-12 17:00:00,2024-12-12 17:00:00,14 00350004073,316646.0,2257.0,0.0,0,0,0,0,0,0.0,,0.0,0,0,0.0,20000.0,0.0,0.0,20000.0,0,0.0,0.0,0.0,0.0,1.0,0.0,,,,7ff11c47-0885-4735-8177-a6ccf19ea5d0
,,33.67067753973914,-84.36855402047215,Stage 5,DPA,Homeowner,1,1,2522,IA,AH,,,,"AH_DPA,Other",20023CY,Permanent,228634.0,183634.0,0.0,45000.0,2024-12-10 17:00:00,2024-12-10 17:00:00,2024-12-10 17:00:00,14 00300003005,180097.0,3537.0,0.0,0,0,0,0,0,0.0,,0.0,0,0,0.0,25000.0,0.0,0.0,20000.0,0,0.0,1.0,0.0,0.0,0.0,0.0,,,,f1c10dd5-edc7-4ccb-8d1c-da625b156737
,,33.76076585788315,-84.51983572194345,Stage 5,DPA,Homeowner,1,1,2523,IA,AH,,,,"AH_DPA,Other",2023CY,Permanent,217788.0,172788.0,0.0,45000.0,2024-12-09 17:00:00,2024-12-09 17:00:00,2024-12-09 17:00:00,14F00240001123,170015.0,2773.0,0.0,0,0,0,0,0,0.0,,0.0,0,0,0.0,25000.0,0.0,0.0,20000.0,0,0.0,0.0,0.0,1.0,0.0,0.0,,,,fd230449-736b-4f4d-8ea7-5aa1ac22b203
,,33.784766952924805,-84.38185802562958,Stage 5,DPA,Homeowner,1,1,2524,IA,AH,,,,"AH_DPA,Other",2023CY,Permanent,316525.0,271525.0,0.0,45000.0,2024-12-20 17:00:00,2024-12-20 17:00:00,2024-12-20 17:00:00,17 010600065919,268000.0,3525.0,0.0,0,0,0,0,0,0.0,,0.0,0,0,0.0,25000.0,0.0,0.0,20000.0,0,0.0,0.0,0.0,0.0,1.0,0.0,,,,ade959fd-904d-4368-8b64-7ead529f3553
,,33.73373551933734,-84.40610603634553,Stage 5,DPA,Homeowner,1,1,2525,IA,Other,,,ATLANTA POLICE FOUNDATION,Other,ATLANTA POLICE FOUNDATION AND 2023CY,Permanent,426498.0,366498.0,0.0,60000.0,2024-12-20 17:00:00,2024-12-20 17:00:00,2024-12-20 17:00:00,14 00860006108,311000.0,55498.0,0.0,0,0,0,0,0,0.0,,0.0,0,0,0.0,0.0,0.0,0.0,60000.0,0,0.0,0.0,0.0,0.0,1.0,0.0,,,,3eb6dbc5-5690-4391-80de-0bd11ad49399
,,33.696395775161854,-84.39152906853312,Stage 5,DPA,Homeowner,1,1,2526,IA,AH,,,,"AH_DPA,Other",20023CY,Permanent,362628.0,322628.0,0.0,40000.0,2024-12-20 17:00:00,2024-12-20 17:00:00,2024-12-20 17:00:00,14 00700010045,318302.0,4326.0,0.0,0,0,0,0,0,0.0,,0.0,0,0,0.0,20000.0,0.0,0.0,20000.0,0,0.0,0.0,0.0,0.0,1.0,0.0,,,,d066a6e6-76cd-4e54-8896-d97c12b55cf9
,,33.66235795287072,-84.51721802554735,Stage 5,DPA,Homeowner,1,1,2527,IA,AH,,,,"AH_DPA,Other",2023CY,Permanent,370222.0,330222.0,0.0,40000.0,2024-12-18 17:00:00,2024-12-18 17:00:00,2024-12-18 17:00:00,14f-0002-LL-284-4,321428.0,8794.0,0.0,0,0,0,0,0,0.0,,0.0,0,0,0.0,20000.0,0.0,0.0,20000.0,0,0.0,0.0,0.0,0.0,1.0,0.0,,,,2e7cb5ec-613d-4e13-804c-67dec06f6e02
,,33.70491325562118,-84.47648912876681,Stage 5,DPA,Homeowner,1,1,2528,IA,,,,,"AH_DPA,Other",2023CY,Permanent,246258.0,206258.0,0.0,40000.0,2024-12-20 17:00:00,2024-12-20 17:00:00,2024-12-20 17:00:00,14 01990003007,202500.0,3758.0,0.0,0,0,0,0,0,0.0,,0.0,0,0,0.0,20000.0,0.0,0.0,20000.0,0,0.0,0.0,0.0,1.0,0.0,0.0,,,,a31b81e7-ae27-411b-8412-4352d9cefba7
,,33.677155661246346,-84.51328853355406,Stage 5,DPA,Homeowner,1,1,2529,IA,AH,,,,"AH_DPA,Other",2023CY,Permanent,277997.0,237997.0,0.0,40000.0,2024-12-20 17:00:00,2024-12-20 17:00:00,2024-12-20 17:00:00,14F00040005117,220000.0,17997.0,0.0,0,0,0,0,0,0.0,,0.0,0,0,0.0,20000.0,0.0,0.0,20000.0,0,0.0,0.0,1.0,0.0,0.0,0.0,,,,fe3cfdde-5c16-48c7-85c9-3c8f50f909d2
,,33.793201100000005,-84.3868322,Stage 5,"DPA,New_Construction",Homeowner,1,1,2530,IA,,,,,Other,2023CY,Permanent,399955.0,379955.0,0.0,20000.0,2024-12-20 17:00:00,2024-12-20 17:00:00,2024-12-20 17:00:00,14-0062-LL-032-0,375498.0,4457.0,0.0,0,0,0,0,0,0.0,,0.0,0,0,0.0,0.0,0.0,0.0,20000.0,0,0.0,0.0,0.0,0.0,1.0,0.0,,,,a9733315-7cc2-40fb-80c8-936ad549e192
,,33.816657980818604,-84.42390098442503,Stage 5,DPA,Homeowner,1,1,2531,IA,AH,,,,"AH_DPA,Other",2023CY,Permanent,234144.0,194144.0,0.0,40000.0,,2024-12-23 17:00:00,2024-12-23 17:00:00,17 018500040874,189000.0,5144.0,0.0,0,0,0,0,0,0.0,,0.0,0,0,0.0,20000.0,0.0,0.0,20000.0,0,0.0,0.0,0.0,0.0,1.0,0.0,,,,308fc9dc-1ee1-4689-8edd-d5a1abada297
,,33.70692964815857,-84.41666589324207,Stage 5,DPA,Homeowner,1,1,2532,IA,,,,,Other,2023CY,Permanent,,253800.0,0.0,,2024-12-23 17:00:00,2024-12-23 17:00:00,2024-12-23 17:00:00,14 01040003075,250305.0,3495.0,0.0,0,0,0,0,0,0.0,,0.0,0,0,0.0,,0.0,0.0,20000.0,0,0.0,0.0,0.0,0.0,1.0,0.0,,,,e7f204d5-36d0-488f-8ead-e21f5da7d16b
,,33.724251261749295,-84.42367082662369,Stage 5,"DPA,New_Construction",Homeowner,1,1,2533,IA,AH,,,,"AH_DPA,Other",2023CY,Permanent,242724.0,202724.0,0.0,40000.0,2024-12-23 17:00:00,2024-12-23 17:00:00,2024-12-23 17:00:00,14 011900051473,196250.0,6474.0,0.0,0,0,0,0,0,0.0,,0.0,0,0,0.0,20000.0,0.0,0.0,20000.0,0,0.0,0.0,0.0,0.0,1.0,0.0,,,,05393276-2dab-435c-8a95-5a64670130a0
,,33.74927799999999,-84.319562,Stage 5,"DPA,New_Construction",Homeowner,1,1,2534,IA,AH,,,,"AH_DPA,Other",2023CY,Permanent,362216.0,322216.0,0.0,40000.0,2024-12-27 17:00:00,2024-12-27 17:00:00,2024-12-27 17:00:00,14 00350004073,320716.0,1500.0,0.0,0,0,0,0,0,0.0,,0.0,0,0,0.0,20000.0,0.0,0.0,20000.0,0,0.0,0.0,0.0,1.0,0.0,0.0,,,,7edf3b25-d9b8-4853-8a8e-6a7bac70bbde
,,33.763627816812885,-84.50075289444102,Stage 5,DPA,Homeowner,1,1,2535,IA,AH,,,,"AH_DPA,Other",2023CY,Permanent,330164.0,290164.0,0.0,40000.0,2024-12-27 17:00:00,2024-12-27 17:00:00,2024-12-27 17:00:00,14 02430001082,285501.0,4663.0,0.0,0,0,0,0,0,0.0,,0.0,0,0,0.0,20000.0,0.0,0.0,20000.0,0,0.0,0.0,0.0,0.0,1.0,0.0,,,,2d9f9f63-0cf6-404e-8911-ba706bf974fc
,,33.70205846321864,-84.52153381170777,Stage 5,DPA,Homeowner,1,1,2536,IA,,,,,Other,2023CY ,Permanent,346560.0,326560.0,0.0,20000.0,2024-12-30 17:00:00,2024-12-30 17:00:00,2024-12-30 17:00:00,14F0031 LL064,315000.0,3560.0,8000.0,0,0,0,0,0,0.0,,0.0,0,0,0.0,0.0,0.0,0.0,20000.0,0,0.0,0.0,0.0,0.0,1.0,0.0,,,,78c63f18-bac1-48c0-8da9-779facc95837
,,33.7652707536543,-84.37677180598341,Stage 5,DPA,Homeowner,1,1,2537,IA,AH,,,,"AH_DPA,Other",2023CY,Permanent,321194.0,276194.0,0.0,45000.0,2024-12-31 17:00:00,2024-12-31 17:00:00,2024-12-31 17:00:00,1400470011852,274470.0,1724.0,0.0,0,0,0,0,0,0.0,,0.0,0,0,0.0,25000.0,0.0,0.0,20000.0,0,0.0,0.0,0.0,0.0,1.0,0.0,,,,d52c1457-8f2f-4286-8641-c0b8aaf07447
,,33.725260325579555,-84.40142901819266,Stage 5,DPA,Homeowner,1,1,2538,IA,AH,,,,"AH_DPA,Other",2023CY,Permanent,349684.0,304684.0,0.0,45000.0,2024-12-31 17:00:00,2024-12-31 17:00:00,2024-12-31 17:00:00,14008700090263,301434.0,3250.0,0.0,0,0,0,0,0,0.0,,0.0,0,0,0.0,25000.0,0.0,0.0,20000.0,0,0.0,0.0,0.0,0.0,1.0,0.0,,,,2bb3a6b1-b417-4ee4-87ce-3e904ec2005a
The 345,"345 Chappell Rd NW, Atlanta, GA 30318",33.76416595290993,-84.4322445256064,Stage 5,Rehab_HomeFlex,Renter,31,31,2539,Other,Other,,,City of Refuge,Other,,,0.0,0.0,0.0,0.0,,2022-02-17 17:00:00,2023-05-01 17:00:00,,0.0,0.0,0.0,0,0,0,0,0,0.0,,0.0,0,0,0.0,0.0,0.0,0.0,0.0,0,31.0,0.0,0.0,0.0,0.0,0.0,IZ,,Yes,bd043033-4f78-4d07-8e60-bb1832a50a07
The Upton,"430 Englewood Ave SE, Atlanta, GA 30315",33.722576931811474,-84.3742271222351,Stage 5,New_Construction,Renter,396,40,2540,COA,,,,,Other,,,0.0,0.0,0.0,0.0,,2023-01-23 17:00:00,2024-12-16 17:00:00,,0.0,0.0,0.0,0,0,0,0,0,0.0,,0.0,0,0,0.0,0.0,0.0,0.0,0.0,0,0.0,0.0,40.0,0.0,0.0,356.0,IZ,,Yes,bcd04406-f250-4068-8ca4-762494e3c674
,,33.70701480829481,-84.45194331205076,Stage 5,DPA,Homeowner,1,1,2541,IA,,,,,HOB,,Permanent,311209.0,291209.0,0.0,20000.0,2025-01-03 17:00:00,2025-01-03 17:00:00,2025-01-03 17:00:00,14-0168-0006-042-5,285000.0,6209.0,0.0,0,0,0,0,0,0.0,,0.0,0,20000,0.0,0.0,0.0,0.0,0.0,0,0.0,0.0,0.0,0.0,1.0,0.0,,,Yes,5ebafb45-b830-48dc-853e-13e740a559db
,,33.66276999999999,-84.39238499999999,Stage 5,"DPA,New_Construction",Homeowner,1,1,2542,IA,AH,,,,"AH_DPA,HOB",,Permanent,384324.0,344324.0,0.0,40000.0,2025-01-03 17:00:00,2025-01-03 17:00:00,2025-01-03 17:00:00,14-0062-LL-032-0,336690.0,7634.0,0.0,0,0,0,0,0,0.0,,0.0,0,20000,0.0,20000.0,0.0,0.0,0.0,0,0.0,0.0,0.0,0.0,1.0,0.0,,,Yes,3461a865-18f8-4b5c-80aa-2338ba8b1830
,,33.70099495287417,-84.53982152555118,Stage 5,DPA,Homeowner,1,1,2543,IA,,,,,HOB,,Permanent,271966.0,251966.0,0.0,20000.0,2025-01-08 17:00:00,2025-01-08 17:00:00,2025-01-08 17:00:00,14F0064 LL121,247516.0,4450.0,0.0,0,0,0,0,0,0.0,,0.0,0,20000,0.0,0.0,0.0,0.0,0.0,0,0.0,0.0,0.0,0.0,1.0,0.0,,,Yes,4bf1c818-8eef-43eb-8d28-11d0a896f816
,,33.72449395290335,-84.42341552559758,Stage 5,DPA,Homeowner,1,1,2544,IA,,,,,HOB,,Permanent,247539.0,227539.0,0.0,20000.0,2025-01-09 17:00:00,2025-01-09 17:00:00,2025-01-09 17:00:00,14 01190005103,222500.0,5039.0,0.0,0,0,0,0,0,0.0,,0.0,0,20000,0.0,0.0,0.0,0.0,0.0,0,0.0,0.0,0.0,0.0,1.0,0.0,,,Yes,0b4f3169-1c99-4680-8c56-8f371b1d8317
,,33.761967697069956,-84.41281591747554,Stage 5,DPA,Homeowner,1,1,2545,IA,Other,,,ATLANTA POLICE FOUNDATION,"Housing_Trust_Fund,Other",ATLANTA POLICE FOUNDATION,Permanent,428220.0,348220.0,0.0,80000.0,2025-01-13 17:00:00,2025-01-13 17:00:00,2025-01-13 17:00:00,14011000021178,345950.0,2270.0,0.0,0,0,0,0,0,0.0,,0.0,0,0,20000.0,0.0,0.0,0.0,60000.0,0,0.0,0.0,0.0,0.0,1.0,0.0,,,Yes,9c3eb93a-070c-4d37-8e3d-384ad1e602d1
,,33.697734113641886,-84.50248090759966,Stage 5,DPA,Homeowner,1,1,2546,IA,,,,,HOB,,Permanent,216966.0,196966.0,0.0,20000.0,2025-01-17 17:00:00,2025-01-17 17:00:00,2025-01-17 17:00:00,14025100070232,192650.0,4316.0,0.0,0,0,0,0,0,0.0,,0.0,0,20000,0.0,0.0,0.0,0.0,0.0,0,0.0,1.0,0.0,0.0,0.0,0.0,,,Yes,8b6a5fff-cc82-4e02-889a-f19eecc33551
,,33.72547917707146,-84.4051791654924,Stage 5,DPA,Homeowner,1,1,2547,IA,AH,,,,"AH_DPA,HOB",,Permanent,392056.0,352056.0,0.0,40000.0,2025-01-17 17:00:00,2025-01-17 17:00:00,2025-01-17 17:00:00,14-0087-0007-033-1,347476.0,4580.0,0.0,0,0,0,0,0,0.0,,0.0,0,20000,0.0,20000.0,0.0,0.0,0.0,0,0.0,0.0,0.0,0.0,1.0,0.0,,,Yes,53a82dd4-617c-41e3-8d14-db5f78d2fb09
,,33.73029600536929,-84.44201100824495,Stage 5,DPA,Homeowner,1,1,2548,IA,AH,,,,"AH_DPA,HOB",,Permanent,267233.0,227233.0,0.0,40000.0,2025-01-21 17:00:00,2025-01-21 17:00:00,2025-01-21 17:00:00,14-0151-0002-016-2,224358.0,2875.0,0.0,0,0,0,0,0,0.0,,0.0,0,20000,0.0,20000.0,0.0,0.0,0.0,0,0.0,0.0,0.0,1.0,0.0,0.0,,,Yes,2cdc2f2f-8116-4ddd-88ef-352a498a6fe0
,,33.66276999999999,-84.39238499999999,Stage 5,"DPA,New_Construction",Homeowner,1,1,2549,IA,,,,,HOB,,Construction,378292.0,358292.0,0.0,20000.0,2025-01-29 17:00:00,2025-01-29 17:00:00,2025-01-29 17:00:00,.08425,351037.0,7255.0,0.0,0,0,0,0,0,0.0,,0.0,0,20000,0.0,0.0,0.0,0.0,0.0,0,0.0,0.0,0.0,0.0,1.0,0.0,,,Yes,ed7ce22e-ba0f-4ecf-8405-cf861df04267
,,33.747852865489136,-84.51515233354418,Stage 5,DPA,Homeowner,1,1,2550,IA,AH,,,,"AH_DPA,HOB",,Permanent,296910.0,256910.0,0.0,40000.0,2025-01-29 17:00:00,2025-01-29 17:00:00,2025-01-29 17:00:00,14F00130002016,251751.0,5159.0,0.0,0,0,0,0,0,0.0,,0.0,0,20000,0.0,20000.0,0.0,0.0,0.0,0,0.0,0.0,0.0,1.0,0.0,0.0,,,Yes,2851b5b0-9864-43e8-83c5-1f878bb860c0
,,33.863185212883714,-84.44803172929586,Stage 5,DPA,Homeowner,1,1,2551,IA,AH,,,,"AH_DPA,HOB",,Permanent,221042.0,181042.0,0.0,40000.0,2025-01-31 17:00:00,2025-01-31 17:00:00,2025-01-31 17:00:00,17-0236-ll-186-8,178000.0,3042.0,0.0,0,0,0,0,0,0.0,,0.0,0,20000,0.0,20000.0,0.0,0.0,0.0,0,0.0,0.0,0.0,0.0,1.0,0.0,,,Yes,642e61e1-9e49-4b3a-845e-e8bc8b5f5762
,,33.769059792984784,-84.45783905892532,Stage 5,DPA,Homeowner,1,1,2552,IA,AH,,,,"AH_DPA,HOB",,Permanent,267261.0,227261.0,0.0,40000.0,2025-01-31 17:00:00,2025-01-31 17:00:00,2025-01-31 17:00:00,14 01780005042,221500.0,5761.0,0.0,0,0,0,0,0,0.0,,0.0,0,20000,0.0,20000.0,0.0,0.0,0.0,0,0.0,0.0,0.0,0.0,1.0,0.0,,,Yes,0f08faf4-b646-4632-8549-4fd8be5906ba
,,33.7418999529028,-84.44375552559586,Stage 5,DPA,Homeowner,1,1,2553,AH,,,,,AH_DPA,,,25000.0,0.0,0.0,25000.0,,2024-11-15 17:00:00,2024-12-09 17:00:00,,0.0,0.0,0.0,0,0,0,0,0,0.0,,0.0,0,0,0.0,0.0,25000.0,0.0,0.0,0,0.0,0.0,0.0,1.0,0.0,0.0,,,Yes,99a5bea5-2cc3-443b-8e79-d676a0222205
,,33.76061095289033,-84.51990452557425,Stage 5,DPA,Homeowner,1,1,2554,AH,,,,,AH_DPA,,,25000.0,0.0,0.0,25000.0,,2024-10-15 16:00:00,2024-12-09 17:00:00,,0.0,0.0,0.0,0,0,0,0,0,0.0,,0.0,0,0,0.0,0.0,25000.0,0.0,0.0,0,0.0,1.0,0.0,0.0,0.0,0.0,,,Yes,1d57eb83-27ca-410e-83ba-e892b5ccc5c3
,,33.79438365986308,-84.4519508557636,Stage 5,DPA,Homeowner,1,1,2555,AH,,,,,AH_DPA,,,20000.0,0.0,0.0,20000.0,,2024-12-05 17:00:00,2024-12-12 17:00:00,,0.0,0.0,0.0,0,0,0,0,0,0.0,,0.0,0,0,0.0,0.0,20000.0,0.0,0.0,0,0.0,0.0,0.0,1.0,0.0,0.0,,,Yes,89398a50-5028-43be-89e5-c6c19a9b36e6
,,33.67295095290144,-84.3801660255968,Stage 5,DPA,Homeowner,1,1,2556,AH,,,,,AH_DPA,,,25000.0,0.0,0.0,25000.0,,2024-12-12 17:00:00,2025-01-02 17:00:00,,0.0,0.0,0.0,0,0,0,0,0,0.0,,0.0,0,0,0.0,25000.0,0.0,0.0,0.0,0,0.0,1.0,0.0,0.0,0.0,0.0,,,Yes,91c122db-4604-4612-89c0-355c4bf49ae8
,,33.77200495290714,-84.45352502560154,Stage 5,DPA,Homeowner,1,1,2557,AH,,,,,AH_DPA,,,20000.0,0.0,0.0,20000.0,,2024-12-10 17:00:00,2025-01-06 17:00:00,,0.0,0.0,0.0,0,0,0,0,0,0.0,,0.0,0,0,0.0,20000.0,0.0,0.0,0.0,0,0.0,0.0,0.0,1.0,0.0,0.0,,,Yes,85b8fe6b-9f95-4655-875c-843a8e8ee82c
,,33.75744054734589,-84.46673611386993,Stage 5,DPA,Homeowner,1,1,2558,AH,,,,,AH_DPA,,,25000.0,0.0,0.0,25000.0,,2024-11-25 17:00:00,2025-01-06 17:00:00,,0.0,0.0,0.0,0,0,0,0,0,0.0,,0.0,0,0,0.0,25000.0,0.0,0.0,0.0,0,0.0,1.0,0.0,0.0,0.0,0.0,,,Yes,8247711a-c71a-4f91-83aa-792d94f17500
,,33.698681952903485,-84.39651002559894,Stage 5,DPA,Homeowner,1,1,2559,AH,,,,,AH_DPA,,,20000.0,0.0,0.0,20000.0,,2024-11-25 17:00:00,2025-01-07 17:00:00,,0.0,0.0,0.0,0,0,0,0,0,0.0,,0.0,0,0,0.0,20000.0,0.0,0.0,0.0,0,0.0,0.0,1.0,0.0,0.0,0.0,,,Yes,58696fa5-ca2e-46a4-8474-7a6c335922ba
,,33.8019659529118,-84.46171052560774,Stage 5,DPA,Homeowner,1,1,2560,AH,,,,,AH_DPA,,,25000.0,0.0,0.0,25000.0,,2024-12-18 17:00:00,2025-01-07 17:00:00,,0.0,0.0,0.0,0,0,0,0,0,0.0,,0.0,0,0,0.0,25000.0,0.0,0.0,0.0,0,0.0,0.0,0.0,1.0,0.0,0.0,,,Yes,0a39b7ce-2650-4237-82ef-d5fdd8387a59
,,33.68636095290916,-84.35681102560866,Stage 5,DPA,Homeowner,1,1,2561,AH,,,,,AH_DPA,,,25000.0,0.0,0.0,25000.0,,2024-12-20 17:00:00,2025-01-13 17:00:00,,0.0,0.0,0.0,0,0,0,0,0,0.0,,0.0,0,0,0.0,25000.0,0.0,0.0,0.0,0,0.0,1.0,0.0,0.0,0.0,0.0,,,Yes,0c4b48d1-7404-42d4-804d-caf0ee38c534
,,33.76285195290926,-84.43417052560535,Stage 5,DPA,Homeowner,1,1,2562,AH,,,,,AH_DPA,,,20000.0,0.0,0.0,20000.0,,2024-12-27 17:00:00,2025-01-16 17:00:00,,0.0,0.0,0.0,0,0,0,0,0,0.0,,0.0,0,0,0.0,20000.0,0.0,0.0,0.0,0,0.0,1.0,0.0,0.0,0.0,0.0,,,Yes,8bb85011-b7a0-440a-8443-4990ea4ad553
,,33.821344093336414,-84.42580443081717,Stage 5,DPA,Homeowner,1,1,2563,IA,AH,,,,"AH_DPA,HOB",,Permanent,210494.0,170494.0,0.0,40000.0,2025-02-04 17:00:00,2025-02-04 17:00:00,2025-02-04 17:00:00,17 018400060758,162291.0,8203.0,0.0,0,0,0,0,0,0.0,,0.0,0,20000,0.0,20000.0,0.0,0.0,0.0,0,0.0,0.0,0.0,1.0,0.0,0.0,,,Yes,b5d6f31b-1467-4c5a-8a67-2b779993fd2f
,,33.7040865904205,-84.50044645206093,Stage 5,DPA,Homeowner,1,1,2564,IA,AH,,,,"AH_DPA,HOB",,Permanent,220001.0,180001.0,0.0,40000.0,2025-02-04 17:00:00,2025-02-04 17:00:00,2025-02-04 17:00:00,1402500005011,175010.0,4991.0,0.0,0,0,0,0,0,0.0,,0.0,0,20000,0.0,20000.0,0.0,0.0,0.0,0,0.0,0.0,0.0,0.0,1.0,0.0,,,Yes,1e69cfed-fac3-46d2-817d-84eb1947ece5
,,33.66482395290064,-84.37578302559587,Stage 5,DPA,Homeowner,1,1,2565,IA,AH,,,,"AH_DPA,HOB",,Permanent,211473.0,171473.0,0.0,40000.0,2025-02-04 17:00:00,2025-02-04 17:00:00,2025-02-04 17:00:00,14 00340002020,166870.0,4603.0,0.0,0,0,0,0,0,0.0,,0.0,0,20000,0.0,20000.0,0.0,0.0,0.0,0,0.0,0.0,1.0,0.0,0.0,0.0,,,Yes,14080a8e-f477-449c-85e0-cc68caa69f3a
,,33.66276999999999,-84.39238499999999,Stage 5,"DPA,New_Construction",Homeowner,1,1,2566,IA,,,,,HOB,,Permanent,393183.0,373183.0,0.0,20000.0,2025-02-07 17:00:00,2025-02-07 17:00:00,2025-02-07 17:00:00,NOT ASSIGNED YET,361334.0,11849.0,0.0,0,0,0,0,0,0.0,,0.0,0,20000,0.0,0.0,0.0,0.0,0.0,0,0.0,0.0,0.0,0.0,1.0,0.0,,,Yes,ba768786-ef97-4c7f-8da3-4eb08f0e50da
,,33.67199437863751,-84.39365371335002,Stage 5,DPA,Homeowner,1,1,2567,IA,,,,,HOB,,Permanent,320162.0,300162.0,0.0,20000.0,2025-02-10 17:00:00,2025-02-10 17:00:00,2025-02-10 17:00:00,14006700050253,289656.0,10506.0,0.0,0,0,0,0,0,0.0,,0.0,0,20000,0.0,0.0,0.0,0.0,0.0,0,0.0,0.0,0.0,0.0,1.0,0.0,,,Yes,b39b6127-c2cc-4191-8ffa-c89d77d1cd15
,,33.66276999999999,-84.39238499999999,Stage 5,"DPA,New_Construction",Homeowner,1,1,2568,IA,,,,,HOB,,Permanent,362241.0,342241.0,0.0,20000.0,2025-02-13 17:00:00,2025-02-13 17:00:00,2025-02-13 17:00:00,14 003500040733,340223.0,2018.0,0.0,0,0,0,0,0,0.0,,0.0,0,20000,0.0,0.0,0.0,0.0,0.0,0,0.0,0.0,0.0,0.0,1.0,0.0,,,Yes,92c46368-abfb-45de-8ef7-776f0afa6e5f
,,33.750321042607695,-84.52376934910369,Stage 5,DPA,Homeowner,1,1,2569,IA,AH,,,,"AH_DPA,Housing_Trust_Fund",,Permanent,251880.0,211880.0,0.0,40000.0,2025-02-18 17:00:00,2025-02-18 17:00:00,2025-02-18 17:00:00,14F-0025-0005-028-2,209000.0,2880.0,0.0,0,0,0,0,0,0.0,,0.0,0,0,20000.0,20000.0,0.0,0.0,0.0,0,0.0,0.0,0.0,0.0,1.0,0.0,,,Yes,4bd85d95-16d2-451b-8f03-adc472b3d3b6
,,33.810070852660594,-84.42409636658807,Stage 5,DPA,Homeowner,1,1,2570,IA,AH,,,,"AH_DPA,HOB",,Permanent,241625.0,201625.0,0.0,40000.0,2025-02-19 17:00:00,2025-02-19 17:00:00,2025-02-19 17:00:00,17 01860001214,199125.0,2500.0,0.0,0,0,0,0,0,0.0,,0.0,0,20000,0.0,20000.0,0.0,0.0,0.0,0,0.0,0.0,0.0,1.0,0.0,0.0,,,Yes,17fd7f5b-79e4-4a20-8c2e-4b84434e972d
,,33.7566611560791,-84.4764349816723,Stage 5,DPA,Homeowner,1,1,2571,IA,,,,,HOB,,Permanent,248569.0,228569.0,0.0,20000.0,2025-02-19 17:00:00,2025-02-19 17:00:00,2025-02-19 17:00:00,14 021100030342,226540.0,2029.0,0.0,0,0,0,0,0,0.0,,0.0,0,20000,0.0,0.0,0.0,0.0,0.0,0,0.0,0.0,0.0,0.0,1.0,0.0,,,Yes,e37cd847-81a6-4577-84d7-5bccc259438e
,,33.75376005366152,-84.51682376885638,Stage 5,DPA,Homeowner,1,1,2572,IA,AH,,,,"AH_DPA,HOB",,,224693.0,179693.0,0.0,45000.0,2025-02-20 17:00:00,2025-02-20 17:00:00,2025-02-20 17:00:00,14F002500020194,176000.0,3693.0,0.0,0,0,20000,0,0,0.0,,0.0,0,0,0.0,25000.0,0.0,0.0,0.0,0,0.0,0.0,0.0,0.0,1.0,0.0,,,Yes,13ad3ac4-7abf-4483-8d53-7a883a300adb
,,33.6627539171198,-84.51155607798675,Stage 5,DPA,Homeowner,1,1,2573,IA,AH,,,,"AH_DPA,HOB",,Permanent,386423.0,341423.0,0.0,45000.0,2025-02-21 17:00:00,2025-02-21 17:00:00,2025-02-21 17:00:00,14F-0002-LL-077-2,334554.0,6869.0,0.0,0,0,0,0,0,0.0,,0.0,0,20000,0.0,25000.0,0.0,0.0,0.0,0,0.0,0.0,0.0,0.0,1.0,0.0,,,Yes,a7564516-3a52-434d-8ef2-e8c74340b90f
,,33.70101768230136,-84.46850972458184,Stage 5,DPA,Homeowner,1,1,2574,IA,"AH,Other",,,ANDP,"AH_DPA,HOB,Other",ANDP,Permanent,296064.0,226064.0,0.0,70000.0,2025-02-24 17:00:00,2025-02-24 17:00:00,2025-02-24 17:00:00,14-0199-0004-030-5,224400.0,1664.0,0.0,0,0,0,0,0,0.0,,0.0,0,20000,0.0,20000.0,0.0,0.0,30000.0,0,0.0,0.0,0.0,1.0,0.0,0.0,,,Yes,131571bb-95f9-4ea1-80ee-5fccecd20033
,,33.75496633525704,-84.51992054680358,Stage 5,DPA,Homeowner,1,1,2575,IA,AH,,,,"AH_DPA,HOB",,Permanent,263383.0,223383.0,0.0,40000.0,2025-02-24 17:00:00,2025-02-24 17:00:00,2025-02-24 17:00:00,14F-0024-0002-083-1,216727.0,6656.0,0.0,0,0,0,0,0,0.0,,0.0,0,20000,0.0,20000.0,0.0,0.0,0.0,0,0.0,0.0,0.0,0.0,1.0,0.0,,,Yes,6e1bc56e-af57-4811-8999-8f91b9a68a3e
,,33.69553268090175,-84.4861803816034,Stage 5,DPA,Homeowner,1,1,2576,IA,AH,,,,"AH_DPA,HOB",,Permanent,232246.0,192246.0,0.0,40000.0,2025-02-24 17:00:00,2025-02-24 17:00:00,2025-02-24 17:00:00,14-0219-0006-002-8,189000.0,3246.0,0.0,0,0,0,0,0,0.0,,0.0,0,20000,0.0,20000.0,0.0,0.0,0.0,0,0.0,0.0,0.0,0.0,1.0,0.0,,,Yes,22028e5a-957d-413d-8074-05eed867c01a
,,33.66276999999999,-84.39238499999999,Stage 5,"DPA,New_Construction",Homeowner,1,1,2577,IA,AH,,,,"AH_DPA,HOB",,Permanent,720323.0,680323.0,0.0,40000.0,2025-02-25 17:00:00,2025-02-25 17:00:00,2025-02-25 17:00:00,NOT ASSIGNED YET,676719.0,3604.0,0.0,0,0,0,0,0,0.0,,0.0,0,20000,0.0,20000.0,0.0,0.0,0.0,0,0.0,0.0,0.0,0.0,1.0,0.0,,,Yes,982652b1-46ec-4788-870a-7b739cd2f97a
,,33.81489870316111,-84.47834404393953,Stage 5,DPA,Homeowner,1,1,2578,IA,AH,,,,"AH_DPA,HOB",,Permanent,420998.0,380998.0,0.0,40000.0,2025-02-27 17:00:00,2025-02-27 17:00:00,2025-02-27 17:00:00,17-0255-LL-044-5,375000.0,5998.0,0.0,0,0,0,0,0,0.0,,0.0,0,20000,0.0,20000.0,0.0,0.0,0.0,0,0.0,0.0,0.0,0.0,1.0,0.0,,,Yes,e7b313bd-0356-41b9-8e8e-ba34e02f1c3b
,,33.724251261749295,-84.42367082662369,Stage 5,"DPA,New_Construction",Homeowner,1,1,2579,IA,AH,,,,"AH_DPA,HOB",,Permanent,148150.0,108150.0,0.0,40000.0,2025-02-28 17:00:00,2025-02-28 17:00:00,2025-02-28 17:00:00,14 01190005103,106000.0,2150.0,0.0,0,0,0,0,0,0.0,,0.0,0,20000,0.0,20000.0,0.0,0.0,0.0,0,0.0,0.0,0.0,1.0,0.0,0.0,,,Yes,247f3f08-b95e-48cf-8472-cb1220fa3f1b
,,33.724251261749295,-84.42367082662369,Stage 5,"DPA,New_Construction",Homeowner,1,1,2580,IA,AH,,,,"AH_DPA,HOB",,Permanent,150041.0,110041.0,0.0,40000.0,2025-02-28 17:00:00,2025-02-28 17:00:00,2025-02-28 17:00:00,14 01190005103,108500.0,1541.0,0.0,0,0,0,0,0,0.0,,0.0,0,20000,0.0,20000.0,0.0,0.0,0.0,0,0.0,1.0,0.0,0.0,0.0,0.0,,,Yes,12b535eb-637c-4127-893c-c8517580b69f
,,33.74065795292109,-84.35466902562555,Stage 5,Rehab_HomeFlex,Homeowner,1,1,2581,IA,,,,,HOB,,Permanent,30000.0,0.0,0.0,30000.0,2024-11-07 17:00:00,2024-11-07 17:00:00,2025-01-03 17:00:00,14 00120007031,0.0,0.0,0.0,0,0,0,0,0,0.0,,0.0,0,30000,0.0,0.0,0.0,0.0,0.0,0,0.0,1.0,0.0,0.0,0.0,0.0,,,Yes,a023491d-0982-466b-82e8-935682437512
,,33.73256071178828,-84.38128076697758,Stage 5,Rehab_HomeFlex,Homeowner,1,1,2582,IA,,,,,HOB,,Permanent,30000.0,0.0,0.0,30000.0,2024-10-25 16:00:00,2024-10-25 16:00:00,2025-01-06 17:00:00,14 00540008174,0.0,0.0,0.0,0,0,0,0,0,0.0,,0.0,0,30000,0.0,0.0,0.0,0.0,0.0,0,1.0,0.0,0.0,0.0,0.0,0.0,,,Yes,04fce96a-88e2-4071-834a-b77e63d88db0
,,33.736029688145976,-84.33693555385663,Stage 5,Rehab_HomeFlex,Homeowner,1,1,2583,IA,,,,,HOB,,Permanent,30000.0,0.0,0.0,30000.0,2024-12-03 17:00:00,2024-12-03 17:00:00,2025-01-08 17:00:00,15 175 03 009,0.0,0.0,0.0,0,0,0,0,0,0.0,,0.0,0,30000,0.0,0.0,0.0,0.0,0.0,0,1.0,0.0,0.0,0.0,0.0,0.0,,,Yes,101c5a5c-259a-4af7-8d11-25d187e0fcfe
,,33.707193971475206,-84.5105546920144,Stage 5,Rehab_HomeFlex,Homeowner,1,1,2584,IA,,,,,HOB,,Permanent,29700.0,0.0,0.0,29700.0,2024-10-23 16:00:00,2024-10-23 16:00:00,2025-01-08 17:00:00,14F00080003020,0.0,0.0,0.0,0,0,0,0,0,0.0,,0.0,0,29700,0.0,0.0,0.0,0.0,0.0,0,0.0,0.0,1.0,0.0,0.0,0.0,,,Yes,a9837c42-bc7a-452f-81cd-eb5fde086129
,,33.78492686142442,-84.45601892865078,Stage 5,Rehab_HomeFlex,Homeowner,1,1,2585,IA,,,,,HOB,,Permanent,29931.0,0.0,0.0,29931.0,2024-11-01 16:00:00,2024-11-01 16:00:00,2025-01-09 17:00:00,17 02260004029,0.0,0.0,0.0,0,0,0,0,0,0.0,,0.0,0,29931,0.0,0.0,0.0,0.0,0.0,0,1.0,0.0,0.0,0.0,0.0,0.0,,,Yes,f8c239e3-52c2-4e69-820a-917025496ecb
,,33.716121620366394,-84.38803515601347,Stage 5,Rehab_HomeFlex,Homeowner,1,1,2586,IA,,,,,HOB,,Permanent,30000.0,0.0,0.0,30000.0,2024-10-25 16:00:00,2024-10-25 16:00:00,2025-01-14 17:00:00,14 00560009001,0.0,0.0,0.0,0,0,0,0,0,0.0,,0.0,0,30000,0.0,0.0,0.0,0.0,0.0,0,0.0,1.0,0.0,0.0,0.0,0.0,,,Yes,df09af99-d121-4c5a-80d5-1c1dd1eeca00
,,33.75723963312676,-84.50821806886617,Stage 5,Rehab_HomeFlex,Homeowner,1,1,2587,IA,,,,,HOB,,Permanent,30000.0,0.0,0.0,30000.0,2024-12-05 17:00:00,2024-12-05 17:00:00,2025-01-16 17:00:00,14F00140008014,0.0,0.0,0.0,0,0,0,0,0,0.0,,0.0,0,30000,0.0,0.0,0.0,0.0,0.0,0,1.0,0.0,0.0,0.0,0.0,0.0,,,Yes,0c592c1c-40d8-466d-8ac4-efcc2fc37f8b
,,33.69120402433498,-84.38787321764411,Stage 5,Rehab_HomeFlex,Homeowner,1,1,2588,IA,,,,,HOB,,Permanent,29810.0,0.0,0.0,29810.0,2024-12-06 17:00:00,2024-12-06 17:00:00,2025-02-03 17:00:00,14 00590003076,0.0,0.0,0.0,0,0,0,0,0,0.0,,0.0,0,29810,0.0,0.0,0.0,0.0,0.0,0,0.0,1.0,0.0,0.0,0.0,0.0,,,Yes,7c4f861c-421d-496d-89dd-5c6fbee85dea
,,33.68931009140299,-84.53233129555933,Stage 5,Rehab_HomeFlex,Homeowner,1,1,2589,IA,,,,,HOB,,Permanent,29810.0,0.0,0.0,29810.0,2024-11-05 17:00:00,2024-11-05 17:00:00,2025-02-12 17:00:00,14F00420001065,0.0,0.0,0.0,0,0,0,0,0,0.0,,0.0,0,29810,0.0,0.0,0.0,0.0,0.0,0,0.0,1.0,0.0,0.0,0.0,0.0,,,Yes,3fda9f75-b3e1-4ef4-8dad-dd03ff445082
,,33.691659790320166,-84.39512549172859,Stage 5,Rehab_HomeFlex,Homeowner,1,1,2590,IA,,,,,HOB,,Permanent,30000.0,0.0,0.0,30000.0,2024-10-23 16:00:00,2024-10-23 16:00:00,2025-02-12 17:00:00,14 00700008066,0.0,0.0,0.0,0,0,0,0,0,0.0,,0.0,0,30000,0.0,0.0,0.0,0.0,0.0,0,0.0,1.0,0.0,0.0,0.0,0.0,,,Yes,e0b820ac-44e7-48ee-8b87-46df119e993d
,,33.67573195287016,-84.53361152554577,Stage 5,Rehab_HomeFlex,Homeowner,1,1,2591,IA,,,,,HOB,,,29676.0,0.0,0.0,29676.0,2024-10-23 16:00:00,2024-10-23 16:00:00,2025-02-12 17:00:00,14F00410002012,0.0,0.0,0.0,0,0,0,0,0,0.0,,0.0,0,29676,0.0,0.0,0.0,0.0,0.0,0,0.0,0.0,1.0,0.0,0.0,0.0,,,Yes,3a42a868-229e-4787-8be3-be065716aadc
,,33.71881376193781,-84.48419913858372,Stage 5,Rehab_HomeFlex,Homeowner,1,1,2592,IA,,,,,HOB,,Permanent,29999.0,0.0,0.0,29999.0,2024-03-25 16:00:00,2024-03-25 16:00:00,2025-01-08 17:00:00,14 02160002017,0.0,0.0,0.0,0,0,0,0,0,0.0,,0.0,0,29999,0.0,0.0,0.0,0.0,0.0,0,0.0,1.0,0.0,0.0,0.0,0.0,,,Yes,02b54267-b29f-4017-8261-c46408a8e270
,,33.74141263018428,-84.43654064295653,Stage 5,DPA,Homeowner,1,1,2593,IA,AH,,,,"AH_DPA,HOB",,Permanent,302979.0,262979.0,0.0,40000.0,2025-03-05 17:00:00,2025-03-05 17:00:00,2025-03-05 17:00:00,14-0140-0007-032-8,255900.0,7079.0,0.0,0,0,0,0,0,0.0,,0.0,0,20000,0.0,20000.0,0.0,0.0,0.0,0,0.0,0.0,0.0,0.0,1.0,0.0,,,Yes,cbd3eac8-f57b-4e1b-88e0-4d4cee4bb907
,,33.7560276099276,-84.51021597930708,Stage 5,DPA,Homeowner,1,1,2594,IA,AH,,,,"AH_DPA,HOB",,Permanent,194989.0,154989.0,0.0,40000.0,2025-03-05 17:00:00,2025-03-05 17:00:00,2025-03-05 17:00:00,14F00140007010,152625.0,2364.0,0.0,0,0,0,0,0,0.0,,0.0,0,20000,0.0,20000.0,0.0,0.0,0.0,0,0.0,0.0,0.0,1.0,0.0,0.0,,,Yes,c4680fdb-b855-4ba9-8260-60bc1cb4630d
,,33.774791086919045,-84.4537771886465,Stage 5,DPA,Homeowner,1,1,2595,IA,"AH,Other",,,WESTSIDE FUTURE FUNDS,"AH_DPA,HOB,Other",WESTSIDE FUTURE FUNDS,Permanent,348667.0,263667.0,0.0,85000.0,2025-03-07 17:00:00,2025-03-07 17:00:00,2025-03-07 17:00:00,14 01760013024,258900.0,4767.0,0.0,0,0,0,0,0,0.0,,0.0,0,20000,0.0,20000.0,0.0,0.0,45000.0,0,0.0,0.0,0.0,0.0,1.0,0.0,,,Yes,9f198859-4de2-4cc2-8ee2-2458de35b8da
,,33.76771365933479,-84.41239958834481,Stage 5,"DPA,New_Construction",Homeowner,1,1,2596,IA,"AH,Other",,,WESTSIDE FUTURE FUNDS,"AH_DPA,HOB,Other",WESTSIDE FUTURE FUNDS,Permanent,392034.0,307034.0,0.0,85000.0,2025-03-14 16:00:00,2025-03-14 16:00:00,2025-03-14 16:00:00,14 01110005048,267093.0,39941.0,0.0,0,0,0,0,0,0.0,,0.0,0,20000,0.0,20000.0,0.0,0.0,45000.0,0,0.0,0.0,0.0,1.0,0.0,0.0,,,Yes,27f21427-e78c-4064-8d6e-c65a70b010f4
,,33.66402138660849,-84.51359455683902,Stage 5,DPA,Homeowner,1,1,2597,IA,,,,,HOB,,Permanent,389148.0,369148.0,0.0,20000.0,2025-03-14 16:00:00,2025-03-14 16:00:00,2025-03-14 16:00:00,14F-0002-LL-102-8,364500.0,4648.0,0.0,0,0,0,0,0,0.0,,0.0,0,20000,0.0,0.0,0.0,0.0,0.0,0,0.0,0.0,0.0,1.0,0.0,0.0,,,Yes,ca470624-56c5-4b85-8681-f954a868a990
,,33.786450146598,-84.46790237187776,Stage 5,DPA,Homeowner,1,1,2598,IA,AH,,,,"AH_DPA,HOB",,Permanent,264892.0,224892.0,0.0,40000.0,2025-03-14 16:00:00,2025-03-14 16:00:00,2025-03-14 16:00:00,17 0249000040498,218762.0,6130.0,0.0,0,0,0,0,0,0.0,,0.0,0,20000,0.0,20000.0,0.0,0.0,0.0,0,0.0,0.0,0.0,1.0,0.0,0.0,,,Yes,d50b3ddc-c67f-4cc1-87ca-8769fda29338
,,33.758117511755835,-84.5087585339829,Stage 5,DPA,Homeowner,1,1,2599,IA,AH,,,,"AH_DPA,HOB",,Permanent,312532.0,272532.0,0.0,40000.0,2025-03-17 16:00:00,2025-03-17 16:00:00,2025-03-17 16:00:00,14F00140008044,268620.0,3912.0,0.0,0,0,0,0,0,0.0,,0.0,0,20000,0.0,20000.0,0.0,0.0,0.0,0,0.0,0.0,0.0,0.0,1.0,0.0,,,Yes,3c317a97-0870-4c63-8780-32e7a5fcb3d4
,,33.7022663344174,-84.46939611084265,Stage 5,DPA,Homeowner,1,1,2600,IA,AH,,,,"AH_DPA,HOB",,Permanent,265600.0,225600.0,0.0,40000.0,2025-03-21 16:00:00,2025-03-21 16:00:00,2025-03-21 16:00:00,1401990004038,224100.0,1500.0,0.0,0,0,0,0,0,0.0,,0.0,0,20000,0.0,20000.0,0.0,0.0,0.0,0,0.0,0.0,0.0,0.0,1.0,0.0,,,Yes,95f051da-24e5-4c7e-8d4c-34789e86586e
,,33.67461879443126,-84.37626662867902,Stage 5,DPA,Homeowner,1,1,2601,IA,AH,,,,"AH_DPA,HOB",,Permanent,403045.0,363045.0,0.0,40000.0,2025-03-25 16:00:00,2025-03-25 16:00:00,2025-03-25 16:00:00,14 003600010826,359940.0,3105.0,0.0,0,0,0,0,0,0.0,,0.0,0,20000,0.0,20000.0,0.0,0.0,0.0,0,0.0,0.0,0.0,0.0,1.0,0.0,,,Yes,9edb763e-457e-400b-82a3-2ef28ccf42d6
,,33.779570196652564,-84.50423406646786,Stage 5,DPA,Homeowner,1,1,2602,IA,AH,,,,"AH_DPA,HOB",,Permanent,260559.0,220559.0,0.0,40000.0,2025-03-27 16:00:00,2025-03-27 16:00:00,2025-03-27 16:00:00,14-0241-0002-147-7,216727.0,3832.0,0.0,0,0,0,0,0,0.0,,0.0,0,20000,0.0,20000.0,0.0,0.0,0.0,0,0.0,0.0,0.0,0.0,1.0,0.0,,,Yes,15cb60b9-04c6-4c49-833a-f2246e569ed3
,,33.771631821883666,-84.41370439921214,Stage 5,DPA,Homeowner,1,1,2603,IA,"AH,Other",,,WESTSIDE FUTURE FUNDS,"AH_DPA,HOB,Other",WESTSIDE FUTURE FUNDS,Permanent,378524.0,273524.0,0.0,105000.0,2025-03-27 16:00:00,2025-03-27 16:00:00,2025-03-27 16:00:00,14 01120007073,271999.0,1525.0,0.0,0,0,0,0,0,0.0,,0.0,0,20000,0.0,25000.0,0.0,0.0,60000.0,0,0.0,0.0,0.0,0.0,1.0,0.0,,,Yes,498954a7-089f-42a1-86c9-f40fd2c6fd77
,,33.70899080005893,-84.41790792365461,Stage 5,DPA,Homeowner,1,1,2604,IA,"AH,Other",,,ANDP,"AH_DPA,HOB",ANDP,Permanent,,313907.0,0.0,,2025-03-27 16:00:00,2025-03-27 16:00:00,2025-03-27 16:00:00,14-0104-0003-017-7,295000.0,3907.0,15000.0,0,0,0,0,0,0.0,,0.0,0,20000,0.0,20000.0,0.0,0.0,,0,0.0,0.0,0.0,0.0,1.0,0.0,,,Yes,dffc2d53-8c78-4d5f-85ad-03cc347f6c1b
,,33.66567354354339,-84.3822300175122,Stage 5,DPA,Homeowner,1,1,2605,IA,AH,,,,"AH_DPA,HOB",,Permanent,353167.0,313167.0,0.0,40000.0,2025-03-28 16:00:00,2025-03-28 16:00:00,2025-03-28 16:00:00,14-006-LL-238-3,302700.0,10467.0,0.0,0,0,0,0,0,0.0,,0.0,0,20000,0.0,20000.0,0.0,0.0,0.0,0,0.0,0.0,0.0,0.0,1.0,0.0,,,Yes,2aae67d1-5498-428c-8636-d410a3abf702
,,33.724251261749295,-84.42367082662369,Stage 5,DPA,Homeowner,1,1,2606,IA,AH,,,,"AH_DPA,HOB",,Permanent,230411.0,185411.0,0.0,45000.0,2025-03-31 16:00:00,2025-03-31 16:00:00,2025-03-31 16:00:00,14 011900051036,175501.0,9910.0,0.0,0,0,0,0,0,0.0,,0.0,0,20000,0.0,25000.0,0.0,0.0,0.0,0,0.0,0.0,0.0,0.0,1.0,0.0,,,Yes,66b241be-4891-4530-82f2-9e99ede0cf8f
,,33.66276999999999,-84.39238499999999,Stage 5,"DPA,New_Construction",Homeowner,1,1,2607,IA,,,,,HOB,,Permanent,380639.0,360639.0,0.0,20000.0,2025-03-31 16:00:00,2025-03-31 16:00:00,2025-03-31 16:00:00,NOT ASSIGNED YET,348995.0,11644.0,0.0,0,0,0,0,0,0.0,,0.0,0,20000,0.0,0.0,0.0,0.0,0.0,0,0.0,0.0,0.0,0.0,1.0,0.0,,,Yes,54edf4e9-0eaf-4044-89ae-1d67043587c6
,,33.82831795293825,-84.3618420256494,Stage 5,DPA,Homeowner,1,1,2608,AH,,,,,AH_DPA,,,20000.0,0.0,0.0,20000.0,,2025-01-31 17:00:00,2025-02-21 17:00:00,,0.0,0.0,0.0,0,0,0,0,0,0.0,,0.0,0,0,0.0,20000.0,0.0,0.0,0.0,0,0.0,0.0,0.0,1.0,0.0,0.0,,,Yes,ae487646-3b76-4d2d-84e1-de23ca8a1b2b
,,33.68775595290986,-84.35482202560976,Stage 5,DPA,Homeowner,1,1,2609,AH,,,,,AH_DPA,,,20000.0,0.0,0.0,20000.0,,2025-02-07 17:00:00,2025-02-27 17:00:00,,0.0,0.0,0.0,0,0,0,0,0,0.0,,0.0,0,0,0.0,20000.0,0.0,0.0,0.0,0,0.0,0.0,1.0,0.0,0.0,0.0,,,Yes,a9e69091-9bd5-4ee3-8540-b8ce7963af6f
,,33.66876595289932,-84.38618702559351,Stage 5,Rehab_HomeFlex,Homeowner,1,1,2610,COA,,,,Rebuilding Together Atlanta,CDBG,,,8802.0,0.0,0.0,8802.0,,2024-09-01 16:00:00,2024-12-16 17:00:00,,0.0,0.0,0.0,0,0,0,0,0,8802.0,,0.0,0,0,0.0,0.0,0.0,0.0,0.0,0,0.0,1.0,0.0,0.0,0.0,0.0,,,Yes,9e201476-070f-4866-8589-ee5975549d8f
,,33.717176952902605,-84.41682302559619,Stage 5,Rehab_HomeFlex,Homeowner,1,1,2611,COA,,,,Rebuilding Together Atlanta,CDBG,,,8812.0,0.0,0.0,8812.0,,2024-09-01 16:00:00,2024-12-16 17:00:00,,0.0,0.0,0.0,0,0,0,0,0,8812.0,,0.0,0,0,0.0,0.0,0.0,0.0,0.0,0,0.0,1.0,0.0,0.0,0.0,0.0,,,Yes,a796d752-36a6-4e69-8c0c-bfd05cb1744c
,,33.72589795291278,-84.37950902561279,Stage 5,Rehab_HomeFlex,Homeowner,1,1,2612,COA,,,,Rebuilding Together Atlanta,CDBG,,,7130.0,0.0,0.0,7130.0,,2024-09-01 16:00:00,2024-12-20 17:00:00,,0.0,0.0,0.0,0,0,0,0,0,7130.0,,0.0,0,0,0.0,0.0,0.0,0.0,0.0,0,1.0,0.0,0.0,0.0,0.0,0.0,,,Yes,1ed17840-c5e1-4ef3-88b9-6f67050e5350
,,33.69091495287215,-84.53935352554838,Stage 5,Rehab_HomeFlex,Homeowner,1,1,2613,COA,,,,Rebuilding Together Atlanta,CDBG,,,8409.0,0.0,0.0,8409.0,,2024-09-01 16:00:00,2024-12-20 17:00:00,,0.0,0.0,0.0,0,0,0,0,0,8409.0,,0.0,0,0,0.0,0.0,0.0,0.0,0.0,0,1.0,0.0,0.0,0.0,0.0,0.0,,,Yes,8f2c0b99-8682-414b-8dcf-2de8ade8f3ad
,,33.67131295290031,-84.38407652559499,Stage 5,Rehab_HomeFlex,Homeowner,1,1,2614,COA,,,,Rebuilding Together Atlanta,CDBG,,,6814.0,0.0,0.0,6814.0,,2024-10-01 16:00:00,2025-01-29 17:00:00,,0.0,0.0,0.0,0,0,0,0,0,6814.0,,0.0,0,0,0.0,0.0,0.0,0.0,0.0,0,1.0,0.0,0.0,0.0,0.0,0.0,,,Yes,b637b5da-e996-4a96-81b3-653c7cd688a9
,,33.75559795290945,-84.42576902560604,Stage 5,Rehab_HomeFlex,Homeowner,1,1,2615,COA,,,,Rebuilding Together Atlanta,CDBG,,,13607.0,0.0,0.0,13607.0,,2024-10-01 16:00:00,2025-01-30 17:00:00,,0.0,0.0,0.0,0,0,0,0,0,13607.0,,0.0,0,0,0.0,0.0,0.0,0.0,0.0,0,0.0,1.0,0.0,0.0,0.0,0.0,,,Yes,2a344264-f73f-4738-8127-b4f815648c86
,,33.735248952901486,-84.44330102559402,Stage 5,Rehab_HomeFlex,Homeowner,1,1,2616,COA,,,,Rebuilding Together Atlanta,CDBG,,,7821.0,0.0,0.0,7821.0,,2024-10-01 16:00:00,2025-01-31 17:00:00,,0.0,0.0,0.0,0,0,0,0,0,7821.0,,0.0,0,0,0.0,0.0,0.0,0.0,0.0,0,0.0,1.0,0.0,0.0,0.0,0.0,,,Yes,a7fb4dc5-97bd-48ee-83ee-6ce743ec896f
,,33.765650952906626,-84.44961452560096,Stage 5,Rehab_HomeFlex,Homeowner,1,1,2617,COA,,,,Rebuilding Together Atlanta,CDBG,,,8360.0,0.0,0.0,8360.0,,2024-11-01 16:00:00,2025-02-24 17:00:00,,0.0,0.0,0.0,0,0,0,0,0,8360.0,,0.0,0,0,0.0,0.0,0.0,0.0,0.0,0,0.0,0.0,1.0,0.0,0.0,0.0,,,Yes,ed5441ce-98b2-42b9-8b6b-f2fde1aa66e4
,,33.7823369529047,-84.47595752559704,Stage 5,Rehab_HomeFlex,Homeowner,1,1,2618,COA,,,,Rebuilding Together Atlanta,CDBG,,,8034.0,0.0,0.0,8034.0,,2024-11-01 16:00:00,2025-02-26 17:00:00,,0.0,0.0,0.0,0,0,0,0,0,8034.0,,0.0,0,0,0.0,0.0,0.0,0.0,0.0,0,1.0,0.0,0.0,0.0,0.0,0.0,,,Yes,5112a189-318e-493a-82df-6e04a578d7ec
,,33.71300095289434,-84.45502352558344,Stage 5,Rehab_HomeFlex,Homeowner,1,1,2619,COA,,,,Rebuilding Together Atlanta,CDBG,,,13775.0,0.0,0.0,13775.0,,2024-12-01 17:00:00,2025-03-05 17:00:00,,0.0,0.0,0.0,0,0,0,0,0,13775.0,,0.0,0,0,0.0,0.0,0.0,0.0,0.0,0,0.0,1.0,0.0,0.0,0.0,0.0,,,Yes,7d140186-8969-4fb5-8b1e-af5ee396e063
,,33.73916395290067,-84.45111752559257,Stage 5,Rehab_HomeFlex,Homeowner,1,1,2620,COA,,,,Rebuilding Together Atlanta,CDBG,,,28760.0,0.0,0.0,28760.0,,2024-12-01 17:00:00,2025-03-24 16:00:00,,0.0,0.0,0.0,0,0,0,0,0,28760.0,,0.0,0,0,0.0,0.0,0.0,0.0,0.0,0,0.0,1.0,0.0,0.0,0.0,0.0,,,Yes,471dc366-2153-4028-8506-2ec65c0ac0f0
,,33.69052999359114,-84.51834600629208,Stage 5,DPA,Homeowner,1,1,2621,IA,AH,,,,AH_DPA,,Permanent,282883.0,237883.0,0.0,45000.0,2025-04-01 16:00:00,2025-04-01 16:00:00,2025-04-01 16:00:00,14F00320005067,234533.0,3350.0,0.0,0,0,0,0,0,0.0,,0.0,0,20000,0.0,25000.0,0.0,0.0,0.0,0,0.0,0.0,1.0,0.0,0.0,0.0,,,Yes,41c1e612-52f1-48f9-8dcd-edbd64f7dff7
,,33.717583599999976,-84.5290237,Stage 5,DPA,Homeowner,1,1,2622,IA,AH,,,,"AH_DPA,HOB",,Permanent,241571.0,201571.0,0.0,40000.0,2025-04-02 16:00:00,2025-04-02 16:00:00,2025-04-02 16:00:00,14F-0066-0004-064-8,198921.0,2650.0,0.0,0,0,0,0,0,0.0,,0.0,0,20000,0.0,20000.0,0.0,0.0,0.0,0,0.0,0.0,0.0,0.0,1.0,0.0,,,Yes,ffa4fdd8-88e0-4769-8ca8-bc57e51ff662
,,33.74977098021179,-84.45988499767144,Stage 5,DPA,Homeowner,1,1,2623,IA,AH,,,,"AH_DPA,HOB",,Permanent,277217.0,237217.0,0.0,40000.0,2025-04-02 16:00:00,2025-04-02 16:00:00,2025-04-02 16:00:00,14 018000090319,229940.0,7277.0,0.0,0,0,0,0,0,0.0,,0.0,0,20000,0.0,20000.0,0.0,0.0,0.0,0,0.0,0.0,0.0,0.0,1.0,0.0,,,Yes,2148b568-c138-4f83-8df3-0efbb0337194
,,33.68798700798675,-84.4123270010633,Stage 5,DPA,Homeowner,1,1,2624,IA,AH,,,,"AH_DPA,HOB",,Permanent,180298.0,140298.0,0.0,40000.0,2025-04-04 16:00:00,2025-04-04 16:00:00,2025-04-04 16:00:00,14 01010009049,127300.0,3998.0,9000.0,0,0,0,0,0,0.0,,0.0,0,20000,0.0,20000.0,0.0,0.0,0.0,0,0.0,0.0,0.0,1.0,0.0,0.0,,,Yes,86b7d5f9-e57f-4713-819c-e5a431d3baca
,,33.7149240140407,-84.50425200374063,Stage 5,DPA,Homeowner,1,1,2625,IA,AH,,,,"AH_DPA,HOB",,Permanent,324335.0,284335.0,0.0,40000.0,2025-04-04 16:00:00,2025-04-04 16:00:00,2025-04-04 16:00:00,14 0249 Ll1241,280250.0,4085.0,0.0,0,0,0,0,0,0.0,,0.0,0,20000,0.0,20000.0,0.0,0.0,0.0,0,0.0,0.0,0.0,0.0,1.0,0.0,,,Yes,b44d9dda-2b38-4752-88ad-da0f620423a3
,,33.66389301776134,-84.51888999180818,Stage 5,DPA,Homeowner,1,1,2626,IA,AH,,,,"AH_DPA,HOB",,Permanent,385892.0,345892.0,0.0,40000.0,2025-04-07 16:00:00,2025-04-07 16:00:00,2025-04-07 16:00:00,14F0036 LL138,341188.0,4704.0,0.0,0,0,0,0,0,0.0,,0.0,0,20000,0.0,20000.0,0.0,0.0,0.0,0,0.0,0.0,0.0,0.0,1.0,0.0,,,Yes,c90988ad-4c2a-483b-81f4-dda9499de6a8
,,33.70300100823073,-84.51989900531242,Stage 5,DPA,Homeowner,1,1,2627,IA,,,,,HOB,,Permanent,210199.0,190199.0,0.0,20000.0,2025-04-11 16:00:00,2025-04-11 16:00:00,2025-04-11 16:00:00,14F0031 LL2054,184000.0,6199.0,0.0,0,0,0,0,0,0.0,,0.0,0,20000,0.0,0.0,0.0,0.0,0.0,0,0.0,0.0,0.0,0.0,1.0,0.0,,,Yes,a47ab636-3ddd-4fbc-817c-053128c98828
,,33.700062019610804,-84.49735897802624,Stage 5,DPA,Homeowner,1,1,2628,IA,AH,,,,"AH_DPA,HOB",,Permanent,260787.0,220787.0,0.0,40000.0,2025-04-09 16:00:00,2025-04-09 16:00:00,2025-04-09 16:00:00,14-0250-LL-067.8,203652.0,2135.0,15000.0,0,0,0,0,0,0.0,,0.0,0,20000,0.0,20000.0,0.0,0.0,0.0,0,0.0,0.0,0.0,0.0,1.0,0.0,,,Yes,b90ac6c1-9daa-4665-88f0-15387794d0a5
,,33.779583984883295,-84.46449697225566,Stage 5,DPA,Homeowner,1,1,2629,IA,AH,,,,"AH_DPA,HOB",,Permanent,365569.0,325569.0,0.0,40000.0,2025-04-10 16:00:00,2025-04-10 16:00:00,2025-04-10 16:00:00,14-0177-0016-005-9,320003.0,5566.0,0.0,0,0,0,0,0,0.0,,0.0,0,20000,0.0,20000.0,0.0,0.0,0.0,0,0.0,0.0,0.0,0.0,1.0,0.0,,,Yes,df589be7-9d69-4133-89be-e2d7112fd14b
,,33.76212349401618,-84.41270287787098,Stage 5,"DPA,New_Construction",Homeowner,1,1,2630,IA,"AH,Other",,,WESTSIDE FUTURE FUNDS,"AH_DPA,HOB,TAD",,Permanent,374684.0,269684.0,0.0,105000.0,2025-04-21 16:00:00,2025-04-21 16:00:00,2025-04-21 16:00:00,14 011000021541,267093.0,2591.0,0.0,0,0,0,0,0,0.0,,0.0,20000,0,0.0,25000.0,0.0,0.0,60000.0,0,0.0,0.0,0.0,0.0,1.0,0.0,,,Yes,10af352e-8957-4383-81bb-9e3028e54a40
,,33.77392900817743,-84.50900403992692,Stage 5,DPA,Homeowner,1,1,2631,IA,AH,,,,"AH_DPA,HOB",,Permanent,233249.0,193249.0,0.0,40000.0,2025-04-15 16:00:00,2025-04-15 16:00:00,2025-04-15 16:00:00,14F00160002087,191250.0,1999.0,0.0,0,0,0,0,0,0.0,,0.0,0,20000,0.0,20000.0,0.0,0.0,0.0,0,0.0,0.0,0.0,1.0,0.0,0.0,,,Yes,7d39575e-af1e-4cd2-814d-46e6a319555a
,,33.79881198694872,-84.47679599024207,Stage 5,DPA,Homeowner,1,1,2632,IA,AH,,,,"AH_DPA,HOB,Other",ANDP,Permanent,238955.0,181455.0,0.0,57500.0,2025-04-22 16:00:00,2025-04-22 16:00:00,2025-04-22 16:00:00,17025700030645,178683.0,2772.0,0.0,0,0,0,0,0,0.0,,0.0,0,20000,0.0,20000.0,0.0,0.0,17500.0,0,0.0,0.0,0.0,1.0,0.0,0.0,,,Yes,6a22c6b1-bd8d-4bc4-8e5a-067359aff414
,,33.76746098686356,-84.49862598651025,Stage 5,DPA,Homeowner,1,1,2633,IA,,,,,HOB,,Permanent,331337.0,311337.0,0.0,20000.0,2025-04-11 16:00:00,2025-04-11 16:00:00,2025-04-11 16:00:00,14 02420006046,285835.0,25502.0,0.0,0,0,0,0,0,0.0,,0.0,0,20000,0.0,0.0,0.0,0.0,0.0,0,0.0,0.0,0.0,0.0,1.0,0.0,,,Yes,af045a5c-92eb-46d7-857f-7b91d3d3c368
,,33.75221179041648,-84.51537428634026,Stage 5,DPA,Homeowner,1,1,2634,IA,AH,,,,"AH_DPA,HOB",,Permanent,217108.0,172108.0,0.0,45000.0,2025-04-11 16:00:00,2025-04-11 16:00:00,2025-04-11 16:00:00,14F-0066-0002-016-0,166819.0,5289.0,0.0,0,0,0,0,0,0.0,,0.0,0,20000,0.0,25000.0,0.0,0.0,0.0,0,0.0,0.0,0.0,0.0,1.0,0.0,,,Yes,3165b287-b979-4b35-863d-06dcd8676b0e
,,33.6967530118752,-84.36296203376862,Stage 5,DPA,Homeowner,1,1,2635,IA,AH,,,,"AH_DPA,HOB",,Permanent,292480.0,252480.0,0.0,40000.0,2025-04-14 16:00:00,2025-04-14 16:00:00,2025-04-14 16:00:00,14-0027-0003-010-6,248000.0,4480.0,0.0,0,0,0,0,0,0.0,,0.0,0,20000,0.0,20000.0,0.0,0.0,0.0,0,0.0,0.0,0.0,0.0,1.0,0.0,,,Yes,041fe1c8-4eb9-4044-858a-5f5e3f98e929
,,33.66276999999999,-84.39238499999999,Stage 5,"DPA,New_Construction",Homeowner,1,1,2636,IA,,,,,HOB,,Permanent,379315.0,359315.0,0.0,20000.0,2025-04-25 16:00:00,2025-04-25 16:00:00,2025-04-25 16:00:00,Not Yet Parceled,352814.0,6501.0,0.0,0,0,0,0,0,0.0,,0.0,0,20000,0.0,0.0,0.0,0.0,0.0,0,0.0,0.0,0.0,0.0,1.0,0.0,,,Yes,7dd8289f-de3b-4bc6-8588-014c4646413b
,,33.72832998806997,-84.38492798450633,Stage 5,DPA,Homeowner,1,1,2637,IA,AH,,,,"AH_DPA,HOB",,Permanent,324882.0,284882.0,0.0,40000.0,2025-04-23 16:00:00,2025-04-23 16:00:00,2025-04-23 16:00:00,14005500041702,279705.0,5177.0,0.0,0,0,0,0,0,0.0,,0.0,0,20000,0.0,20000.0,0.0,0.0,0.0,0,0.0,0.0,0.0,0.0,1.0,0.0,,,Yes,b8120e6d-f8ae-412e-8e93-9ddc269b70e1
,,33.66469001102479,-84.38395501318571,Stage 5,DPA,Homeowner,1,1,2638,IA,AH,,,,"AH_DPA,HOB",,Permanent,257150.0,217150.0,0.0,40000.0,2025-04-25 16:00:00,2025-04-25 16:00:00,2025-04-25 16:00:00,14 0062 LL152,214000.0,3150.0,0.0,0,0,0,0,0,0.0,,0.0,0,20000,0.0,20000.0,0.0,0.0,0.0,0,0.0,0.0,0.0,1.0,0.0,0.0,,,Yes,44cccb4b-d93f-4154-8e0e-9e07e08fb94f
,,33.6601139948052,-84.51675696508809,Stage 5,DPA,Homeowner,1,1,2639,IA,,,,,HOB,,Permanent,314399.0,294399.0,0.0,20000.0,,2025-04-29 16:00:00,2025-04-29 16:00:00,14F-0002-LL-1994,292775.0,1624.0,0.0,0,0,0,0,0,0.0,,0.0,0,20000,0.0,0.0,0.0,0.0,0.0,0,0.0,0.0,0.0,0.0,1.0,0.0,,,Yes,65ab3322-511f-482e-82b2-05ec50834986
,,33.78967898142973,-84.38880000467822,Stage 5,DPA,Homeowner,1,1,2640,IA,AH,,,,"AH_DPA,HOB",,Permanent,241005.0,201005.0,0.0,40000.0,2025-04-30 16:00:00,2025-04-30 16:00:00,2025-04-30 16:00:00,17-0108-0008-357-1,198500.0,2505.0,0.0,0,0,0,0,0,0.0,,0.0,0,20000,0.0,20000.0,0.0,0.0,0.0,0,0.0,0.0,0.0,1.0,0.0,0.0,,,Yes,f2a6cd83-a707-42ea-81be-0fe88c7d9115
,,33.75609801791427,-84.51262803958386,Stage 5,DPA,Homeowner,1,1,2641,IA,IA,,,,"AH_DPA,HOB",,Permanent,278209.0,238209.0,0.0,40000.0,2025-04-30 16:00:00,2025-04-30 16:00:00,2025-04-30 16:00:00,14F-0014-0005-015-2,233465.0,4744.0,0.0,0,0,0,0,0,0.0,,0.0,0,20000,0.0,20000.0,0.0,0.0,0.0,0,0.0,0.0,0.0,0.0,1.0,0.0,,,Yes,07f4e49b-ac7e-4f36-842f-a7bfdedf6e0d
,,33.77392900817743,-84.50900403992692,Stage 5,DPA,Homeowner,1,1,2642,AH,,,,,AH_DPA,,,37500.0,17500.0,0.0,20000.0,,2025-03-04 17:00:00,2025-04-15 16:00:00,,0.0,0.0,17500.0,0,0,0,0,0,0.0,,0.0,0,0,0.0,20000.0,0.0,0.0,0.0,0,0.0,1.0,0.0,0.0,0.0,0.0,,,Yes,1fe9c94c-eaa4-4e1f-8e66-a1d6e5132823
,,33.77196895289501,-84.51181802558179,Stage 5,DPA,Homeowner,1,1,2643,AH,,,,,AH_DPA,,,20000.0,0.0,0.0,20000.0,,2025-03-21 16:00:00,2025-04-21 16:00:00,,0.0,0.0,0.0,0,0,0,0,0,0.0,,0.0,0,0,0.0,20000.0,0.0,0.0,0.0,0,0.0,0.0,0.0,1.0,0.0,0.0,,,Yes,e34ea179-cd43-4b3f-8ccc-fa654b031735
,,33.749967996845946,-84.52420001128884,Stage 5,DPA,Homeowner,1,1,2644,AH,,,,,AH_DPA,,,20000.0,0.0,0.0,20000.0,,2025-04-02 16:00:00,2025-04-22 16:00:00,,0.0,0.0,0.0,0,0,0,0,0,0.0,,0.0,0,0,0.0,20000.0,0.0,0.0,0.0,0,0.0,0.0,0.0,1.0,0.0,0.0,,,Yes,d78da102-bc40-4697-8edb-280a7d31575f
,,33.660940995282004,-84.3801499644202,Stage 5,DPA,Homeowner,1,1,2645,AH,COA,,,,AH_DPA,,,50000.0,0.0,0.0,50000.0,,2025-02-19 17:00:00,2025-04-25 16:00:00,,0.0,0.0,0.0,0,0,0,0,0,0.0,,0.0,0,0,0.0,20000.0,0.0,0.0,30000.0,0,0.0,1.0,0.0,0.0,0.0,0.0,,,Yes,0794ca20-fe87-4611-82e6-aff7f4758e10
,,33.78968095292439,-84.38880602562871,Stage 5,DPA,Homeowner,1,1,2646,AH,IA,,,,AH_DPA,,,40000.0,0.0,0.0,40000.0,,2025-04-03 16:00:00,2025-04-25 16:00:00,,0.0,0.0,0.0,0,0,0,0,0,0.0,,0.0,0,0,0.0,20000.0,0.0,0.0,20000.0,0,0.0,0.0,1.0,0.0,0.0,0.0,,,Yes,9647dde5-ba66-4cfd-8618-7e74697ea98a
507 English Avenue,"507 English Ave NW, Atlanta, GA 30318",33.76849300869147,-84.41326200236111,Stage 5,Rehab_HomeFlex,Renter,6,6,2647,Other,AH,,,,AH_DPA,,,0.0,0.0,0.0,0.0,,2025-03-14 16:00:00,2025-03-14 16:00:00,,0.0,0.0,0.0,0,0,0,0,0,0.0,,0.0,0,0,0.0,0.0,0.0,0.0,0.0,0,0.0,6.0,0.0,0.0,0.0,0.0,,,Yes,3b85b88d-266f-490a-8785-f234fa1e67b7
613 Echo,"613 Echo St. NW, Atlanta, GA 30318",33.771421100999994,-84.41028416399999,Stage 5,Rehab_HomeFlex,Renter,7,7,2648,AH,Other,,,Westside Future Fund,AH_DPA,,,0.0,0.0,0.0,0.0,,2022-10-01 16:00:00,2025-02-13 17:00:00,,0.0,0.0,0.0,0,0,0,0,0,0.0,,0.0,0,0,0.0,0.0,0.0,0.0,0.0,0,0.0,0.0,7.0,0.0,0.0,0.0,,,Yes,c5473082-1da9-4207-80cd-0e30e28f4e7f
,,33.67277361157067,-84.36660985498415,Stage 5,DPA,Homeowner,1,1,2649,AH,IA,,,,AH_DPA,,,45000.0,0.0,0.0,45000.0,,2025-01-21 17:00:00,2025-03-03 17:00:00,,0.0,0.0,0.0,0,0,0,0,0,0.0,,0.0,0,0,0.0,25000.0,0.0,0.0,0.0,20000,0.0,0.0,1.0,0.0,0.0,0.0,,,Yes,d3262434-90f5-4c2c-81fc-b2c48a361e76
,,33.66456000770653,-84.37909300642977,Stage 5,DPA,Homeowner,1,1,2650,AH,,,,,AH_DPA,,,20000.0,0.0,0.0,20000.0,,2025-02-13 17:00:00,2025-03-11 16:00:00,,0.0,0.0,0.0,0,0,0,0,0,0.0,,0.0,0,0,0.0,20000.0,0.0,0.0,0.0,0,0.0,0.0,1.0,0.0,0.0,0.0,,,Yes,79859068-3cb0-478a-8483-460360164230
,,33.760601952909276,-84.43167302560555,Stage 5,DPA,Homeowner,1,1,2651,AH,COA,,,,"AH_DPA,HOME",,,50000.0,0.0,0.0,50000.0,,2025-02-19 17:00:00,2025-03-13 16:00:00,,0.0,0.0,0.0,0,0,30000,0,0,0.0,,0.0,0,0,0.0,20000.0,0.0,0.0,0.0,0,1.0,0.0,0.0,0.0,0.0,0.0,,,Yes,da8be391-8b4e-4b17-84a0-3e2a208753de
,,33.758540952905555,-84.44755352559955,Stage 5,DPA,Homeowner,1,1,2652,AH,,,,,AH_DPA,,,20000.0,0.0,0.0,20000.0,,2025-02-25 17:00:00,2025-03-17 16:00:00,,0.0,0.0,0.0,0,0,0,0,0,0.0,,0.0,0,0,0.0,20000.0,0.0,0.0,0.0,0,0.0,0.0,0.0,1.0,0.0,0.0,,,Yes,dc4162d1-a5be-45b8-88b2-d4a2f777c6f4
,,33.67308800745434,-84.38014200161219,Stage 5,DPA,Homeowner,1,1,2653,AH,COA,,,,"AH_DPA,HOME",,,44026.0,0.0,0.0,44026.0,,2024-02-24 17:00:00,2025-03-25 16:00:00,,0.0,0.0,0.0,0,0,24026,0,0,0.0,,0.0,0,0,0.0,20000.0,0.0,0.0,0.0,0,0.0,0.0,1.0,0.0,0.0,0.0,,,Yes,7b898cb7-1ad6-418c-81fc-0e61ccb19f0f
,,33.675648008322185,-84.51669099951012,Stage 5,DPA,Homeowner,1,1,2654,AH,IA,,,,AH_DPA,,,40000.0,0.0,0.0,40000.0,,2024-12-27 17:00:00,2025-03-25 16:00:00,,0.0,0.0,0.0,0,0,0,0,0,0.0,,0.0,0,0,0.0,20000.0,0.0,0.0,20000.0,0,0.0,0.0,0.0,1.0,0.0,0.0,,,Yes,699bfe09-75e9-4443-8230-9b3c1f02a9d1
,,33.72742795290424,-84.42223202559882,Stage 5,DPA,Homeowner,1,1,2655,AH,COA,,,,"AH_DPA,HOME",,,51468.0,0.0,0.0,51468.0,,2025-02-27 17:00:00,2025-03-27 16:00:00,,0.0,0.0,0.0,0,0,26468,0,0,0.0,,0.0,0,0,0.0,25000.0,0.0,0.0,0.0,0,0.0,1.0,0.0,0.0,0.0,0.0,,,Yes,fa56f0b5-b03c-4bc6-88f6-1f25ce4ab14d
,,33.685991952877785,-84.50727302555775,Stage 5,DPA,Homeowner,1,1,2656,AH,Other,,,Uadvantage,AH_DPA,,,37500.0,12500.0,0.0,25000.0,,2025-02-27 17:00:00,2025-03-31 16:00:00,,0.0,0.0,12500.0,0,0,0,0,0,0.0,,0.0,0,0,0.0,25000.0,0.0,0.0,0.0,0,0.0,1.0,0.0,0.0,0.0,0.0,,,Yes,fda8b5bb-7c70-4c30-856a-712911fc6cf1
,,33.69291295287808,-84.51283952555792,Stage 5,Rehab_HomeFlex,Homeowner,1,1,2657,COA,Other,,,Rebuilding Together Atlanta,CDBG,,,7613.0,0.0,0.0,7613.0,,2025-02-21 17:00:00,2025-04-21 16:00:00,,0.0,0.0,0.0,0,0,0,0,0,7613.0,,0.0,0,0,0.0,0.0,0.0,0.0,0.0,0,1.0,0.0,0.0,0.0,0.0,0.0,,,Yes,8cc4c104-b36e-49d3-80e9-b27eb13bbe05
,,33.73449295290616,-84.42010802560162,Stage 5,Rehab_HomeFlex,Homeowner,1,1,2658,COA,Other,,,Rebuilding Together Atlanta,CDBG,,,7940.0,0.0,0.0,7940.0,,2025-02-08 17:00:00,2025-04-08 16:00:00,,0.0,0.0,0.0,0,0,0,0,0,7940.0,,0.0,0,0,0.0,0.0,0.0,0.0,0.0,0,1.0,0.0,0.0,0.0,0.0,0.0,,,Yes,42179419-06f9-48aa-8362-75efc490c2e2
,,33.76176295289077,-84.52190252557537,Stage 5,Rehab_HomeFlex,Homeowner,1,1,2659,COA,Other,,,Rebuilding Together Atlanta,CDBG,,,7670.0,0.0,0.0,7670.0,,2025-02-11 17:00:00,2025-04-11 16:00:00,,0.0,0.0,0.0,0,0,0,0,0,7670.0,,0.0,0,0,0.0,0.0,0.0,0.0,0.0,0,1.0,0.0,0.0,0.0,0.0,0.0,,,Yes,b108548c-abd3-4c9d-8557-1e9fcc44f065
,,33.761420952890724,-84.52161902557533,Stage 5,Rehab_HomeFlex,Homeowner,1,1,2660,COA,Other,,,Rebuilding Together Atlanta ,CDBG,,,7182.0,0.0,0.0,7182.0,,2025-02-28 17:00:00,2025-04-28 16:00:00,,0.0,0.0,0.0,0,0,0,0,0,7182.0,,0.0,0,0,0.0,0.0,0.0,0.0,0.0,0,0.0,0.0,0.0,1.0,0.0,0.0,,,Yes,6b45b41a-788e-4a51-89b6-8974859c88a9
,,33.81719899075907,-84.42461596076592,Stage 5,DPA,Homeowner,1,1,2661,IA,AH,,,,"AH_DPA,HOB",,Permanent,267099.0,227099.0,0.0,40000.0,2025-05-22 16:00:00,2025-05-22 16:00:00,2025-05-22 16:00:00,17 018500040296,223717.0,3382.0,0.0,0,0,0,0,0,0.0,,0.0,0,20000,0.0,20000.0,0.0,0.0,0.0,0,0.0,0.0,0.0,0.0,1.0,0.0,,,Yes,65650999-e3d1-43a5-8743-33c340716389
,,33.753226000700714,-84.455810973633,Stage 5,DPA,Homeowner,1,1,2662,IA,AH,,,,"AH_DPA,HOB",,Permanent,298525.0,258525.0,0.0,40000.0,2025-05-29 16:00:00,2025-05-29 16:00:00,2025-05-29 16:00:00,14-0173-0008-116-8,254500.0,4025.0,0.0,0,0,0,0,0,0.0,,0.0,0,20000,0.0,20000.0,0.0,0.0,0.0,0,0.0,0.0,0.0,1.0,0.0,0.0,,,Yes,d0121c01-208f-49d9-8a77-baf52bcd4302
,,33.717583599999976,-84.5290237,Stage 5,DPA,Homeowner,1,1,2663,IA,AH,,,,"AH_DPA,HOB",,Permanent,260577.0,215577.0,0.0,45000.0,2025-05-30 16:00:00,2025-05-30 16:00:00,2025-05-30 16:00:00,14F0043 LL109,211883.0,3694.0,0.0,0,0,0,0,0,0.0,,0.0,0,20000,0.0,25000.0,0.0,0.0,0.0,0,0.0,0.0,0.0,0.0,1.0,0.0,,,Yes,d7db9437-28bf-4457-8a31-f12a09e24096
,,33.66805697962086,-84.49217301071258,Stage 5,DPA,Homeowner,1,1,2664,IA,AH,,,,"AH_DPA,HOB",,Permanent,191345.0,151345.0,0.0,40000.0,2025-05-21 16:00:00,2025-05-21 16:00:00,2025-05-21 16:00:00,14 0227 LL2047,149063.0,2282.0,0.0,0,0,0,0,0,0.0,,0.0,0,20000,0.0,20000.0,0.0,0.0,0.0,0,0.0,0.0,0.0,1.0,0.0,0.0,,,Yes,b8e975d6-8e39-48b2-87c1-f182e235bd37
,,33.765828988405794,-84.40973296966857,Stage 5,"DPA,New_Construction",Homeowner,1,1,2665,IA,"AH,Other",,,WEST SIDE FUTURE FUNDS,"AH_DPA,TAD",,Permanent,549764.0,269764.0,0.0,280000.0,2025-05-05 16:00:00,2025-05-05 16:00:00,2025-05-05 16:00:00,14 01110009168,267501.0,2263.0,0.0,0,0,0,0,0,0.0,,0.0,20000,0,0.0,200000.0,0.0,0.0,60000.0,0,0.0,0.0,0.0,0.0,1.0,0.0,,,Yes,b59462be-2ab3-4fba-89dd-b02d0818cf56
,,33.76594700560253,-84.40975803155906,Stage 5,"DPA,New_Construction",Homeowner,1,1,2666,IA,Other,,,WEST SIDE FUTURE FUNDS,"TAD,Other",WESTSIDE FUTURE FUNDS,Permanent,343240.0,283240.0,0.0,60000.0,2025-05-23 16:00:00,2025-05-23 16:00:00,2025-05-23 16:00:00,14 01110009167,280830.0,2410.0,0.0,0,0,0,0,0,0.0,,0.0,20000,0,0.0,0.0,0.0,0.0,40000.0,0,0.0,0.0,0.0,0.0,1.0,0.0,,,Yes,2eee5c75-0103-49a1-8459-3af71e476c96
,,33.724251261749295,-84.42367082662369,Stage 5,"DPA,New_Construction",Homeowner,1,1,2667,IA,"AH,Other",,,ANDP,"AH_DPA,HOB,Other",ANDP,Permanent,288299.0,223299.0,0.0,65000.0,2025-05-29 16:00:00,2025-05-29 16:00:00,2025-05-29 16:00:00,14 01190005103,217500.0,5799.0,0.0,0,0,0,0,0,0.0,,0.0,0,20000,0.0,25000.0,0.0,0.0,20000.0,0,0.0,0.0,0.0,0.0,1.0,0.0,,,Yes,ed4021f2-8525-46f2-8819-94805a4b4fee
,,33.77398101788665,-84.48229996696222,Stage 5,DPA,Homeowner,1,1,2668,IA,Other,,,ANDP,"HOB,Other",ANDP,Permanent,203907.0,166407.0,0.0,37500.0,2025-05-14 16:00:00,2025-05-14 16:00:00,2025-05-14 16:00:00,14020900040295,164835.0,1572.0,0.0,0,0,0,0,0,0.0,,0.0,0,20000,0.0,0.0,0.0,0.0,17500.0,0,1.0,0.0,0.0,0.0,0.0,0.0,,,Yes,7de88009-0097-4ed0-8be5-d1ad13501b70
,,33.81564599173871,-84.39527896437575,Stage 5,DPA,Homeowner,1,1,2669,IA,AH,,,,"AH_DPA,HOB",,Permanent,227325.0,182325.0,0.0,45000.0,2025-05-14 16:00:00,2025-05-14 16:00:00,2025-05-14 16:00:00,17 011100160549,179700.0,2625.0,0.0,0,0,0,0,0,0.0,,0.0,0,20000,0.0,25000.0,0.0,0.0,0.0,0,0.0,0.0,0.0,0.0,1.0,0.0,,,Yes,ce0ef0f0-c670-4f3d-8fb1-336f18f75cc2
,,33.723836994601335,-84.40104797687431,Stage 5,DPA,Homeowner,1,1,2670,IA,,,,,HOB,,Permanent,310772.0,290772.0,0.0,20000.0,2025-05-02 16:00:00,2025-05-02 16:00:00,2025-05-02 16:00:00,14 0087 0009 299 3,281300.0,9472.0,0.0,0,0,0,0,0,0.0,,0.0,0,20000,0.0,0.0,0.0,0.0,0.0,0,0.0,0.0,0.0,0.0,1.0,0.0,,,Yes,4a89cb0b-f2b0-49f9-8566-9a9ad31cd5a9
,,33.727529013402545,-84.40064698662638,Stage 5,DPA,Homeowner,1,1,2671,IA,,,,,HOB,,Permanent,170370.0,150370.0,0.0,20000.0,2025-05-05 16:00:00,2025-05-05 16:00:00,2025-05-05 16:00:00,14 00870006040,142000.0,8370.0,0.0,0,0,0,0,0,0.0,,0.0,0,20000,0.0,0.0,0.0,0.0,0.0,0,0.0,0.0,0.0,1.0,0.0,0.0,,,Yes,e3287e0e-44e6-4067-8330-37a90ad99c7a
,,33.66276999999999,-84.39238499999999,Stage 5,DPA,Homeowner,1,1,2672,IA,,,,,HOB,,Permanent,358777.0,338777.0,0.0,20000.0,2025-05-08 16:00:00,2025-05-08 16:00:00,2025-05-08 16:00:00,13121C0367F,337277.0,1500.0,0.0,0,0,0,0,0,0.0,,0.0,0,20000,0.0,0.0,0.0,0.0,0.0,0,0.0,0.0,0.0,0.0,1.0,0.0,,,Yes,4702a46d-1c97-42af-8320-019160baabde
,,33.76341198280611,-84.3753720281531,Stage 5,DPA,Homeowner,1,1,2673,IA,,,,,HOB,,Permanent,208447.0,188447.0,0.0,20000.0,2025-05-29 16:00:00,2025-05-29 16:00:00,2025-05-29 16:00:00,14 004600150422,173610.0,14837.0,0.0,0,0,0,0,0,0.0,,0.0,0,20000,0.0,0.0,0.0,0.0,0.0,0,0.0,0.0,0.0,0.0,1.0,0.0,,,Yes,96afdcdc-21f7-4202-87df-0e0155ad6b87
,,33.76093098137571,-84.37568400258928,Stage 5,DPA,Homeowner,1,1,2674,IA,AH,,,,"AH_DPA,HOB",,Permanent,381339.0,336339.0,0.0,45000.0,2025-05-22 16:00:00,2025-05-22 16:00:00,2025-05-22 16:00:00,14 004600140886,328143.0,8196.0,0.0,0,0,0,0,0,0.0,,0.0,0,20000,0.0,25000.0,0.0,0.0,0.0,0,0.0,0.0,0.0,0.0,1.0,0.0,,,Yes,f5d58bed-5192-4004-8dc8-9053de658204
,,33.73780698689529,-84.44650496563247,Stage 5,DPA,Homeowner,1,1,2675,IA,"AH,Other",,,ANDP,"AH_DPA,HOB",ANDP,Permanent,321083.0,256083.0,0.0,65000.0,2025-05-28 16:00:00,2025-05-28 16:00:00,2025-05-28 16:00:00,14 0150 0001 039 6,254375.0,1708.0,0.0,0,0,0,0,0,0.0,,0.0,0,20000,0.0,25000.0,0.0,0.0,20000.0,0,0.0,0.0,0.0,1.0,0.0,0.0,,,Yes,d3f6acdc-098e-4ba0-8e40-5888349f4b46
,,33.727651012003264,-84.41339896266041,Stage 5,DPA,Homeowner,1,1,2676,IA,AH,,,,"AH_DPA,HOB",,Permanent,407715.0,362715.0,0.0,45000.0,2025-05-21 16:00:00,2025-05-21 16:00:00,2025-05-21 16:00:00,14-0106-0007-028.8,348750.0,13965.0,0.0,0,0,0,0,0,0.0,,0.0,0,20000,0.0,25000.0,0.0,0.0,0.0,0,0.0,0.0,0.0,0.0,1.0,0.0,,,Yes,5dd2bf8d-f915-4406-8b33-701f62457060
,,33.70941500817863,-84.48270003520076,Stage 5,DPA,Homeowner,1,1,2677,IA,AH,,,,"AH_DPA,HOB",,Permanent,265208.0,225208.0,0.0,40000.0,2025-05-09 16:00:00,2025-05-09 16:00:00,2025-05-09 16:00:00,14 02170002009,222500.0,2708.0,0.0,0,0,0,0,0,0.0,,0.0,0,20000,0.0,20000.0,0.0,0.0,0.0,0,0.0,0.0,0.0,0.0,1.0,0.0,,,Yes,a028f6f2-da03-4c49-8b77-99424c45709a
220 Sunset Avenue,"220 Sunset Ave NW, Atlanta, Georgia, 30314",33.76066256646884,-84.41032606291256,Stage 5,Adaptive_Reuse,Renter,5,5,2678,Other,IA,,,Westside Future Fund,"TAD,Other",WFF Real Estate Investment Fund,,3014148.0,1864148.0,0.0,1150000.0,,2024-04-18 16:00:00,2025-04-28 16:00:00,,0.0,1534148.0,330000.0,0,0,0,0,0,0.0,,0.0,450000,0,0.0,0.0,0.0,0.0,700000.0,0,0.0,0.0,5.0,0.0,0.0,0.0,Both,,Yes,78be7e06-6fdb-4911-817d-140c0f760ce3
Generation Atlanta,"369 Centennial Olympic Park Drive, NW",33.76545800537125,-84.39128498751268,Stage 5,New_Construction,Renter,336,66,2679,IA,,,,,TAD,,Permanent,4000000.0,0.0,0.0,4000000.0,,2025-05-06 16:00:00,2025-05-06 16:00:00,,0.0,0.0,0.0,0,0,0,0,0,0.0,,0.0,4000000,0,0.0,0.0,0.0,0.0,0.0,0,0.0,0.0,66.0,0.0,0.0,270.0,,,Yes,bc2fab6e-f026-4658-8d22-52e2851a5a90
Residences at Chosewood Park,"1211 McDonald Dr SE, Atlanta, GA 30315",33.721582022742986,-84.38257736311634,Stage 4,New_Construction,Renter,107,107,2680,IA,COA,,,,"HOME,TAD,Other",,Construction,28366253.0,2500000.0,21897659.0,3968594.0,2024-12-27 17:00:00,2024-12-27 17:00:00,,,0.0,0.0,2500000.0,0,0,1968594,0,0,0.0,,21897659.0,2000000,0,0.0,0.0,0.0,0.0,0.0,0,18.0,49.0,0.0,40.0,0.0,0.0,,,Yes,7af0b749-73c8-4f55-8cbd-018bd4d9bed7
Kennedy at riverside ,"1988 Hollywood Road NW, Atlanta, Georgia 30318",33.80991297951313,-84.47226800232481,Stage 5,New_Construction,Renter,50,45,2682,IA,Other,,,Atlanta Urban Development Corporation,TAD,Private Enterprise Agreement,Construction,24123931.0,21623931.0,0.0,2500000.0,2025-11-07 17:00:00,2025-11-07 17:00:00,2026-01-15 17:00:00,17 025200080175,0.0,0.0,21623931.0,0,0,0,0,0,0.0,,0.0,2500000,0,0.0,0.0,0.0,0.0,0.0,0,0.0,10.0,35.0,0.0,0.0,5.0,,,Yes,1626935f-13cf-49d3-85bd-ce20b35f6f6a
,,33.75801798866699,-84.42542193743479,Stage 5,Rehab_HomeFlex,Homeowner,1,1,2686,COA,Other,,,Rebuilding Together Atlanta,CDBG,,,13176.0,0.0,0.0,13176.0,,2025-03-04 17:00:00,2025-05-04 16:00:00,,0.0,0.0,0.0,0,0,0,0,0,13176.0,,0.0,0,0,0.0,0.0,0.0,0.0,0.0,0,1.0,0.0,0.0,0.0,0.0,0.0,,,Yes,08572b0c-c073-4ea5-800a-db10d88df8b1
,,33.75977395290354,-84.45845252559621,Stage 5,Rehab_HomeFlex,Homeowner,1,1,2687,COA,Other,,,Rebuilding Together Atlanta,CDBG,,,6405.0,0.0,0.0,6405.0,,2025-04-01 16:00:00,2025-06-01 16:00:00,,0.0,0.0,0.0,0,0,0,0,0,6405.0,,0.0,0,0,0.0,0.0,0.0,0.0,0.0,0,1.0,0.0,0.0,0.0,0.0,0.0,,,Yes,38e324c7-0b89-4c8d-8574-38ac99396bef
,,33.78058195290691,-84.46350152560072,Stage 5,Rehab_HomeFlex,Homeowner,1,1,2688,COA,Other,,,Rebuilding Together Atlanta,CDBG,,,6590.0,0.0,0.0,6590.0,,2025-04-01 16:00:00,2025-06-01 16:00:00,,0.0,0.0,0.0,0,0,0,0,0,6590.0,,0.0,0,0,0.0,0.0,0.0,0.0,0.0,0,1.0,0.0,0.0,0.0,0.0,0.0,,,Yes,8a2193a5-65dc-49e8-80f3-911e986b9d3a
,,33.724251261749295,-84.42367082662369,Stage 5,"DPA,New_Construction",Renter,1,1,2689,IA,"AH,Other",,,ANDP,"AH_DPA,HOB,Other",ANDP,Permanent,238274.0,180774.0,0.0,57500.0,2025-06-03 16:00:00,2025-06-03 16:00:00,2025-06-03 16:00:00,14 01190005103,178749.0,2025.0,0.0,0,0,0,0,0,0.0,,0.0,0,20000,0.0,20000.0,0.0,0.0,17500.0,0,0.0,0.0,0.0,1.0,0.0,0.0,,,Yes,c8eb9cef-86ce-43a1-8f20-c78243bed294
,,33.87738101364922,-84.38301598857298,Stage 5,DPA,Renter,1,1,2690,IA,AH,,,,"AH_DPA,HOB",,Permanent,189150.0,149150.0,0.0,40000.0,2025-06-04 16:00:00,2025-06-04 16:00:00,2025-06-04 16:00:00,17 00950013011,144500.0,4650.0,0.0,0,0,0,0,0,0.0,,0.0,0,20000,0.0,20000.0,0.0,0.0,0.0,0,0.0,0.0,0.0,1.0,0.0,0.0,,,Yes,b75c8590-0d1e-4564-8452-56fcb3a046f5
,,33.774889993376505,-84.48299600020192,Stage 5,DPA,Renter,1,1,2691,IA,AH,,,,"AH_DPA,HOB",,Permanent,329272.0,289272.0,0.0,40000.0,2025-06-06 16:00:00,2025-06-06 16:00:00,2025-06-06 16:00:00,14 020900040196,285500.0,3772.0,0.0,0,0,0,0,0,0.0,,0.0,0,20000,0.0,20000.0,0.0,0.0,0.0,0,0.0,0.0,0.0,0.0,1.0,0.0,,,Yes,7fa545ff-6c9c-4e04-89a2-366a49117b0f
,,33.76746899158109,-84.41766903941411,Stage 5,DPA,Renter,1,1,2692,IA,,,,,TAD,,Permanent,344075.0,324075.0,0.0,20000.0,2025-06-06 16:00:00,2025-06-06 16:00:00,2025-06-06 16:00:00,14 011400051171,319567.0,4508.0,0.0,0,0,0,0,0,0.0,,0.0,20000,0,0.0,0.0,0.0,0.0,0.0,0,0.0,0.0,0.0,0.0,1.0,0.0,,,Yes,5c458e34-2fff-4bbd-86a7-7b6a561c857e
,,33.66085197947026,-84.51630903618238,Stage 5,DPA,Renter,1,1,2693,IA,"AH,Other",,,ANDP,"AH_DPA,HOB,Other",ANDP,Permanent,336785.0,271785.0,0.0,65000.0,2025-06-09 16:00:00,2025-06-09 16:00:00,2025-06-09 16:00:00,14F0002 LL224,268060.0,3725.0,0.0,0,0,0,0,0,0.0,,0.0,0,20000,0.0,25000.0,0.0,0.0,20000.0,0,0.0,0.0,0.0,1.0,0.0,0.0,,,Yes,2db28a3e-0788-49f0-853a-0a1e28f0f414
,,33.76530499372878,-84.409742022124,Stage 5,DPA,Renter,1,1,2694,IA,,,,,TAD,,Permanent,30034.0,10034.0,0.0,20000.0,2025-06-09 16:00:00,2025-06-09 16:00:00,2025-06-09 16:00:00,14 01110009057,141.0,9893.0,0.0,0,0,0,0,0,0.0,,0.0,20000,0,0.0,0.0,0.0,0.0,0.0,0,0.0,0.0,0.0,0.0,1.0,0.0,,,Yes,7b73acfb-ded8-469c-84a4-0a32d609bfba
,,33.763311986701225,-84.3758109884224,Stage 5,DPA,Renter,1,1,2695,IA,AH,,,,"AH_DPA,HOB",,Permanent,224196.0,184196.0,0.0,40000.0,2025-06-09 16:00:00,2025-06-09 16:00:00,2025-06-09 16:00:00,14004600152113,180500.0,3696.0,0.0,0,0,0,0,0,0.0,,0.0,0,20000,0.0,20000.0,0.0,0.0,0.0,0,0.0,0.0,0.0,0.0,1.0,0.0,,,Yes,35875092-f297-480d-8ead-8e7330295678
,,33.66914599839094,-84.35766299458112,Stage 5,DPA,Renter,1,1,2696,IA,,,,,HOB,,Permanent,194381.0,174381.0,0.0,20000.0,2025-06-11 16:00:00,2025-06-11 16:00:00,2025-06-11 16:00:00,14 000300020220,171957.0,2424.0,0.0,0,0,0,0,0,0.0,,0.0,0,20000,0.0,0.0,0.0,0.0,0.0,0,0.0,0.0,0.0,0.0,1.0,0.0,,,Yes,5abc8b4d-0b03-4637-82ed-56e65688cefe
,,33.724251261749295,-84.42367082662369,Stage 5,"DPA,New_Construction",Renter,1,1,2697,IA,AH,,,,"AH_DPA,HOB",,Permanent,251877.0,206877.0,0.0,45000.0,2025-06-12 16:00:00,2025-06-12 16:00:00,2025-06-12 16:00:00,14-0119-0005-150-7,170000.0,36877.0,0.0,0,0,0,0,0,0.0,,0.0,0,20000,0.0,25000.0,0.0,0.0,0.0,0,0.0,0.0,1.0,0.0,0.0,0.0,,,Yes,5fd4849b-c555-4481-88b7-c3a4c208949f
,,33.71472900906332,-84.38419800455878,Stage 5,DPA,Renter,1,1,2698,IA,AH,,,,"AH_DPA,HOB",,Permanent,291275.0,231275.0,0.0,60000.0,2025-06-13 16:00:00,2025-06-13 16:00:00,2025-06-13 16:00:00,14 005600101117,227920.0,3355.0,0.0,0,0,0,0,0,0.0,,0.0,0,20000,0.0,40000.0,0.0,0.0,0.0,0,0.0,0.0,0.0,0.0,1.0,0.0,,,Yes,c8a2c1b7-ccb3-4fb9-87e1-00e74a02b5e2
,,33.69862498422088,-84.49813497462223,Stage 5,DPA,Renter,1,1,2699,IA,AH,,,,"AH_DPA,HOB",,Permanent,274075.0,234075.0,0.0,40000.0,2025-06-17 16:00:00,2025-06-17 16:00:00,2025-06-17 16:00:00,14 0231 LL2686,225400.0,8675.0,0.0,0,0,0,0,0,0.0,,0.0,0,20000,0.0,20000.0,0.0,0.0,0.0,0,0.0,0.0,0.0,0.0,1.0,0.0,,,Yes,51777399-23a0-4553-86fd-90e8c36cafcc
,,33.76711799938564,-84.41668098066779,Stage 5,DPA,Renter,1,1,2700,IA,"AH,Other",,,"FHLB, WFF","AH_DPA,TAD,Other",WFF & FHLB,,300026.0,180026.0,0.0,120000.0,2025-06-27 16:00:00,2025-06-27 16:00:00,2025-06-27 16:00:00,14 01110004046,178501.0,1525.0,0.0,0,0,0,0,0,0.0,,0.0,20000,0,0.0,20000.0,0.0,0.0,80000.0,0,0.0,0.0,0.0,1.0,0.0,0.0,,,Yes,7acfb186-4582-4c70-8589-ff15981868d0
,,33.743300989150654,-84.52730802098631,Stage 5,DPA,Renter,1,1,2701,IA,AH,,,,"AH_DPA,HOB",,Permanent,215970.0,175970.0,0.0,40000.0,2025-06-24 16:00:00,2025-06-24 16:00:00,2025-06-24 16:00:00,14F00490001072,171957.0,4013.0,0.0,0,0,0,0,0,0.0,,0.0,0,20000,0.0,20000.0,0.0,0.0,0.0,0,0.0,0.0,0.0,0.0,1.0,0.0,,,Yes,fa1e8c43-dc4f-4673-8310-714ae7246770
,,33.724861011712264,-84.43212296088792,Stage 5,DPA,Renter,1,1,2702,IA,AH,,,,"AH_DPA,HOB",,Permanent,310520.0,270520.0,0.0,40000.0,2025-06-24 16:00:00,2025-06-24 16:00:00,2025-06-24 16:00:00,14 01380005089,266995.0,3525.0,0.0,0,0,0,0,0,0.0,,0.0,0,20000,0.0,20000.0,0.0,0.0,0.0,0,0.0,0.0,0.0,1.0,0.0,0.0,,,Yes,4802889a-af32-47b6-8da3-7775dbb93252
,,33.69379998356746,-84.39572395961534,Stage 5,DPA,Renter,1,1,2703,IA,AH,,,,"AH_DPA,HOB",,Permanent,201495.0,161495.0,0.0,40000.0,2025-06-27 16:00:00,2025-06-27 16:00:00,2025-06-27 16:00:00,14 00700007018,156949.0,4546.0,0.0,0,0,0,0,0,0.0,,0.0,0,20000,0.0,20000.0,0.0,0.0,0.0,0,0.0,0.0,0.0,0.0,1.0,0.0,,,Yes,6fab3089-9db4-40f6-8cb2-a19d41ffdbc1
,,33.78726424655625,-84.44150439947319,Stage 5,"DPA,New_Construction",Renter,1,1,2704,IA,"AH,Other",,,ANDP,"AH_DPA,HOB,Other",ANDP,Permanent,289317.0,231817.0,0.0,57500.0,2025-06-27 16:00:00,2025-06-27 16:00:00,2025-06-27 16:00:00,17-0225-LL-244-8,224236.0,7581.0,0.0,0,0,0,0,0,0.0,,0.0,0,20000,0.0,20000.0,0.0,0.0,17500.0,0,0.0,0.0,0.0,1.0,0.0,0.0,,,Yes,1218b046-5a67-43d1-805b-6e105bbb8483
,,33.80212401216948,-84.46517196691836,Stage 5,DPA,Renter,1,1,2705,IA,,,,,"HOB,Housing_Trust_Fund",,Permanent,289181.0,269181.0,0.0,20000.0,2025-06-30 16:00:00,2025-06-30 16:00:00,2025-06-30 16:00:00,17 02460002008,265465.0,3716.0,0.0,0,0,0,0,0,0.0,,0.0,0,10000,10000.0,0.0,0.0,0.0,0.0,0,0.0,0.0,0.0,0.0,1.0,0.0,,,Yes,075d98d2-00ae-411b-88d6-5c1e4949ec82
,,33.72447598898991,-84.4085650352801,Stage 5,DPA,Renter,1,1,2706,IA,AH,,,,"AH_DPA,HOB",,Permanent,231025.0,191025.0,0.0,40000.0,2025-06-30 16:00:00,2025-06-30 16:00:00,2025-06-30 16:00:00,14 01060013046,189500.0,1525.0,0.0,0,0,0,0,0,0.0,,0.0,0,20000,0.0,20000.0,0.0,0.0,0.0,0,0.0,0.0,0.0,0.0,1.0,0.0,,,Yes,3458458d-2826-4747-86cd-48d5916df99f
,,33.75691198453163,-84.4376019595366,Stage 5,DPA,Renter,1,1,2707,IA,,,,,HOB,,Permanent,259965.0,239965.0,0.0,20000.0,2025-06-30 16:00:00,2025-06-30 16:00:00,2025-06-30 16:00:00,14-0147-0005-063-8,238393.0,1572.0,0.0,0,0,0,0,0,0.0,,0.0,0,20000,0.0,0.0,0.0,0.0,0.0,0,0.0,0.0,0.0,0.0,1.0,0.0,,,Yes,883c0c50-3615-484a-822f-94b825ba8fe3
,,33.70394598399473,-84.41136199255071,Stage 5,DPA,Homeowner,1,1,2708,AH,,,,,AH_DPA,,,25000.0,0.0,0.0,25000.0,,2025-04-25 16:00:00,2025-05-28 16:00:00,,0.0,0.0,0.0,0,0,0,0,0,0.0,,0.0,0,0,0.0,25000.0,0.0,0.0,0.0,0,0.0,1.0,0.0,0.0,0.0,0.0,,,Yes,e1b42c09-cf1b-4e89-8c93-60a45e2857db
,,33.710903952908374,-84.38545352560634,Stage 5,DPA,Homeowner,1,1,2709,AH,,,,,AH_DPA,,,25000.0,0.0,0.0,25000.0,,2025-04-29 16:00:00,2025-05-29 16:00:00,,0.0,0.0,0.0,0,0,0,0,0,0.0,,0.0,0,0,0.0,25000.0,0.0,0.0,0.0,0,0.0,1.0,0.0,0.0,0.0,0.0,,,Yes,fee5f231-03b1-43eb-8276-e85e836e96a5
,,33.75268195288981,-84.51713702557424,Stage 5,DPA,Homeowner,1,1,2710,AH,,,,,AH_DPA,,,20000.0,0.0,0.0,20000.0,,2025-05-01 16:00:00,2025-05-30 16:00:00,,0.0,0.0,0.0,0,0,0,0,0,0.0,,0.0,0,0,0.0,20000.0,0.0,0.0,0.0,0,0.0,0.0,0.0,1.0,0.0,0.0,,,Yes,063836d4-dfa0-4f41-8d1c-f7e9d683ce48
,,33.75290300406184,-84.50422300235564,Stage 5,DPA,Homeowner,1,1,2711,AH,,,,,AH_DPA,,,20000.0,0.0,0.0,20000.0,,2025-05-15 16:00:00,2025-06-24 16:00:00,,0.0,0.0,0.0,0,0,0,0,0,0.0,,0.0,0,0,0.0,20000.0,0.0,0.0,0.0,0,0.0,0.0,1.0,0.0,0.0,0.0,,,Yes,361f11e0-1c24-4308-8e1e-49a8deb3c479
,,33.753425992910465,-84.50637899549044,Stage 5,DPA,Homeowner,1,1,2712,AH,,,,,AH_DPA,,,20000.0,0.0,0.0,20000.0,,2024-06-02 16:00:00,2025-06-26 16:00:00,,0.0,0.0,0.0,0,0,0,0,0,0.0,,0.0,0,0,0.0,20000.0,0.0,0.0,0.0,0,0.0,1.0,0.0,0.0,0.0,0.0,,,Yes,33505d98-d86c-4bad-8332-5b303a8d3523
,,33.75221179041648,-84.51537428634026,Stage 5,DPA,Homeowner,1,1,2713,IA,AH,,,,"AH_DPA,HOB",,Permanent,218532.0,178532.0,0.0,40000.0,2025-07-08 16:00:00,2025-07-08 16:00:00,2025-07-08 16:00:00,14F00660002024,176027.0,2505.0,0.0,0,0,0,0,0,0.0,,0.0,0,20000,0.0,20000.0,0.0,0.0,0.0,0,0.0,0.0,1.0,0.0,0.0,0.0,,,Yes,9c5f0933-67b4-47ac-86de-2a9ab9f714d1
,,33.67081320084202,-84.5156206304746,Stage 5,DPA,Homeowner,1,1,2714,IA,AH,,,,"AH_DPA,HOB",,Permanent,228249.0,188249.0,0.0,40000.0,2025-07-03 16:00:00,2025-07-03 16:00:00,2025-07-03 16:00:00,,185000.0,3249.0,0.0,0,0,0,0,0,0.0,,0.0,0,20000,0.0,20000.0,0.0,0.0,0.0,0,0.0,0.0,0.0,0.0,1.0,0.0,,,Yes,f0e96c3e-dfc5-4b91-8685-e3d316ba6a1f
,,33.690547344130735,-84.41372024100913,Stage 5,DPA,Homeowner,1,1,2715,IA,,,,,HOB,,Permanent,205236.0,185236.0,0.0,20000.0,2025-07-03 16:00:00,2025-07-03 16:00:00,2025-07-03 16:00:00,14 010200080349,182641.0,2595.0,0.0,0,0,0,0,0,0.0,,0.0,0,20000,0.0,0.0,0.0,0.0,0.0,0,0.0,0.0,0.0,0.0,1.0,0.0,,,Yes,eee64939-4cb7-4635-8305-f70288de83ce
,,33.69872523178287,-84.49624141887587,Stage 5,DPA,Homeowner,1,1,2716,IA,AH,,,,"AH_DPA,HOB",,Permanent,266484.0,226484.0,0.0,40000.0,2025-07-03 16:00:00,2025-07-03 16:00:00,2025-07-03 16:00:00,14 0231 LL407,217000.0,9484.0,0.0,0,0,0,0,0,0.0,,0.0,0,20000,0.0,20000.0,0.0,0.0,0.0,0,0.0,0.0,0.0,1.0,0.0,0.0,,,Yes,df7c737e-6f2a-4115-8b76-389680c43029
,,33.74278797476683,-84.50599535578209,Stage 5,DPA,Homeowner,1,1,2717,IA,AH,,,,"AH_DPA,HOB",,Permanent,244607.0,204607.0,0.0,40000.0,2025-07-03 16:00:00,2025-07-03 16:00:00,2025-07-03 16:00:00,14F0012 LL228,200447.0,4160.0,0.0,0,0,0,0,0,0.0,,0.0,0,20000,0.0,20000.0,0.0,0.0,0.0,0,0.0,0.0,0.0,0.0,1.0,0.0,,,Yes,d39e461e-d1cf-413e-8265-6960c122cb45
,,33.76988662582352,-84.41273603793827,Stage 5,DPA,Homeowner,1,1,2718,IA,"AH,Other",,,WESTSIDE FUTURE FUNDS,"AH_DPA,Housing_Trust_Fund,Other",WESTSIDE FUTURE FUNDS,Permanent,323576.0,208576.0,0.0,115000.0,2025-07-08 16:00:00,2025-07-08 16:00:00,2025-07-08 16:00:00,14 01110002062,202999.0,5577.0,0.0,0,0,0,0,0,0.0,,0.0,0,0,20000.0,25000.0,0.0,0.0,70000.0,0,0.0,0.0,0.0,1.0,0.0,0.0,,,Yes,4cc82926-550b-4a97-8df6-c4484f3dbc4f
,,33.771887008925844,-84.47319101750534,Stage 5,DPA,Homeowner,1,1,2719,IA,"AH,Other",,,ANDP,"AH_DPA,HOB,Other",ANDP,Permanent,333465.0,273465.0,0.0,60000.0,2025-07-08 16:00:00,2025-07-08 16:00:00,2025-07-08 16:00:00,14 02080011013,254894.0,18571.0,0.0,0,0,0,0,0,0.0,,0.0,0,20000,0.0,20000.0,0.0,0.0,20000.0,0,0.0,0.0,0.0,0.0,1.0,0.0,,,Yes,5b9322f8-e0c9-4fff-8963-af44fb40e405
,,33.79399235071335,-84.4849447926902,Stage 5,DPA,Homeowner,1,1,2720,IA,,,,,HOB,,Permanent,334308.0,314308.0,0.0,20000.0,2025-07-11 16:00:00,2025-07-11 16:00:00,2025-07-11 16:00:00,1702580001004,279000.0,35308.0,0.0,0,0,0,0,0,0.0,,0.0,0,20000,0.0,0.0,0.0,0.0,0.0,0,0.0,0.0,0.0,0.0,1.0,0.0,,,Yes,548bb0fe-cc1d-48ea-8e5b-800d9b5ec592
,,33.708380513688724,-84.38447142224035,Stage 5,DPA,Homeowner,1,1,2721,IA,AH,,,,"AH_DPA,HOB",,Permanent,222752.0,182752.0,0.0,40000.0,2025-07-11 16:00:00,2025-07-11 16:00:00,2025-07-11 16:00:00,4 00570028003,175250.0,7502.0,0.0,0,0,0,0,0,0.0,,0.0,0,20000,0.0,20000.0,0.0,0.0,0.0,0,0.0,0.0,0.0,0.0,1.0,0.0,,,Yes,eac1289b-ce33-4af2-8886-66d846419b81
,,33.66498870014444,-84.37862806226063,Stage 5,DPA,Homeowner,1,1,2722,IA,AH,,,,"AH_DPA,HOB",,Permanent,263975.0,223975.0,0.0,40000.0,2025-07-15 16:00:00,2025-07-15 16:00:00,2025-07-15 16:00:00,14 00340002009,208000.0,15975.0,0.0,0,0,0,0,0,0.0,,0.0,0,20000,0.0,20000.0,0.0,0.0,0.0,0,0.0,0.0,0.0,0.0,1.0,0.0,,,Yes,7c1e8d31-55a5-4834-84e2-effa18e0df33
,,33.686411713103944,-84.40682252142899,Stage 5,DPA,Homeowner,1,1,2723,IA,AH,,,,"AH_DPA,HOB",,Permanent,316370.0,276370.0,0.0,40000.0,2025-07-16 16:00:00,2025-07-16 16:00:00,2025-07-16 16:00:00,1400920001073,267093.0,9277.0,0.0,0,0,0,0,0,0.0,,0.0,0,20000,0.0,20000.0,0.0,0.0,0.0,0,0.0,0.0,0.0,0.0,1.0,0.0,,,Yes,67252bfc-85bd-487c-8b03-14b3ac47a125
,,33.753581309576326,-84.50874042907205,Stage 5,New_Construction,Homeowner,1,1,2724,IA,AH,,,,"AH_DPA,HOB",,Permanent,353041.0,308041.0,0.0,45000.0,2025-07-16 16:00:00,2025-07-16 16:00:00,2025-07-16 16:00:00,0000-01000000,301000.0,7041.0,0.0,0,0,0,0,0,0.0,,0.0,0,20000,0.0,25000.0,0.0,0.0,0.0,0,0.0,0.0,0.0,0.0,1.0,0.0,,,Yes,d701e35b-c7ee-48b7-8d7d-539be081d3f4
,,33.6954427108613,-84.52066209377752,Stage 5,DPA,Homeowner,1,1,2725,IA,AH,,,,"AH_DPA,HOB",,Permanent,218092.0,173092.0,0.0,45000.0,2025-07-17 16:00:00,2025-07-17 16:00:00,2025-07-17 16:00:00,14F-0032-LL-117-0,171092.0,2000.0,0.0,0,0,0,0,0,0.0,,0.0,0,20000,0.0,25000.0,0.0,0.0,0.0,0,0.0,0.0,0.0,0.0,1.0,0.0,,,Yes,939216be-4906-4061-8994-b4467b27c997
,,33.73742301191082,-84.31406100481473,Stage 5,DPA,Homeowner,1,1,2726,IA,AH,,,,"AH_DPA,HOB",,Permanent,206209.0,161209.0,0.0,45000.0,2025-07-18 16:00:00,2025-07-18 16:00:00,2025-07-18 16:00:00,15 173 08 107,154500.0,6709.0,0.0,0,0,0,0,0,0.0,,0.0,0,20000,0.0,25000.0,0.0,0.0,0.0,0,0.0,0.0,0.0,0.0,1.0,0.0,,,Yes,a6c81f48-ab2a-4714-89b5-0288de709a79
,,33.687710950005666,-84.35870838554516,Stage 5,DPA,Homeowner,1,1,2727,IA,AH,,,,"AH_DPA,HOB",,Permanent,312718.0,267718.0,0.0,45000.0,2025-07-22 16:00:00,2025-07-22 16:00:00,2025-07-22 16:00:00,14 000500010054,264750.0,2968.0,0.0,0,0,0,0,0,0.0,,0.0,0,20000,0.0,25000.0,0.0,0.0,0.0,0,0.0,0.0,0.0,0.0,1.0,0.0,,,Yes,6e942bd5-757d-4f75-8d64-53cd72a2f7f5
,,33.67106071844279,-84.39397817682195,Stage 5,DPA,Homeowner,1,1,2728,IA,AH,,,,"AH_DPA,HOB",,Permanent,202320.0,162320.0,0.0,40000.0,2025-07-24 16:00:00,2025-07-24 16:00:00,2025-07-24 16:00:00,14 00670001027,160765.0,1555.0,0.0,0,0,0,0,0,0.0,,0.0,0,20000,0.0,20000.0,0.0,0.0,0.0,0,0.0,0.0,0.0,1.0,0.0,0.0,,,Yes,5fd0e79a-fe3f-4f89-8ca3-dada79eaca96
,,33.73523826884814,-84.44702330252483,Stage 5,DPA,Homeowner,1,1,2729,IA,AH,,,,"AH_DPA,HOB",,Permanent,250733.0,210733.0,0.0,40000.0,2025-07-25 16:00:00,2025-07-25 16:00:00,2025-07-25 16:00:00,14 01500007028,206997.0,3736.0,0.0,0,0,0,0,0,0.0,,0.0,0,20000,0.0,20000.0,0.0,0.0,0.0,0,0.0,0.0,0.0,0.0,1.0,0.0,,,Yes,c0e487ec-b90b-4b67-8cf4-a94a9c53d5f3
,,33.75853845093331,-84.44832409007863,Stage 5,DPA,Homeowner,1,1,2730,IA,AH,,,,"AH_DPA,HOB",,Permanent,288556.0,243556.0,0.0,45000.0,2025-07-31 16:00:00,2025-07-31 16:00:00,2025-07-31 16:00:00,1401740011052,243294.0,262.0,0.0,0,0,0,0,0,0.0,,0.0,0,20000,0.0,25000.0,0.0,0.0,0.0,0,0.0,0.0,0.0,1.0,0.0,0.0,,,Yes,b5d571b2-9205-4a79-8aa4-6c5aec07e2e9
,,33.76485442452357,-84.45559237359817,Stage 5,DPA,Homeowner,1,1,2731,IA,AH,,,,"AH_DPA,HOB",,Permanent,159257.0,119257.0,0.0,40000.0,2025-07-31 16:00:00,2025-07-31 16:00:00,2025-07-31 16:00:00,1401750007041,117500.0,1757.0,0.0,0,0,0,0,0,0.0,,0.0,0,20000,0.0,20000.0,0.0,0.0,0.0,0,0.0,0.0,1.0,0.0,0.0,0.0,,,Yes,5baa382a-510b-4d6f-8ccc-4cac06a64a16
,,33.724665210454106,-84.42994433661454,Stage 5,DPA,Homeowner,1,1,2732,IA,AH,,,,"AH_DPA,HOB",,Permanent,390201.0,350201.0,0.0,40000.0,2025-07-31 16:00:00,2025-07-31 16:00:00,2025-07-31 16:00:00,14 013800060240,344400.0,5801.0,0.0,0,0,0,0,0,0.0,,0.0,0,20000,0.0,20000.0,0.0,0.0,0.0,0,0.0,0.0,0.0,0.0,1.0,0.0,,,Yes,275270fe-4e33-45e3-8db4-6d09ae39e61b
,,33.76143895289097,-84.5205300255757,Stage 5,Rehab_HomeFlex,Homeowner,1,1,2733,COA,Other,,,Rebuilding Together Atlanta,CDBG,,,13125.0,0.0,0.0,13125.0,,2025-04-17 16:00:00,2025-06-17 16:00:00,,0.0,0.0,0.0,0,0,0,0,0,13125.0,,0.0,0,0,0.0,0.0,0.0,0.0,0.0,0,1.0,0.0,0.0,0.0,0.0,0.0,,,Yes,9dd56f72-0117-40c5-85d0-6f32a962a15b
,,33.76003495290057,-84.47285702559144,Stage 5,Rehab_HomeFlex,Homeowner,1,1,2734,COA,Other,,,Rebuilding Together Atlanta,CDBG,,,5850.0,0.0,0.0,5850.0,,2025-04-30 16:00:00,2025-06-30 16:00:00,,0.0,0.0,0.0,0,0,0,0,0,5850.0,,0.0,0,0,0.0,0.0,0.0,0.0,0.0,0,1.0,0.0,0.0,0.0,0.0,0.0,,,Yes,cf1a1330-aba9-4526-87ed-b326be70d1c4
,,33.75909895290605,-84.44578952560032,Stage 5,Rehab_HomeFlex,Homeowner,1,1,2735,COA,Other,,,Rebuilding Together Atlanta,CDBG,,,7748.0,0.0,0.0,7748.0,,2025-05-14 16:00:00,2025-07-14 16:00:00,,0.0,0.0,0.0,0,0,0,0,0,7748.0,,0.0,0,0,0.0,0.0,0.0,0.0,0.0,0,1.0,0.0,0.0,0.0,0.0,0.0,,,Yes,e107b36a-3229-4af8-85ad-b58dbc716b37
,,33.76078195291211,-84.4155765256096,Stage 5,Rehab_HomeFlex,Homeowner,1,1,2736,COA,Other,,,Rebuilding Together Atlanta,CDBG,,,8210.0,0.0,0.0,8210.0,,2025-05-15 16:00:00,2025-07-15 16:00:00,,0.0,0.0,0.0,0,0,0,0,0,8210.0,,0.0,0,0,0.0,0.0,0.0,0.0,0.0,0,0.0,1.0,0.0,0.0,0.0,0.0,,,Yes,a4004eb6-98bd-40c1-8019-78396d3e87ab
,,33.67716295290284,-84.37775402559885,Stage 5,Rehab_HomeFlex,Homeowner,1,1,2737,COA,Other,,,Rebuilding Together Atlanta,CDBG,,,8660.0,0.0,0.0,8660.0,,2025-05-16 16:00:00,2025-07-16 16:00:00,,0.0,0.0,0.0,0,0,0,0,0,8660.0,,0.0,0,0,0.0,0.0,0.0,0.0,0.0,0,0.0,1.0,0.0,0.0,0.0,0.0,,,Yes,b8b51cf7-14b2-438a-8235-f5fc6c316455
,,33.730361952900004,-84.44547902559182,Stage 5,Rehab_HomeFlex,Homeowner,1,1,2738,COA,Other,,,Rebuilding Together Atlanta,CDBG,,,7203.0,0.0,0.0,7203.0,,2025-05-31 16:00:00,2025-07-31 16:00:00,,0.0,0.0,0.0,0,0,0,0,0,7203.0,,0.0,0,0,0.0,0.0,0.0,0.0,0.0,0,1.0,0.0,0.0,0.0,0.0,0.0,,,Yes,420ec16f-668a-40a1-8e53-1575431dc177
,,33.74701786029479,-84.50070168101261,Stage 5,DPA,Homeowner,1,1,2739,IA,AH,,,,"AH_DPA,HOB",,Permanent,276585.0,231585.0,0.0,45000.0,2025-08-29 16:00:00,2025-08-29 16:00:00,2025-08-29 16:00:00,140245LL2599,229319.0,2266.0,0.0,0,0,0,0,0,0.0,,0.0,0,20000,0.0,25000.0,0.0,0.0,0.0,0,0.0,0.0,0.0,0.0,1.0,0.0,,,Yes,2715d93e-646c-4e30-8562-420c9e55677e
,,33.68795395287173,-84.53854802554773,Stage 5,DPA,Homeowner,1,1,2740,IA,AH,,,,"AH_DPA,HOB",,Permanent,189002.0,144002.0,0.0,45000.0,2025-08-29 16:00:00,2025-08-29 16:00:00,2025-08-29 16:00:00,14F006600060570,141178.0,2824.0,0.0,0,0,0,0,0,0.0,,0.0,0,20000,0.0,25000.0,0.0,0.0,0.0,0,0.0,0.0,1.0,0.0,0.0,0.0,,,Yes,51ba7fd3-6207-4e7d-8c26-cfdfee3158a0
,,33.724542750848705,-84.42346261088898,Stage 5,DPA,Homeowner,1,1,2741,IA,AH,,,,"AH_DPA,HOB",,Permanent,162282.0,122282.0,0.0,40000.0,2025-08-15 16:00:00,2025-08-15 16:00:00,2025-08-15 16:00:00,14 011900051333,113000.0,9282.0,0.0,0,0,0,0,0,0.0,,0.0,0,20000,0.0,20000.0,0.0,0.0,0.0,0,0.0,0.0,0.0,1.0,0.0,0.0,,,Yes,85512f65-a568-4f2f-88d0-70b1268165f6
,,33.77202099364811,-84.47285398117864,Stage 5,DPA,Homeowner,1,1,2742,IA,AH,,,,"AH_DPA,HOB",,Permanent,340675.0,295675.0,0.0,45000.0,2025-08-07 16:00:00,2025-08-07 16:00:00,2025-08-07 16:00:00,14 02080011013,288970.0,6705.0,0.0,0,0,0,0,0,0.0,,0.0,0,20000,0.0,25000.0,0.0,0.0,0.0,0,0.0,0.0,0.0,0.0,1.0,0.0,,,Yes,0203971a-ddbf-4dca-825f-7c1b432e0099
,,33.69176867124242,-84.38742730039517,Stage 5,DPA,Homeowner,1,1,2743,IA,AH,,,,"AH_DPA,HOB",,Permanent,268605.0,228605.0,0.0,40000.0,2025-08-11 16:00:00,2025-08-11 16:00:00,2025-08-11 16:00:00,14 00590003068,226500.0,2105.0,0.0,0,0,0,0,0,0.0,,0.0,0,20000,0.0,20000.0,0.0,0.0,0.0,0,0.0,0.0,0.0,0.0,1.0,0.0,,,Yes,a40210b8-0a59-4141-876b-07f2e3a8057d
,,33.717583599999976,-84.5290237,Stage 5,DPA,Homeowner,1,1,2744,IA,AH,,,,"AH_DPA,HOB",,Permanent,286630.0,241630.0,0.0,45000.0,2025-08-29 16:00:00,2025-08-29 16:00:00,2025-08-29 16:00:00,14F0043 LL158,240130.0,1500.0,0.0,0,0,0,0,0,0.0,,0.0,0,20000,0.0,25000.0,0.0,0.0,0.0,0,0.0,0.0,0.0,0.0,1.0,0.0,,,Yes,4f37fd94-d255-4587-8459-3032d786bf03
,,33.7203592172453,-84.44660613520378,Stage 5,DPA,Homeowner,1,1,2745,IA,AH,,,,"AH_DPA,HOB",,Permanent,356229.0,316229.0,0.0,40000.0,2025-08-13 16:00:00,2025-08-13 16:00:00,2025-08-13 16:00:00,14 01520008017,313237.0,2992.0,0.0,0,0,0,0,0,0.0,,0.0,0,20000,0.0,20000.0,0.0,0.0,0.0,0,0.0,0.0,0.0,0.0,1.0,0.0,,,Yes,0fc3cc54-17be-49eb-8953-cf42a7eeb812
,,33.724542750848705,-84.42346261088898,Stage 5,DPA,Homeowner,1,1,2746,IA,AH,,,,"AH_DPA,HOB",,Permanent,235520.0,190520.0,0.0,45000.0,2025-08-26 16:00:00,2025-08-26 16:00:00,2025-08-26 16:00:00,14 011900051341,168000.0,22520.0,0.0,0,0,0,0,0,0.0,,0.0,0,20000,0.0,25000.0,0.0,0.0,0.0,0,0.0,0.0,1.0,0.0,0.0,0.0,,,Yes,29e2ea23-7ca3-4c0f-828a-78af66150430
,,33.717583599999976,-84.5290237,Stage 5,DPA,Homeowner,1,1,2747,IA,,,,,HOB,,Permanent,264796.0,247855.0,0.0,16941.0,2025-08-14 16:00:00,2025-08-14 16:00:00,2025-08-14 16:00:00,14F0043 LL113,245497.0,2358.0,0.0,0,0,0,0,0,0.0,,0.0,0,16941,0.0,0.0,0.0,0.0,0.0,0,0.0,0.0,0.0,0.0,1.0,0.0,,,Yes,3c672ed9-743f-4708-8956-be82d277855e
,,33.66276999999999,-84.39238499999999,Stage 5,DPA,Homeowner,1,1,2748,IA,,,,,HOB,,Permanent,400009.0,380009.0,0.0,20000.0,2025-08-29 16:00:00,2025-08-29 16:00:00,2025-08-29 16:00:00,NOT ASSIGNED,374434.0,5575.0,0.0,0,0,0,0,0,0.0,,0.0,0,20000,0.0,0.0,0.0,0.0,0.0,0,0.0,0.0,0.0,0.0,1.0,0.0,,,Yes,c6992f6a-9132-4bbf-897b-d41d5ceb3129
,,33.772103952901205,-84.48223952559184,Stage 5,Rehab_HomeFlex,Homeowner,1,1,2749,COA,Other,,,Rebuilding Together Atlanta,CDBG,,,8406.0,0.0,0.0,8406.0,,2025-06-04 16:00:00,2025-08-04 16:00:00,,0.0,0.0,0.0,0,0,0,0,0,8406.0,,0.0,0,0,0.0,0.0,0.0,0.0,0.0,0,0.0,0.0,1.0,0.0,0.0,0.0,,,Yes,6d9589f2-85a8-449e-888e-34935fe90f45
,,33.69816895291141,-84.35792702561183,Stage 5,Rehab_HomeFlex,Homeowner,1,1,2750,COA,Other,,,Rebuilding Together Atlanta,CDBG,,,7733.0,0.0,0.0,7733.0,,2025-06-30 16:00:00,2025-08-31 16:00:00,,0.0,0.0,0.0,0,0,0,0,0,7733.0,,0.0,0,0,0.0,0.0,0.0,0.0,0.0,0,0.0,1.0,0.0,0.0,0.0,0.0,,,Yes,695ed21f-8ce1-409c-8444-2ec336913c7c
,,33.69430214338671,-84.39316446166167,Stage 5,DPA,Homeowner,1,1,2751,AH,,,,,AH_DPA,,,20000.0,0.0,0.0,20000.0,,2025-05-01 16:00:00,2025-07-08 16:00:00,,0.0,0.0,0.0,0,0,0,0,0,0.0,,0.0,0,0,0.0,20000.0,0.0,0.0,0.0,0,0.0,1.0,0.0,0.0,0.0,0.0,,,Yes,10b85cf6-2529-4ebb-864c-03e7b605a4aa
,,33.742973843469734,-84.5055125581592,Stage 5,DPA,Homeowner,1,1,2752,AH,,,,,AH_DPA,,,20000.0,0.0,0.0,20000.0,,2025-06-05 16:00:00,2025-07-08 16:00:00,,0.0,0.0,0.0,0,0,0,0,0,0.0,,0.0,0,0,0.0,20000.0,0.0,0.0,0.0,0,0.0,0.0,1.0,0.0,0.0,0.0,,,Yes,d1884dda-ee35-41de-833e-72792ee2cb87
,,33.66269788409708,-84.51543941372793,Stage 5,DPA,Homeowner,1,1,2753,AH,,,,,AH_DPA,,,20000.0,0.0,0.0,20000.0,,2025-06-12 16:00:00,2025-07-08 16:00:00,,0.0,0.0,0.0,0,0,0,0,0,0.0,,0.0,0,0,0.0,20000.0,0.0,0.0,0.0,0,0.0,0.0,1.0,0.0,0.0,0.0,,,Yes,168539f3-0208-4bb5-8fce-7676c65231d7
,,33.766704017187784,-84.50034301937575,Stage 5,DPA,Homeowner,1,1,2754,AH,,,,,AH_DPA,,,20000.0,0.0,0.0,20000.0,,2025-06-18 16:00:00,2025-07-10 16:00:00,,0.0,0.0,0.0,0,0,0,0,0,0.0,,0.0,0,0,0.0,20000.0,0.0,0.0,0.0,0,0.0,0.0,0.0,1.0,0.0,0.0,,,Yes,1c3c098d-044b-4fe0-8fda-ddcf002297f7
,,33.69640474379826,-84.49586414941395,Stage 5,DPA,Homeowner,1,1,2755,AH,,,,,AH_DPA,,,25000.0,0.0,0.0,25000.0,,2025-06-27 16:00:00,2025-07-21 16:00:00,,0.0,0.0,0.0,0,0,0,0,0,0.0,,0.0,0,0,0.0,25000.0,0.0,0.0,0.0,0,0.0,1.0,0.0,0.0,0.0,0.0,,,Yes,6f6b6004-88eb-4f22-8415-93e71e99ad04
,,33.77634391830132,-84.50820222706916,Stage 5,DPA,Homeowner,1,1,2756,AH,,,,,AH_DPA,,,20000.0,0.0,0.0,20000.0,,2025-06-25 16:00:00,2025-07-22 16:00:00,,0.0,0.0,0.0,0,0,0,0,0,0.0,,0.0,0,0,0.0,20000.0,0.0,0.0,0.0,0,0.0,1.0,0.0,0.0,0.0,0.0,,,Yes,43162283-1f34-4ba5-8d69-3a622c413abc
,,33.751835952891945,-84.50602652557777,Stage 5,DPA,Homeowner,1,1,2757,AH,,,,,AH_DPA,,,20000.0,0.0,0.0,20000.0,,2025-07-09 16:00:00,2025-08-05 16:00:00,,0.0,0.0,0.0,0,0,0,0,0,0.0,,0.0,0,0,0.0,20000.0,0.0,0.0,0.0,0,0.0,0.0,0.0,1.0,0.0,0.0,,,Yes,8726be59-6e6f-4405-8271-5156045aa050
,,33.821802206254475,-84.38327582757142,Stage 5,DPA,Homeowner,1,1,2758,AH,,,,,AH_DPA,,,20000.0,0.0,0.0,20000.0,,2025-07-09 16:00:00,2025-08-05 16:00:00,,0.0,0.0,0.0,0,0,0,0,0,0.0,,0.0,0,0,0.0,20000.0,0.0,0.0,0.0,0,0.0,1.0,0.0,0.0,0.0,0.0,,,Yes,7d5fcd38-bc07-4dbe-86e7-240f13aa12d2
,,33.74117095288979,-84.50571152557467,Stage 5,DPA,Homeowner,1,1,2759,AH,,,,,AH_DPA,,,20000.0,0.0,0.0,20000.0,,2025-07-22 16:00:00,2025-08-08 16:00:00,,0.0,0.0,0.0,0,0,0,0,0,0.0,,0.0,0,0,0.0,20000.0,0.0,0.0,0.0,0,0.0,0.0,1.0,0.0,0.0,0.0,,,Yes,28d9a5b8-b2f0-42fb-865e-7eb849923a7a
,,33.69476695290357,-84.39201002559929,Stage 5,DPA,Homeowner,1,1,2760,AH,,,,,AH_DPA,,,20000.0,0.0,0.0,20000.0,,2025-07-18 16:00:00,2025-08-12 16:00:00,,0.0,0.0,0.0,0,0,0,0,0,0.0,,0.0,0,0,0.0,20000.0,0.0,0.0,0.0,0,0.0,1.0,0.0,0.0,0.0,0.0,,,Yes,aeeb6141-ba26-45d5-8b57-e2bfe405402a
,,33.7687919529068,-84.45205352560109,Stage 5,DPA,Homeowner,1,1,2761,AH,,,,,AH_DPA,,,25000.0,0.0,0.0,25000.0,,2025-07-16 16:00:00,2025-08-12 16:00:00,,0.0,0.0,0.0,0,0,0,0,0,0.0,,0.0,0,0,0.0,25000.0,0.0,0.0,0.0,0,0.0,1.0,0.0,0.0,0.0,0.0,,,Yes,d1387ac0-8793-4844-88d1-a51c60a9447f
,,33.67029595290084,-84.38034152559597,Stage 5,DPA,Homeowner,1,1,2762,AH,,,,,AH_DPA,,,25000.0,0.0,0.0,25000.0,,2025-07-23 16:00:00,2025-08-19 16:00:00,,0.0,0.0,0.0,0,0,0,0,0,0.0,,0.0,0,0,0.0,25000.0,0.0,0.0,0.0,0,0.0,0.0,1.0,0.0,0.0,0.0,,,Yes,c9896be4-c14c-4816-8dc8-23caf7247bb7
,,33.7279139529027,-84.43005752559633,Stage 5,DPA,Homeowner,1,1,2763,AH,,,,,AH_DPA,,,20000.0,0.0,0.0,20000.0,,2025-07-31 16:00:00,2025-08-26 16:00:00,,0.0,0.0,0.0,0,0,0,0,0,0.0,,0.0,0,0,0.0,20000.0,0.0,0.0,0.0,0,0.0,0.0,0.0,1.0,0.0,0.0,,,Yes,6bf29942-abc9-4107-807f-4ae0e0a045f6
,,33.867062010740426,-84.31937303595217,Stage 5,DPA,Homeowner,1,1,2764,AH,,,,,AH_DPA,,,20000.0,0.0,0.0,20000.0,,2025-07-09 16:00:00,2025-08-04 16:00:00,,0.0,0.0,0.0,0,0,0,0,0,0.0,,0.0,0,0,0.0,20000.0,0.0,0.0,0.0,0,0.0,0.0,0.0,1.0,0.0,0.0,,,Yes,a91ba9d7-8b4c-4cba-88b4-16f5fa2d2053
,,33.717583599999976,-84.5290237,Stage 5,DPA,Homeowner,1,1,2765,IA,AH,,,,"AH_DPA,HOB",,Permanent,231698.0,193776.0,0.0,37922.0,2025-09-16 16:00:00,2025-09-16 16:00:00,2025-09-16 16:00:00,14F00660001020,190000.0,3776.0,0.0,0,0,0,0,0,0.0,,0.0,0,17922,0.0,20000.0,0.0,0.0,0.0,0,0.0,0.0,0.0,1.0,0.0,0.0,,,Yes,a3a5b5a7-7ab8-4abe-8beb-f3c56a428856
,,33.729723982387085,-84.33422291853195,Stage 5,DPA,Homeowner,1,1,2766,IA,AH,,,,"AH_DPA,HOB",,Permanent,389122.0,349122.0,0.0,40000.0,2025-09-17 16:00:00,2025-09-17 16:00:00,2025-09-17 16:00:00,15 146 12 048,342490.0,6632.0,0.0,0,0,0,0,0,0.0,,0.0,0,20000,0.0,20000.0,0.0,0.0,0.0,0,0.0,0.0,0.0,0.0,1.0,0.0,,,Yes,6a03001f-ffdf-42b8-8285-526e9396ff9d
,,33.66276999999999,-84.39238499999999,Stage 5,"DPA,New_Construction",Homeowner,1,1,2767,IA,,,,,HOB,,Permanent,352828.0,332828.0,0.0,20000.0,2025-09-22 16:00:00,2025-09-22 16:00:00,2025-09-22 16:00:00,NOT ASSIGNED,320505.0,12323.0,0.0,0,0,0,0,0,0.0,,0.0,0,20000,0.0,0.0,0.0,0.0,0.0,0,0.0,0.0,0.0,0.0,1.0,0.0,,,Yes,b0666545-5181-4934-8508-8e29cc4340d1
,,33.775931319117504,-84.511538308352,Stage 5,DPA,Homeowner,1,1,2768,IA,AH,,,,"AH_DPA,HOB",,Permanent,196699.0,154410.0,0.0,42289.0,2025-09-24 16:00:00,2025-09-24 16:00:00,2025-09-24 16:00:00,14F00160002026,148800.0,5610.0,0.0,0,0,0,0,0,0.0,,0.0,0,17289,0.0,25000.0,0.0,0.0,0.0,0,0.0,1.0,0.0,0.0,0.0,0.0,,,Yes,07dad0bf-d0c6-4831-8fc8-6bb144c63f37
,,33.724542750848705,-84.42346261088898,Stage 5,"DPA,New_Construction",Homeowner,1,1,2769,IA,AH,,,,"AH_DPA,HOB",,Permanent,224999.0,179999.0,0.0,45000.0,2025-09-26 16:00:00,2025-09-26 16:00:00,2025-09-26 16:00:00,14-0119-0005-1325,175500.0,4499.0,0.0,0,0,0,0,0,0.0,,0.0,0,20000,0.0,25000.0,0.0,0.0,0.0,0,0.0,0.0,0.0,1.0,0.0,0.0,,,Yes,4c34607b-dd40-4e0e-8a83-27d7906d106f
,,33.686597791354444,-84.35500651800773,Stage 5,DPA,Homeowner,1,1,2770,IA,AH,,,,"AH_DPA,HOB",,Permanent,229990.0,192070.0,0.0,37920.0,2025-09-29 16:00:00,2025-09-29 16:00:00,2025-09-29 16:00:00,14 000500020509,189900.0,2170.0,0.0,0,0,0,0,0,0.0,,0.0,0,17920,0.0,20000.0,0.0,0.0,0.0,0,0.0,0.0,1.0,0.0,0.0,0.0,,,Yes,977952e1-4d58-426c-8cc0-824d9d051459
Columbia MLK Senior Preservation,125 Logan Street,33.74384206194904,-84.38273812848249,Stage 4,Rehab_HomeFlex,Renter,122,121,2771,IA,AH,,,"Columbia Residential, DCA",AH_DPA,,Permanent,32034832.0,13345276.0,16482498.0,2207058.0,,2025-08-17 16:00:00,,,4176032.0,110.0,9169134.0,16482498,0,0,0,0,0.0,,0.0,0,1500000,0.0,0.0,0.0,0.0,707058.0,0,0.0,121.0,0.0,0.0,0.0,1.0,,,Yes,377a8e95-6556-4244-8d70-8bde72e11355
McAuley Park II,"300 Chamberlain St SE, Atlanta, GA 30312",33.75330328692531,-84.37525903093058,Stage 4,New_Construction,Renter,96,86,2772,IA,Other,,,DCA,TAD,,,1500000.0,0.0,0.0,1500000.0,2025-09-23 16:00:00,2025-09-17 16:00:00,,14 004500020899,0.0,0.0,0.0,0,0,0,0,0,0.0,,0.0,1500000,0,0.0,0.0,0.0,0.0,0.0,0,0.0,19.0,67.0,0.0,0.0,10.0,PSO,9%,Yes,e70fbbe5-4cc5-414e-89d5-a3e4eedb8bf7
,,33.77649202653042,-84.48101493738639,Stage 5,DPA,Homeowner,1,1,2773,IA,,,,,HOB,,Permanent,306337.0,286337.0,0.0,20000.0,2025-10-03 16:00:00,2025-10-03 16:00:00,2025-10-03 16:00:00,140900030460,283765.0,2572.0,0.0,0,0,0,0,0,0.0,,0.0,0,20000,0.0,0.0,0.0,0.0,0.0,0,0.0,0.0,0.0,0.0,1.0,0.0,,,Yes,82c7c443-397f-46e9-8423-f9ff831531fc
,,33.76979995291476,-84.414735025614,Stage 5,DPA,Homeowner,1,1,2774,IA,"AH,Other",,,Westside Future Funds,"AH_DPA,Housing_Trust_Fund,Other",WESTSIDE FUTURE FUNDS,Permanent,339258.0,229258.0,0.0,110000.0,2025-10-06 16:00:00,2025-10-06 16:00:00,2025-10-06 16:00:00,14 01110001106,225783.0,3475.0,0.0,0,0,0,0,0,0.0,,0.0,20000,0,20000.0,20000.0,0.0,0.0,50000.0,0,0.0,0.0,0.0,0.0,1.0,0.0,,,Yes,01d41e3f-ad77-4d98-8c39-a9a1d0ab6003
,,33.732988398397794,-84.40777302924904,Stage 5,DPA,Homeowner,1,1,2775,IA,Other,,,ATLANTA POLICE FOUNDATION,"HOB,Other",ATLANTA POLICE FOUNDATION,Permanent,341617.0,301985.0,0.0,39632.0,2025-10-07 16:00:00,2025-10-07 16:00:00,2025-10-07 16:00:00,14 00860006098,301180.0,805.0,0.0,0,0,0,0,0,0.0,,0.0,0,19632,0.0,0.0,0.0,0.0,20000.0,0,0.0,0.0,0.0,0.0,1.0,0.0,,,Yes,63fc8aea-d6ce-4597-8771-d384a2e2d206
,,33.664545507014054,-84.38262111711438,Stage 5,DPA,Homeowner,1,1,2776,IA,AH,,,,"AH_DPA,HOB",,Permanent,241003.0,201371.0,0.0,39632.0,2025-10-08 16:00:00,2025-10-08 16:00:00,2025-10-08 16:00:00,14 0062 LL 103,198616.0,2755.0,0.0,0,0,0,0,0,0.0,,0.0,0,19632,0.0,20000.0,0.0,0.0,0.0,0,0.0,0.0,0.0,1.0,0.0,0.0,,,Yes,f690abbb-f321-4716-8bb0-263c4ba1a146
,,33.83362437776923,-84.35669698024014,Stage 5,DPA,Homeowner,1,1,2777,IA,,,,,HOB,,Permanent,230984.0,210984.0,0.0,20000.0,2025-10-08 16:00:00,2025-10-08 16:00:00,2025-10-08 16:00:00,17 00070008037,208485.0,2499.0,0.0,0,0,0,0,0,0.0,,0.0,0,20000,0.0,0.0,0.0,0.0,0.0,0,0.0,0.0,0.0,0.0,1.0,0.0,,,Yes,35ebdc77-be38-4a4e-8eb8-1a6a581c6ab1
,,33.781813529218454,-84.4519035818297,Stage 5,"DPA,New_Construction",Homeowner,1,1,2778,IA,,,,,TAD,,Permanent,,237076.0,0.0,,2025-10-10 16:00:00,2025-10-10 16:00:00,2025-10-10 16:00:00,1702260007052,233197.0,3879.0,0.0,0,0,0,0,0,0.0,,0.0,10000,0,,0.0,0.0,0.0,0.0,0,0.0,0.0,0.0,0.0,1.0,0.0,,,Yes,6f6a51bc-0be1-4d5f-85eb-85221ec231c1
,,33.66922860204671,-84.39377290401318,Stage 5,DPA,Homeowner,1,1,2779,IA,,,,,HOB,,Permanent,206392.0,188550.0,0.0,17842.0,2025-10-30 16:00:00,2025-10-30 16:00:00,2025-10-30 16:00:00,14 006700050030,184823.0,3727.0,0.0,0,0,0,0,0,0.0,,0.0,0,17842,0.0,0.0,0.0,0.0,0.0,0,0.0,0.0,0.0,1.0,0.0,0.0,,,Yes,37bce329-edda-4cd8-8d73-9e4e1e6f781d
,,33.758951259664684,-84.42102255505557,Stage 5,DPA,Homeowner,1,1,2780,IA,AH,,,,"AH_DPA,HOB",,Permanent,268408.0,224980.0,0.0,43428.0,2025-10-08 16:00:00,2025-10-08 16:00:00,2025-10-08 16:00:00,14 01150006132,222905.0,2075.0,0.0,0,0,0,0,0,0.0,,0.0,0,18428,0.0,25000.0,0.0,0.0,0.0,0,0.0,0.0,0.0,0.0,1.0,0.0,,,Yes,10bd8a59-d7b7-4aa3-840a-73a63ae7a9f2
,,33.717583599999976,-84.5290237,Stage 5,DPA,Homeowner,1,1,2781,IA,AH,,,,"AH_DPA,HOB",,Permanent,281921.0,243212.0,0.0,38709.0,2025-10-21 16:00:00,2025-10-21 16:00:00,2025-10-21 16:00:00,14F0046 LL013,241137.0,2075.0,0.0,0,0,0,0,0,0.0,,0.0,0,18709,0.0,20000.0,0.0,0.0,0.0,0,0.0,0.0,0.0,0.0,1.0,0.0,,,Yes,ded3b475-5aa4-47b5-81dd-89ab2fda9e49
,,33.724542750848705,-84.42346261088898,Stage 5,"DPA,New_Construction",Homeowner,1,1,2782,IA,AH,,,,"AH_DPA,HOB",,Permanent,263354.0,223354.0,0.0,40000.0,2025-10-22 16:00:00,2025-10-22 16:00:00,2025-10-22 16:00:00,14 011900051472,217500.0,5854.0,0.0,0,0,0,0,0,0.0,,0.0,0,20000,0.0,20000.0,0.0,0.0,0.0,0,0.0,0.0,0.0,1.0,0.0,0.0,,,Yes,a2e7f107-8f93-4637-820c-6338b94112e9
,,33.69500282858266,-84.50780752324863,Stage 5,DPA,Homeowner,1,1,2783,IA,AH,,,,"AH_DPA,HOB",,Permanent,271394.0,221394.0,0.0,50000.0,2025-10-28 16:00:00,2025-10-28 16:00:00,2025-10-28 16:00:00,14F0006000030329,218304.0,3090.0,0.0,0,0,0,0,0,0.0,,0.0,0,25000,0.0,25000.0,0.0,0.0,0.0,0,0.0,0.0,0.0,0.0,1.0,0.0,,,Yes,a174b5c7-4e23-401c-86de-4533f8016781
,,33.70199614376854,-84.3823970688425,Stage 5,DPA,Homeowner,1,1,2784,IA,AH,,,,"AH_DPA,HOB",,Permanent,228613.0,190706.0,0.0,37907.0,2025-10-30 16:00:00,2025-10-30 16:00:00,2025-10-30 16:00:00,14 00580006091,189031.0,1675.0,0.0,0,0,0,0,0,0.0,,0.0,0,17907,0.0,20000.0,0.0,0.0,0.0,0,0.0,0.0,0.0,1.0,0.0,0.0,,,Yes,7532b6d7-eb08-44d5-8744-9252a5b067f3
,,33.717583599999976,-84.5290237,Stage 5,DPA,Homeowner,1,1,2785,IA,AH,,,,"AH_DPA,HOB",,Permanent,203849.0,158849.0,0.0,45000.0,2025-10-31 16:00:00,2025-10-31 16:00:00,2025-10-31 16:00:00,14F00640003032,156135.0,2714.0,0.0,0,0,0,0,0,0.0,,0.0,0,25000,0.0,20000.0,0.0,0.0,0.0,0,0.0,0.0,1.0,0.0,0.0,0.0,,,Yes,74cd23f8-9360-4710-84b3-5406141bbcc7
,,33.69946495290682,-84.38131802560432,Stage 5,DPA,Homeowner,1,1,2786,AH,,,,,AH_DPA,,,20000.0,0.0,0.0,20000.0,2025-09-05 16:00:00,2025-08-12 16:00:00,2025-09-05 16:00:00,,0.0,0.0,0.0,0,0,0,0,0,0.0,,0.0,0,0,0.0,20000.0,0.0,0.0,0.0,0,0.0,0.0,0.0,1.0,0.0,0.0,,,Yes,6c2ba496-346b-454e-8721-40bef420738e
,,33.69419095287355,-84.53592452555047,Stage 5,DPA,Homeowner,1,1,2787,AH,,,,,AH_DPA,,,25000.0,0.0,0.0,25000.0,,2025-07-31 16:00:00,2025-09-05 16:00:00,,0.0,0.0,0.0,0,0,0,0,0,0.0,,0.0,0,0,0.0,25000.0,0.0,0.0,0.0,0,0.0,0.0,0.0,1.0,0.0,0.0,,,Yes,4db559fe-1f11-41e5-8a0e-4b918b25481c
,,33.69169795289872,-84.41234102559152,Stage 5,DPA,Homeowner,1,1,2788,AH,,,,,AH_DPA,,,20000.0,0.0,0.0,20000.0,,2025-08-12 16:00:00,2025-09-05 16:00:00,,0.0,0.0,0.0,0,0,0,0,0,0.0,,0.0,0,0,0.0,20000.0,0.0,0.0,0.0,0,1.0,0.0,0.0,0.0,0.0,0.0,,,Yes,d298facd-e8b8-4b17-8944-d5c6ed2977b9
,,33.656588952903995,-84.3512535256017,Stage 5,DPA,Homeowner,1,1,2789,AH,,,,,AH_DPA,,,20000.0,0.0,0.0,20000.0,,2025-08-16 16:00:00,2025-09-15 16:00:00,,0.0,0.0,0.0,0,0,0,0,0,0.0,,0.0,0,0,0.0,20000.0,0.0,0.0,0.0,0,0.0,0.0,0.0,1.0,0.0,0.0,,,Yes,6b0f00f1-efb9-47a2-8418-91611e22a58b
,,33.75777595289222,-84.5108370255779,Stage 5,DPA,Homeowner,1,1,2790,AH,,,,,AH_DPA,,,18000.0,0.0,0.0,18000.0,,2025-08-20 16:00:00,2025-09-19 16:00:00,,0.0,0.0,0.0,0,0,0,0,0,0.0,,0.0,0,0,0.0,18000.0,0.0,0.0,0.0,0,0.0,0.0,0.0,1.0,0.0,0.0,,,Yes,0eed29ee-b840-4ab9-8512-4a07d13de3b8
,,33.821802206254475,-84.38327582757142,Stage 5,DPA,Homeowner,1,1,2791,AH,,,,,AH_DPA,,,20000.0,0.0,0.0,20000.0,,2025-08-28 16:00:00,2025-09-22 16:00:00,,0.0,0.0,0.0,0,0,0,0,0,0.0,,0.0,0,0,0.0,20000.0,0.0,0.0,0.0,0,0.0,1.0,0.0,0.0,0.0,0.0,,,Yes,bbd72e46-fcb6-4d78-80f2-3a6f5bd0dfaf
,,33.70186333251273,-84.49629514687524,Stage 5,DPA,Homeowner,1,1,2792,AH,,,,,AH_DPA,,,20000.0,0.0,0.0,20000.0,,2025-09-02 16:00:00,2025-09-26 16:00:00,,0.0,0.0,0.0,0,0,0,0,0,0.0,,0.0,0,0,0.0,20000.0,0.0,0.0,0.0,0,0.0,0.0,0.0,1.0,0.0,0.0,,,Yes,627f1fd9-ca63-4ac0-84dc-94391ef878c0
,,33.693983421518446,-84.53629291827617,Stage 5,DPA,Homeowner,1,1,2793,AH,,,,,AH_DPA,,,20000.0,0.0,0.0,20000.0,,2025-09-11 16:00:00,2025-09-29 16:00:00,,0.0,0.0,0.0,0,0,0,0,0,0.0,,0.0,0,0,0.0,20000.0,0.0,0.0,0.0,0,0.0,0.0,0.0,1.0,0.0,0.0,,,Yes,b3a27ab0-850b-425e-8d88-839695907bda
1055 Arden,"1055 Arden Ave SW, Atlanta, GA 30310",33.71735560415189,-84.42248804700677,Stage 5,Rehab_HomeFlex,Renter,58,58,2794,ABI,"AH,Other",,,ANDP,AH_DPA,,,0.0,0.0,0.0,0.0,,2022-08-12 16:00:00,2024-08-15 16:00:00,,0.0,0.0,0.0,0,0,0,0,0,0.0,,0.0,0,0,0.0,0.0,0.0,0.0,0.0,0,6.0,0.0,52.0,0.0,0.0,0.0,,,Yes,8043ba4f-a7fa-47df-8fbb-52d08588b4db
,,33.724963606207154,-84.44549368901434,Stage 5,DPA,Homeowner,1,1,2795,AH,,,,,AH_DPA,,,20000.0,0.0,0.0,20000.0,,2025-09-17 16:00:00,2025-10-10 16:00:00,,0.0,0.0,0.0,0,0,0,0,0,0.0,,0.0,0,0,0.0,20000.0,0.0,0.0,0.0,0,0.0,1.0,0.0,0.0,0.0,0.0,,,Yes,7e38e605-1b95-4a02-8383-8f6c3ff83bef
,,33.69731552139731,-84.35677065716906,Stage 5,DPA,Homeowner,1,1,2796,AH,,,,,AH_DPA,,,25000.0,0.0,0.0,25000.0,,2025-09-25 16:00:00,2025-10-14 16:00:00,,0.0,0.0,0.0,0,0,0,0,0,0.0,,0.0,0,0,0.0,25000.0,0.0,0.0,0.0,0,0.0,0.0,0.0,1.0,0.0,0.0,,,Yes,bf3644f6-779f-4427-8e3a-cf4daf6c2d6d
,,33.68431795287784,-84.50530652555791,Stage 5,DPA,Homeowner,1,1,2797,AH,,,,,AH_DPA,,,20000.0,0.0,0.0,20000.0,,2025-09-10 16:00:00,2025-10-14 16:00:00,,0.0,0.0,0.0,0,0,0,0,0,0.0,,0.0,0,0,0.0,20000.0,0.0,0.0,0.0,0,0.0,1.0,0.0,0.0,0.0,0.0,,,Yes,d0b179d8-78d5-4563-8de3-2a0b8f9632b5
,,33.80894995293444,-84.36046052564406,Stage 5,DPA,Homeowner,1,1,2798,AH,,,,,AH_DPA,,,25000.0,0.0,0.0,25000.0,,2025-09-12 16:00:00,2025-10-17 16:00:00,,0.0,0.0,0.0,0,0,0,0,0,0.0,,0.0,0,0,0.0,25000.0,0.0,0.0,0.0,0,0.0,0.0,0.0,1.0,0.0,0.0,,,Yes,5aa315e8-e9e6-4ffc-85ea-7c2dced20f05
,,33.76395895289517,-84.50285402558245,Stage 5,DPA,Homeowner,1,1,2799,AH,,,,,AH_DPA,,,25000.0,0.0,0.0,25000.0,,2025-09-16 16:00:00,2025-10-27 16:00:00,,0.0,0.0,0.0,0,0,0,0,0,0.0,,0.0,0,0,0.0,25000.0,0.0,0.0,0.0,0,0.0,1.0,0.0,0.0,0.0,0.0,,,Yes,fafb1ac8-b047-411f-8d5b-fe4f1d4c4580
,,33.67378647144594,-84.51066214801307,Stage 5,DPA,Homeowner,1,1,2800,AH,,,,,AH_DPA,,,20000.0,0.0,0.0,20000.0,,2025-09-19 16:00:00,2025-10-27 16:00:00,,0.0,0.0,0.0,0,0,0,0,0,0.0,,0.0,0,0,0.0,20000.0,0.0,0.0,0.0,0,1.0,0.0,0.0,0.0,0.0,0.0,,,Yes,46d23cf6-31fb-4898-8a40-c65c09ba7af4
,,33.66505215115148,-84.38658508676411,Stage 5,DPA,Homeowner,1,1,2801,AH,,,,,AH_DPA,,,20000.0,0.0,0.0,20000.0,,2025-10-09 16:00:00,2025-10-28 16:00:00,,0.0,0.0,0.0,0,0,0,0,0,0.0,,0.0,0,0,0.0,20000.0,0.0,0.0,0.0,0,0.0,0.0,0.0,1.0,0.0,0.0,,,Yes,ce034a4e-82d2-4132-8f1a-6d678d8b95e0
,,33.747931655378956,-84.40074673127418,Stage 5,DPA,Homeowner,1,1,2802,AH,,,,,AH_DPA,,,25000.0,0.0,0.0,25000.0,,2025-09-24 16:00:00,2025-10-30 16:00:00,,0.0,0.0,0.0,0,0,0,0,0,0.0,,0.0,0,0,0.0,25000.0,0.0,0.0,0.0,0,0.0,0.0,1.0,0.0,0.0,0.0,,,Yes,fe825619-041b-43dd-83cc-23d22e2f6473
,,33.754671837088964,-84.45478477722722,Stage 5,DPA,Homeowner,1,1,2803,AH,,,,,AH_DPA,,,20000.0,0.0,0.0,20000.0,,2025-09-24 16:00:00,2025-10-30 16:00:00,,0.0,0.0,0.0,0,0,0,0,0,0.0,,0.0,0,0,0.0,20000.0,0.0,0.0,0.0,0,0.0,1.0,0.0,0.0,0.0,0.0,,,Yes,284e92d3-a7e4-4407-8641-c6333e29a41f
,,33.702983952874625,-84.53979002555178,Stage 5,DPA,Homeowner,1,1,2804,AH,,,,,AH_DPA,,,20000.0,0.0,0.0,20000.0,,2025-09-24 16:00:00,2025-10-31 16:00:00,,0.0,0.0,0.0,0,0,0,0,0,0.0,,0.0,0,0,0.0,20000.0,0.0,0.0,0.0,0,0.0,1.0,0.0,0.0,0.0,0.0,,,Yes,19617fc7-8542-416e-8459-521016f3080f
The Beacon at Cooper Street,"405 Cooper St SW, Atlanta, GA 30312",33.743789942294846,-84.39721504198336,Stage 5,New_Construction,Renter,112,112,2805,COA,IA,,,Partners for Home,"TAD,Other",2024 Homeless Opportunity Bond,,16715693.0,0.0,0.0,16715693.0,,2025-06-13 16:00:00,2026-04-16 16:00:00,,0.0,0.0,0.0,0,0,0,0,0,0.0,,0.0,3000000,0,0.0,0.0,0.0,0.0,13715693.0,0,112.0,0.0,0.0,0.0,0.0,0.0,,,Yes,7a0f60a6-13e8-460a-8fbd-58ece5eb67d3
,,33.751571538742425,-84.5285481235611,Stage 5,DPA,Homeowner,1,1,2806,IA,,,,,HOB,,Permanent,227368.0,202368.0,0.0,25000.0,2025-11-04 17:00:00,2025-11-04 17:00:00,2025-11-04 17:00:00,14F-0050-0002-007-7,195868.0,1500.0,5000.0,0,0,0,0,0,0.0,,0.0,0,25000,0.0,0.0,0.0,0.0,0.0,0,0.0,0.0,0.0,1.0,0.0,0.0,,,Yes,de7cdf71-62cc-4201-809b-4f78e8c2dd15
,,33.665599657066906,-84.38697870093723,Stage 5,"DPA,New_Construction",Homeowner,1,1,2807,IA,AH,,,,"AH_DPA,HOB",,Permanent,366842.0,322113.0,0.0,44729.0,2025-11-06 17:00:00,2025-11-06 17:00:00,2025-11-06 17:00:00,14 0062 LL032,317968.0,4145.0,0.0,0,0,0,0,0,0.0,,0.0,0,19729,0.0,25000.0,0.0,0.0,0.0,0,0.0,0.0,0.0,0.0,1.0,0.0,,,Yes,e61312ee-3939-48b3-8947-6e4c7b613e82
,,33.74619463167441,-84.47790055744251,Stage 5,DPA,Homeowner,1,1,2808,IA,AH,,,,"AH_DPA,HOB",,Permanent,261367.0,218087.0,0.0,43280.0,2025-11-06 17:00:00,2025-11-06 17:00:00,2025-11-06 17:00:00,14 02130003012,213300.0,4787.0,0.0,0,0,0,0,0,0.0,,0.0,0,18280,0.0,25000.0,0.0,0.0,0.0,0,0.0,0.0,0.0,0.0,1.0,0.0,,,Yes,4fb732a7-5190-40fd-86f7-a6316132cc6c
,,33.69434912395399,-84.51957068616504,Stage 5,DPA,Homeowner,1,1,2809,IA,AH,,,,"AH_DPA,HOB",,Permanent,215584.0,177888.0,0.0,37696.0,2025-11-06 17:00:00,2025-11-06 17:00:00,2025-11-06 17:00:00,14F-0032-LL-159-2,175315.0,2573.0,0.0,0,0,0,0,0,0.0,,0.0,0,17696,0.0,20000.0,0.0,0.0,0.0,0,0.0,0.0,0.0,0.0,1.0,0.0,,,Yes,8786bdfb-f0d4-4e3e-80d7-6bef76d3020d
,,33.745884962261584,-84.40317924339473,Stage 5,DPA,Homeowner,1,1,2810,IA,,,,,HOB,,Permanent,3361978.0,3341978.0,0.0,20000.0,2025-11-07 17:00:00,2025-11-07 17:00:00,2025-11-07 17:00:00,14 008500020809,3328259.0,13719.0,0.0,0,0,0,0,0,0.0,,0.0,0,20000,0.0,0.0,0.0,0.0,0.0,0,0.0,0.0,0.0,0.0,1.0,0.0,,,Yes,ec67080b-b017-48b4-8b32-636ef8787f46
,,33.756078613808405,-84.4859354498265,Stage 5,DPA,Homeowner,1,1,2811,IA,AH,,,,"AH_DPA,HOB",,Permanent,313469.0,269391.0,0.0,44078.0,2025-11-07 17:00:00,2025-11-07 17:00:00,2025-11-07 17:00:00,14 02380001013,265200.0,4191.0,0.0,0,0,0,0,0,0.0,,0.0,0,19078,0.0,25000.0,0.0,0.0,0.0,0,0.0,0.0,0.0,0.0,1.0,0.0,,,Yes,6115cb20-35c6-4ba7-82e7-7c8c89125f5c
,,33.782399382340905,-84.4753234574922,Stage 5,DPA,Homeowner,1,1,2812,IA,AH,,,,"AH_DPA,TAD",,Permanent,258943.0,218943.0,0.0,40000.0,2025-11-19 17:00:00,2025-11-19 17:00:00,2025-11-19 17:00:00,17 02490016072,197376.0,21567.0,0.0,0,0,0,0,0,0.0,,0.0,20000,0,0.0,20000.0,0.0,0.0,0.0,0,0.0,0.0,0.0,1.0,0.0,0.0,,,Yes,35235644-d8aa-422a-8499-4ed23b155cce
,,33.72407772286053,-84.39947377163892,Stage 5,DPA,Homeowner,1,1,2813,IA,AH,,,,"AH_DPA,HOB",,Permanent,329197.0,289891.0,0.0,39306.0,2025-11-24 17:00:00,2025-11-24 17:00:00,2025-11-24 17:00:00,14 00870009146,280000.0,9891.0,0.0,0,0,0,0,0,0.0,,0.0,0,19306,0.0,20000.0,0.0,0.0,0.0,0,0.0,0.0,0.0,0.0,1.0,0.0,,,Yes,58ac80e0-1263-4a7f-85b7-769ee8149fff
,,33.76871294983137,-84.41278306041508,Stage 5,DPA,Homeowner,1,1,2814,IA,"AH,Other",,,WESTSIDE FUTURE FUNDS,"AH_DPA,Housing_Trust_Fund,Other",WESTSIDE FUTURE FUNDS,Permanent,395459.0,290459.0,0.0,105000.0,2025-11-24 17:00:00,2025-11-24 17:00:00,2025-11-24 17:00:00,14 01110002073,288462.0,1997.0,0.0,0,0,0,0,0,0.0,,0.0,0,0,20000.0,25000.0,0.0,0.0,60000.0,0,0.0,0.0,0.0,0.0,1.0,0.0,,,Yes,45f728d0-333a-4604-8000-d7eda3089220
,,33.68673709858522,-84.38077877479641,Stage 5,DPA,Homeowner,1,1,2815,IA,AH,,,,"AH_DPA,HOB",,Permanent,,217245.0,0.0,,2025-11-24 17:00:00,2025-11-24 17:00:00,2025-11-24 17:00:00,14 00600003113,214885.0,2360.0,0.0,0,0,0,0,0,0.0,,0.0,0,18304,0.0,20000.0,,0.0,0.0,0,0.0,0.0,0.0,0.0,1.0,0.0,,,Yes,934448b2-a9c2-49d2-8745-4b5b048aae74
,,33.72275143010756,-84.37955879482864,Stage 5,DPA,Homeowner,1,1,2816,IA,,,,,HOB,,Permanent,428113.0,408113.0,0.0,20000.0,2025-11-24 17:00:00,2025-11-24 17:00:00,2025-11-24 17:00:00,1400550014004,386639.0,21474.0,0.0,0,0,0,0,0,0.0,,0.0,0,20000,0.0,0.0,0.0,0.0,0.0,0,0.0,0.0,0.0,0.0,1.0,0.0,,,Yes,4d55b4ce-7eff-4d8a-8619-63cbfb696aa7
,,33.785213206511315,-84.47586623540447,Stage 5,DPA,Homeowner,1,1,2817,IA,,,,,HOB,,Permanent,263792.0,238792.0,0.0,25000.0,2025-11-25 17:00:00,2025-11-25 17:00:00,2025-11-25 17:00:00,17024900050802,235775.0,3017.0,0.0,0,0,0,0,0,0.0,,0.0,0,25000,0.0,0.0,0.0,0.0,0.0,0,0.0,0.0,0.0,0.0,1.0,0.0,,,Yes,fd4be6ab-5b56-4f19-8c8d-72b5670a5381
,,33.67633033715017,-84.51360302256123,Stage 5,DPA,Homeowner,1,1,2818,IA,,,,,HOB,,Permanent,423724.0,403724.0,0.0,20000.0,2025-11-26 17:00:00,2025-11-26 17:00:00,2025-11-26 17:00:00,14F00040005143,399724.0,4000.0,0.0,0,0,0,0,0,0.0,,0.0,0,20000,0.0,0.0,0.0,0.0,0.0,0,0.0,0.0,0.0,0.0,1.0,0.0,,,Yes,95f03d56-a214-460b-8ceb-f9d61a0718c9
,,33.75409750908338,-84.45437632708548,Stage 5,DPA,Homeowner,1,1,2819,AH,,,,,AH_DPA,,,25000.0,0.0,0.0,25000.0,,2025-10-13 16:00:00,2025-11-04 17:00:00,,0.0,0.0,0.0,0,0,0,0,0,0.0,,0.0,0,0,0.0,25000.0,0.0,0.0,0.0,0,0.0,0.0,1.0,0.0,0.0,0.0,,,Yes,a2321ea9-400f-484b-8e7e-a7b82c8e44a5
,,33.67170895290148,-84.37871252559692,Stage 5,DPA,Homeowner,1,1,2820,AH,,,,,AH_DPA,,,25000.0,0.0,0.0,25000.0,,2025-10-10 16:00:00,2025-11-13 17:00:00,,0.0,0.0,0.0,0,0,0,0,0,0.0,,0.0,0,0,0.0,25000.0,0.0,0.0,0.0,0,0.0,0.0,1.0,0.0,0.0,0.0,,,Yes,8e5e67ff-1b23-48ef-837c-698c4a672604
,,33.665633268498624,-84.38636011648288,Stage 5,DPA,Homeowner,1,1,2821,AH,,,,,AH_DPA,,,25000.0,0.0,0.0,25000.0,,2025-10-23 16:00:00,2025-11-19 17:00:00,,0.0,0.0,0.0,0,0,0,0,0,0.0,,0.0,0,0,0.0,25000.0,0.0,0.0,0.0,0,0.0,0.0,1.0,0.0,0.0,0.0,,,Yes,3e07a1a6-e3da-4bd2-88f4-2caa9b5fe6b5
,,33.77402095290517,-84.4651440255982,Stage 5,DPA,Homeowner,1,1,2822,AH,,,,,AH_DPA,,,20000.0,0.0,0.0,20000.0,,2025-10-30 16:00:00,2025-11-21 17:00:00,,0.0,0.0,0.0,0,0,0,0,0,0.0,,0.0,0,0,0.0,20000.0,0.0,0.0,0.0,0,0.0,1.0,0.0,0.0,0.0,0.0,,,Yes,8bea129b-121f-4a55-8355-3a35588e3f93
,,33.767063952900415,-84.48078152559087,Stage 5,DPA,Homeowner,1,1,2823,AH,,,,,AH_DPA,,,20000.0,0.0,0.0,20000.0,,2025-10-30 16:00:00,2025-11-25 17:00:00,,0.0,0.0,0.0,0,0,0,0,0,0.0,,0.0,0,0,0.0,20000.0,0.0,0.0,0.0,0,0.0,0.0,0.0,1.0,0.0,0.0,,,Yes,49444b1e-2e24-4107-8cc5-901749951616
Renaissance At Park Place South Preservation,240 Amal Drive,33.70655799457176,-84.39429199527683,Stage 4,Rehab_HomeFlex,Renter,100,100,2824,AH,COA,,,,"AH_DPA,AH_Development_Funds,HOB",,,22439298.0,9156839.0,11782459.0,1500000.0,,2025-11-17 17:00:00,,,5364000.0,2596839.0,1196000.0,11782459,0,0,0,0,0.0,,0.0,0,1500000,0.0,0.0,0.0,0.0,0.0,0,100.0,0.0,0.0,0.0,0.0,0.0,,,Yes,6ce9875c-e123-4845-80e0-e8baa816a133
Martin House at Adamsville,3724 Martin Luther King Jr. Drive,33.7638957862574,-84.5109150300319,Stage 4,Rehab_HomeFlex,Renter,153,152,2825,AH,,,,Partners for Home,"AH_DPA,HOB",,,42888703.0,19408589.0,21980114.0,1500000.0,,2025-10-30 16:00:00,,,16323699.0,300.0,3084590.0,21980114,0,0,0,0,0.0,,0.0,0,1500000,0.0,0.0,0.0,0.0,0.0,0,8.0,0.0,144.0,0.0,0.0,1.0,,,Yes,f9197ca9-7857-4654-8111-6cc07e0775ce
,,33.710300952908995,-84.38188502560735,Stage 5,Rehab_HomeFlex,Homeowner,1,1,2826,COA,Other,,,Rebuilding Together Atlanta,CDBG,,,11206.0,0.0,0.0,11206.0,,2025-07-15 16:00:00,2025-09-15 16:00:00,,0.0,0.0,0.0,0,0,0,0,0,11206.0,,0.0,0,0,0.0,0.0,0.0,0.0,0.0,0,1.0,0.0,0.0,0.0,0.0,0.0,,,Yes,848e9a46-8b5d-43b0-8d1a-d4651eff1551
,,33.76390495292816,-84.34458002563592,Stage 5,Rehab_HomeFlex,Homeowner,1,1,2827,COA,Other,,,Rebuilding Together Atlanta,CDBG,,,13041.0,0.0,0.0,13041.0,,2025-07-19 16:00:00,2025-09-19 16:00:00,,0.0,0.0,0.0,0,0,0,0,0,13041.0,,0.0,0,0,0.0,0.0,0.0,0.0,0.0,0,0.0,1.0,0.0,0.0,0.0,0.0,,,Yes,5f925101-2643-4e1d-80d3-eeb28c479b15
,,33.72998395288948,-84.49567202557476,Stage 5,Rehab_HomeFlex,Homeowner,1,1,2828,COA,Other,,,Rebuilding Together Atlanta,CDBG,,,9714.0,0.0,0.0,9714.0,,2025-07-19 16:00:00,2025-09-19 16:00:00,,0.0,0.0,0.0,0,0,0,0,0,9714.0,,0.0,0,0,0.0,0.0,0.0,0.0,0.0,0,1.0,0.0,0.0,0.0,0.0,0.0,,,Yes,95dc1df4-37ff-4f76-8041-1e24a632b243
,,33.710156952893755,-84.4549425255826,Stage 5,Rehab_HomeFlex,Homeowner,1,1,2829,COA,Other,,,Rebuilding Together Atlanta,CDBG,,,11180.0,0.0,0.0,11180.0,,2025-08-27 16:00:00,2025-10-27 16:00:00,,0.0,0.0,0.0,0,0,0,0,0,11180.0,,0.0,0,0,0.0,0.0,0.0,0.0,0.0,0,0.0,1.0,0.0,0.0,0.0,0.0,,,Yes,b93ecbf0-cb44-4553-807a-2cd5289672e7
,,33.7173119529143,-84.36360152561559,Stage 5,Rehab_HomeFlex,Homeowner,1,1,2830,COA,Other,,,Rebuilding Together Atlanta,CDBG,,,7670.0,0.0,0.0,7670.0,,2025-08-25 16:00:00,2025-10-25 16:00:00,,0.0,0.0,0.0,0,0,0,0,0,7670.0,,0.0,0,0,0.0,0.0,0.0,0.0,0.0,0,1.0,0.0,0.0,0.0,0.0,0.0,,,Yes,efbd446d-49bd-4cf9-8980-bd1fc03c8140
,,33.68465482428886,-84.39397901501226,Stage 5,DPA,Homeowner,1,1,2831,IA,"AH,Other",,,ANDP,"AH_DPA,HOB,Other",ANDP,Permanent,232199.0,167199.0,0.0,65000.0,2025-12-08 17:00:00,2025-12-08 17:00:00,2025-12-08 17:00:00,14-0069-0004-042-7,165699.0,1500.0,0.0,0,0,0,0,0,0.0,,0.0,0,25000,0.0,20000.0,0.0,0.0,20000.0,0,0.0,0.0,0.0,1.0,0.0,0.0,,,Yes,11698642-c761-4b03-8160-f8cef14a358d
,,33.676471153123515,-84.36947175505081,Stage 5,DPA,Homeowner,1,1,2832,IA,AH,,,,"AH_DPA,HOB",,Permanent,390052.0,350052.0,0.0,40000.0,2025-12-08 17:00:00,2025-12-08 17:00:00,2025-12-08 17:00:00,14 0029 LL1254,346447.0,3605.0,0.0,0,0,0,0,0,0.0,,0.0,0,20000,0.0,20000.0,0.0,0.0,0.0,0,0.0,0.0,0.0,0.0,1.0,0.0,,,Yes,66d96e92-09db-49b3-819f-c9ddb768527e
,,33.717583599999976,-84.5290237,Stage 5,DPA,Homeowner,1,1,2833,IA,AH,,,,"AH_DPA,HOB",,Permanent,263922.0,225500.0,0.0,38422.0,2025-12-08 17:00:00,2025-12-08 17:00:00,2025-12-08 17:00:00,14f006600050191,222500.0,3000.0,0.0,0,0,0,0,0,0.0,,0.0,0,18422,0.0,20000.0,0.0,0.0,0.0,0,0.0,0.0,0.0,1.0,0.0,0.0,,,Yes,a81d738f-1d28-4015-8f3f-079442279240
,,33.66566595792104,-84.38587832468836,Stage 5,"DPA,New_Construction",Homeowner,1,1,2834,IA,AH,,,,"AH_DPA,HOB",,Permanent,350788.0,306105.0,0.0,44683.0,2025-12-11 17:00:00,2025-12-11 17:00:00,2025-12-11 17:00:00,140062LL032,304537.0,1568.0,0.0,0,0,0,0,0,0.0,,0.0,0,19683,0.0,25000.0,0.0,0.0,0.0,0,0.0,0.0,0.0,0.0,1.0,0.0,,,Yes,92522580-ec10-4e5e-8046-589c97ad7897
,,33.72700258797361,-84.42578498480178,Stage 5,DPA,Homeowner,1,1,2835,IA,AH,,,,"AH_DPA,HOB",,Permanent,322276.0,277276.0,0.0,45000.0,2025-12-11 17:00:00,2025-12-11 17:00:00,2025-12-11 17:00:00,14011900030402,270655.0,6621.0,0.0,0,0,0,0,0,0.0,,0.0,0,25000,0.0,20000.0,0.0,0.0,0.0,0,0.0,0.0,0.0,0.0,1.0,0.0,,,Yes,1a8cc363-a763-4652-8ee0-610603814334
,,33.70458061979366,-84.42452493329742,Stage 5,DPA,Homeowner,1,1,2836,IA,,,,,HOB,,Permanent,221377.0,196377.0,0.0,25000.0,2025-12-15 17:00:00,2025-12-15 17:00:00,2025-12-15 17:00:00,14-0122-0009-031-0,193579.0,2798.0,0.0,0,0,0,0,0,0.0,,0.0,0,25000,0.0,0.0,0.0,0.0,0.0,0,0.0,0.0,0.0,0.0,1.0,0.0,,,Yes,f432c0f1-c3f8-467e-8641-6ca35dc5d3f0
,,33.66584692321058,-84.38705019857132,Stage 5,"DPA,New_Construction",Homeowner,1,1,2837,IA,,,,,HOB,,Permanent,352130.0,332130.0,0.0,20000.0,2025-12-16 17:00:00,2025-12-16 17:00:00,2025-12-16 17:00:00,14 0062 LL032,328555.0,3575.0,0.0,0,0,0,0,0,0.0,,0.0,0,20000,0.0,0.0,0.0,0.0,0.0,0,0.0,0.0,0.0,0.0,1.0,0.0,,,Yes,7945425f-73cb-423a-896d-56475ed02c08
,,33.6664276633721,-84.38419683109232,Stage 5,DPA,Homeowner,1,1,2838,IA,AH,,,,"AH_DPA,HOB",,Permanent,313105.0,268105.0,0.0,45000.0,2025-12-16 17:00:00,2025-12-16 17:00:00,2025-12-16 17:00:00,140062ll3134,264600.0,3505.0,0.0,0,0,0,0,0,0.0,,0.0,0,25000,0.0,20000.0,0.0,0.0,0.0,0,0.0,0.0,0.0,0.0,1.0,0.0,,,Yes,409ad430-8b03-40c2-8911-05e5a57a482e
,,33.9223370999994,-84.73354489999858,Stage 5,DPA,Homeowner,1,1,2839,IA,AH,,,,"AH_DPA,HOB",,Permanent,355154.0,310154.0,0.0,45000.0,2025-12-17 17:00:00,2025-12-17 17:00:00,2025-12-17 17:00:00,14F000700040905,308099.0,2055.0,0.0,0,0,0,0,0,0.0,,0.0,0,25000,0.0,20000.0,0.0,0.0,0.0,0,0.0,0.0,0.0,0.0,1.0,0.0,,,Yes,c0fe48b0-09f4-4722-8e8d-586f1a9d0bdb
,,33.810063015581136,-84.42409200799842,Stage 5,DPA,Homeowner,1,1,2840,IA,AH,,,,"AH_DPA,HOB",,Permanent,247539.0,197539.0,0.0,50000.0,2025-12-19 17:00:00,2025-12-19 17:00:00,2025-12-19 17:00:00,17 018600012088,194000.0,3539.0,0.0,0,0,0,0,0,0.0,,0.0,0,25000,0.0,25000.0,0.0,0.0,0.0,0,0.0,0.0,0.0,0.0,1.0,0.0,,,Yes,2cd55a57-0a7a-4c29-8b7b-06db8a725396
,,33.7009596260632,-84.4961414655309,Stage 5,DPA,Homeowner,1,1,2841,IA,,,,,HOB,,Permanent,282885.0,263879.0,0.0,19006.0,2025-12-26 17:00:00,2025-12-26 17:00:00,2025-12-26 17:00:00,14 0231 LL3833,260480.0,3399.0,0.0,0,0,0,0,0,0.0,,0.0,0,19006,0.0,0.0,0.0,0.0,0.0,0,0.0,0.0,0.0,0.0,1.0,0.0,,,Yes,a2215a69-8a75-480d-815d-f8521c36b72e
,,33.778583952907724,-84.45757052560214,Stage 5,DPA,Homeowner,1,1,2842,AH,,,,,AH_DPA,,,20000.0,0.0,0.0,20000.0,,2025-10-30 16:00:00,2025-12-10 17:00:00,,0.0,0.0,0.0,0,0,0,0,0,0.0,,0.0,0,0,0.0,20000.0,0.0,0.0,0.0,0,0.0,1.0,0.0,0.0,0.0,0.0,,,Yes,54f062a7-095c-410a-8050-c807f085aa8c
,,33.708599952900215,-84.42220052559323,Stage 5,DPA,Homeowner,1,1,2843,AH,,,,,AH_DPA,,,20000.0,0.0,0.0,20000.0,,2025-11-24 17:00:00,2025-12-11 17:00:00,,0.0,0.0,0.0,0,0,0,0,0,0.0,,0.0,0,0,0.0,20000.0,0.0,0.0,0.0,0,0.0,1.0,0.0,0.0,0.0,0.0,,,Yes,b2b0ea0b-6e96-4e44-8a4a-1f7dab5a1b5f
,,33.743276952887015,-84.52104302557012,Stage 5,DPA,Homeowner,1,1,2844,AH,,,,,AH_DPA,,,20000.0,0.0,0.0,20000.0,,2025-11-19 17:00:00,2025-12-11 17:00:00,,0.0,0.0,0.0,0,0,0,0,0,0.0,,0.0,0,0,0.0,20000.0,0.0,0.0,0.0,0,0.0,1.0,0.0,0.0,0.0,0.0,,,Yes,bc231231-b735-41d7-8ee9-1f588b76ef35
,,33.671717952901396,-84.37920752559678,Stage 5,DPA,Homeowner,1,1,2845,AH,,,,,AH_DPA,,,25000.0,0.0,0.0,25000.0,,2025-11-13 17:00:00,2025-12-12 17:00:00,,0.0,0.0,0.0,0,0,0,0,0,0.0,,0.0,0,0,0.0,25000.0,0.0,0.0,0.0,0,0.0,1.0,0.0,0.0,0.0,0.0,,,Yes,96650a54-aca9-4821-8d60-b0d244445366
,,33.755624952901854,-84.46240352559366,Stage 5,DPA,Homeowner,1,1,2846,AH,,,,,AH_DPA,,,20000.0,0.0,0.0,20000.0,,2025-11-24 17:00:00,2025-12-18 17:00:00,,0.0,0.0,0.0,0,0,0,0,0,0.0,,0.0,0,0,0.0,20000.0,0.0,0.0,0.0,0,0.0,1.0,0.0,0.0,0.0,0.0,,,Yes,fd3d7d0d-2f69-49df-81f7-72808a94db2f
,,33.75759595290754,-84.43704602560281,Stage 5,DPA,Homeowner,1,1,2847,AH,,,,,AH_DPA,,,25000.0,0.0,0.0,25000.0,,2025-11-18 17:00:00,2025-12-19 17:00:00,,0.0,0.0,0.0,0,0,0,0,0,0.0,,0.0,0,0,0.0,25000.0,0.0,0.0,0.0,0,0.0,0.0,1.0,0.0,0.0,0.0,,,Yes,4f987004-01eb-4f29-8df5-063967357a4a
,,33.69630595287859,-84.51395552555854,Stage 5,DPA,Homeowner,1,1,2848,AH,,,,,AH_DPA,,,25000.0,0.0,0.0,25000.0,,2025-12-04 17:00:00,2025-12-22 17:00:00,,0.0,0.0,0.0,0,0,0,0,0,0.0,,0.0,0,0,0.0,25000.0,0.0,0.0,0.0,0,0.0,1.0,0.0,0.0,0.0,0.0,,,Yes,4aad8f9a-e35d-414e-8f32-5afd056f0613
,,33.71496295289972,-84.4311330255921,Stage 5,DPA,Homeowner,1,1,2849,AH,,,,,AH_DPA,,,20000.0,0.0,0.0,20000.0,,2025-11-13 17:00:00,2025-12-29 17:00:00,,0.0,0.0,0.0,0,0,0,0,0,0.0,,0.0,0,0,0.0,20000.0,0.0,0.0,0.0,0,0.0,1.0,0.0,0.0,0.0,0.0,,,Yes,06b5c020-f8b6-4a65-83ef-343b2048bf65
,,33.75501295289081,-84.51474752557576,Stage 5,DPA,Homeowner,1,1,2850,AH,,,,,AH_DPA,,,20000.0,0.0,0.0,20000.0,,2025-11-19 17:00:00,2025-12-05 17:00:00,,0.0,0.0,0.0,0,0,0,0,0,0.0,,0.0,0,0,0.0,20000.0,0.0,0.0,0.0,0,0.0,0.0,0.0,1.0,0.0,0.0,,,Yes,5c271b7f-4ddf-47f5-8ccb-14f93bd9efb9
,,33.69955168743597,-84.35568285377495,Stage 5,DPA,Homeowner,1,1,2851,IA,AH,,,,"AH_DPA,HOB",,Permanent,223687.0,183687.0,0.0,40000.0,2026-01-06 17:00:00,2026-01-06 17:00:00,2026-01-06 17:00:00,14 00070011139,171448.0,12239.0,0.0,0,0,0,0,0,0.0,,0.0,0,20000,0.0,20000.0,0.0,0.0,0.0,0,0.0,0.0,0.0,0.0,1.0,0.0,,,Yes,2a7b8a77-3f3a-4744-805f-e1ac3b7afd8a
,,33.69955168743597,-84.35568285377495,Stage 5,DPA,Homeowner,1,1,2852,IA,AH,,,,"AH_DPA,HOB",,Permanent,208590.0,158590.0,0.0,50000.0,2026-01-06 17:00:00,2026-01-06 17:00:00,2026-01-06 17:00:00,14 00070011139,154200.0,4390.0,0.0,0,0,0,0,0,0.0,,0.0,0,25000,0.0,25000.0,0.0,0.0,0.0,0,0.0,0.0,0.0,0.0,1.0,0.0,,,Yes,94645016-b321-4f9e-86a0-f8d053801ae0
,,33.7709575851399,-84.46807103671462,Stage 5,DPA,Homeowner,1,1,2853,IA,AH,,,,"AH_DPA,HOB",,Permanent,377673.0,337673.0,0.0,40000.0,2026-01-07 17:00:00,2026-01-07 17:00:00,2026-01-07 17:00:00,14 020700020786,330789.0,6884.0,0.0,0,0,0,0,0,0.0,,0.0,0,20000,0.0,20000.0,0.0,0.0,0.0,0,0.0,0.0,0.0,0.0,1.0,0.0,,,Yes,51bc0f97-7a7b-4e48-8f3e-d084ed3ebf0a
,,33.78715234053654,-84.4421658219966,Stage 5,"DPA,New_Construction",Homeowner,1,1,2854,IA,AH,,,,"AH_DPA,HOB",,Permanent,291241.0,251241.0,0.0,40000.0,2026-01-09 17:00:00,2026-01-09 17:00:00,2026-01-09 17:00:00,17 0225  LL2414,226469.0,24772.0,0.0,0,0,0,0,0,0.0,,0.0,0,20000,0.0,20000.0,0.0,0.0,0.0,0,0.0,0.0,0.0,1.0,0.0,0.0,,,Yes,b3ff4e75-7054-4ec9-8f71-e716c9a15d28
,,33.76663444739143,-84.41636095960455,Stage 5,DPA,Homeowner,1,1,2855,IA,Other,,,Federal Home Loans Bank,"Housing_Trust_Fund,Other",Federal Home Loans Bank,Permanent,448831.0,388831.0,0.0,60000.0,2026-01-09 17:00:00,2026-01-09 17:00:00,2026-01-09 17:00:00,14 01110004066,380000.0,8831.0,0.0,0,0,0,0,0,0.0,,0.0,0,0,20000.0,0.0,0.0,0.0,40000.0,0,0.0,0.0,0.0,0.0,1.0,0.0,,,Yes,eb43a57a-71ae-42f9-89f1-6742e8a20560
,,33.70391103145848,-84.47491735428335,Stage 5,DPA,Homeowner,1,1,2856,IA,AH,,,,"AH_DPA,HOB",,Permanent,183688.0,138688.0,0.0,45000.0,2026-01-09 17:00:00,2026-01-09 17:00:00,2026-01-09 17:00:00,14019900030371,135836.0,2852.0,0.0,0,0,0,0,0,0.0,,0.0,0,20000,0.0,25000.0,0.0,0.0,0.0,0,0.0,0.0,1.0,0.0,0.0,0.0,,,Yes,1d1943a0-a083-4a53-8b8f-f3be00b8cc72
,,33.747177451731254,-84.51642755629328,Stage 5,DPA,Homeowner,1,1,2857,IA,AH,,,,"AH_DPA,HOB",,Permanent,203932.0,153932.0,0.0,50000.0,2026-01-16 17:00:00,2026-01-16 17:00:00,2026-01-16 17:00:00,14F00250001010,150400.0,3532.0,0.0,0,0,0,0,0,0.0,,0.0,0,25000,0.0,25000.0,0.0,0.0,0.0,0,0.0,0.0,0.0,0.0,1.0,0.0,,,Yes,c94cc3c6-ed6f-4fc9-8520-7aa2b2e453f5
,,33.708870142562716,-84.45210214911593,Stage 5,DPA,Homeowner,1,1,2858,IA,AH,,,,"AH_DPA,HOB",,Permanent,179268.0,137200.0,0.0,42068.0,2026-01-16 17:00:00,2026-01-16 17:00:00,2026-01-16 17:00:00,1401680005035,134500.0,2700.0,0.0,0,0,0,0,0,0.0,,0.0,0,17068,0.0,25000.0,0.0,0.0,0.0,0,0.0,1.0,0.0,0.0,0.0,0.0,,,Yes,35983018-ee8c-481e-8036-9bef4acceabc
,,33.76679395289933,-84.48575402558906,Stage 5,DPA,Homeowner,1,1,2859,IA,AH,,,,"AH_DPA,HOB",,Permanent,312157.0,262157.0,0.0,50000.0,2026-01-28 17:00:00,2026-01-28 17:00:00,2026-01-28 17:00:00,14023900030449,260276.0,1881.0,0.0,0,0,0,0,0,0.0,,0.0,0,25000,0.0,25000.0,0.0,0.0,0.0,0,0.0,0.0,0.0,0.0,1.0,0.0,,,Yes,f7863121-cbea-4c16-8b6f-e3a1b0f1959e
,,33.74743495289171,-84.50280902557753,Stage 5,"DPA,New_Construction",Homeowner,1,1,2860,IA,AH,,,,"AH_DPA,HOB",,Permanent,249957.0,204957.0,0.0,45000.0,2026-01-29 17:00:00,2026-01-29 17:00:00,2026-01-29 17:00:00,140245LL5139,202889.0,2068.0,0.0,0,0,0,0,0,0.0,,0.0,0,25000,0.0,20000.0,0.0,0.0,0.0,0,0.0,0.0,0.0,0.0,1.0,0.0,,,Yes,f2855b57-363f-464a-8e88-4e993168aa15
,,33.769790952899115,-84.48987602558857,Stage 5,DPA,Homeowner,1,1,2861,IA,,,,,HOB,,Permanent,250646.0,230646.0,0.0,20000.0,2026-01-29 17:00:00,2026-01-29 17:00:00,2026-01-29 17:00:00,14-0239-0003-070-4,228574.0,2072.0,0.0,0,0,0,0,0,0.0,,0.0,0,20000,0.0,0.0,0.0,0.0,0.0,0,0.0,0.0,0.0,1.0,0.0,0.0,,,Yes,8e7106ab-c449-4490-8e4d-474ffd80d429
,,33.673248562809654,-84.40340287257145,Stage 5,DPA,Homeowner,1,1,2862,IA,AH,,,,"AH_DPA,HOB",,Permanent,238361.0,200325.0,0.0,38036.0,2026-01-30 17:00:00,2026-01-30 17:00:00,2026-01-30 17:00:00,14009300031897,197395.0,2930.0,0.0,0,0,0,0,0,0.0,,0.0,0,18036,0.0,20000.0,0.0,0.0,0.0,0,0.0,0.0,0.0,0.0,1.0,0.0,,,Yes,15cc54d0-cdd8-413a-83bc-733762834d95
,,33.710957952906206,-84.39596552560279,Stage 5,DPA,Homeowner,1,1,2863,IA,,,,,HOB,,Permanent,138645.0,118645.0,0.0,20000.0,2026-01-30 17:00:00,2026-01-30 17:00:00,2026-01-30 17:00:00,14 00720004025,115486.0,3159.0,0.0,0,0,0,0,0,0.0,,0.0,0,20000,0.0,0.0,0.0,0.0,0.0,0,0.0,0.0,0.0,1.0,0.0,0.0,,,Yes,2acaa09c-d472-4757-856b-c9b804af4407
12th and James,"1212 James Jackson Parkway Northwest, Atlanta, GA 30318",33.73713116838981,-84.44119804470884,Stage 4,Rehab_HomeFlex,Renter,214,65,2865,COA,Other,,,Atlanta Urban Development Corporation,HOB,Restore-Rebuild; Private Enterprise Agreement,Permanent,3847000.0,0.0,0.0,3847000.0,2025-06-26 16:00:00,2025-06-26 16:00:00,,17-0258-0003-035-6,0.0,0.0,0.0,0,0,0,0,0,0.0,,0.0,0,0,0.0,0.0,0.0,0.0,0.0,3847000,0.0,43.0,0.0,22.0,0.0,149.0,,,Yes,fa7747d8-023a-4a97-83f4-c0887def68e4
Westlight Apartments,"2453 Coronet Way Atlanta, GA 30318",33.73730671672346,-84.44115956009169,Stage 5,Rehab_HomeFlex,Renter,170,51,2866,Other,Other,,,Atlanta Urban Development Corporation,Other,Private Enterprise Agreement,Permanent,9982000.0,0.0,0.0,9982000.0,,2025-05-28 16:00:00,2025-12-31 17:00:00,17 023000070074,0.0,0.0,0.0,0,0,0,0,0,0.0,,0.0,0,0,0.0,0.0,0.0,0.0,0.0,9982000,0.0,34.0,0.0,17.0,0.0,119.0,,,Yes,6a0b4abd-4f5f-4277-8b38-f71396cbd8f7
Winwood Apartments,"1460 W. Peachtree St NW Atlanta, GA 30309",33.73729515783671,-84.44112361189396,Stage 5,Rehab_HomeFlex,Renter,48,48,2867,COA,"IA,Other",,,Atlanta Urban Development Corporation,"HOB,Other",Private Enterprise Agreement,Permanent,369100.0,0.0,0.0,369100.0,,2025-07-17 16:00:00,2025-12-22 17:00:00,17 010800030028,0.0,0.0,0.0,0,0,0,0,0,0.0,,0.0,0,0,0.0,0.0,0.0,0.0,0.0,369100,48.0,0.0,0.0,0.0,0.0,0.0,,,Yes,79e0ad3f-7bbb-458e-8dcd-4e5710ee4b21
The Aviator,"3301 North Camp Creek Parkway, Atlanta GA 30331",33.6742829528773,-84.4976925255575,Stage 4,Rehab_HomeFlex,Renter,79,79,2870,Other,Other,,,Atlanta Urban Development Corporation,"TAD,Other", Private Enterprise Agreement,Permanent,392200.0,0.0,0.0,392200.0,,2025-12-31 17:00:00,,140253LL0634,0.0,0.0,0.0,0,0,0,0,0,0.0,,0.0,0,0,0.0,0.0,0.0,0.0,0.0,392200,0.0,24.0,0.0,55.0,0.0,0.0,,,Yes,b16ffae6-2d9d-4569-8b16-dbb608c75265
,,33.753581309576326,-84.50874042907205,Stage 5,DPA,Homeowner,1,1,2871,AH,,,,,AH_DPA,,,25000.0,0.0,0.0,25000.0,,2025-12-17 17:00:00,2026-01-06 17:00:00,,0.0,0.0,0.0,0,0,0,0,0,0.0,,0.0,0,0,0.0,25000.0,0.0,0.0,0.0,0,0.0,0.0,0.0,1.0,0.0,0.0,,,Yes,aa1b711a-c3af-4685-8a41-0e7d2fd96543
,,33.68792695290418,-84.38224052560058,Stage 5,DPA,Homeowner,1,1,2872,AH,,,,,AH_DPA,,,25000.0,0.0,0.0,25000.0,,2025-12-17 17:00:00,2026-01-08 17:00:00,,0.0,0.0,0.0,0,0,0,0,0,0.0,,0.0,0,0,0.0,25000.0,0.0,0.0,0.0,0,0.0,1.0,0.0,0.0,0.0,0.0,,,Yes,e8ddc441-715d-4feb-8e65-4df9b2fed0ad
,,33.671214316818485,-84.51487237797811,Stage 5,DPA,Homeowner,1,1,2873,AH,,,,,AH_DPA,,,25000.0,0.0,0.0,25000.0,,2025-12-09 17:00:00,2026-01-13 17:00:00,,0.0,0.0,0.0,0,0,0,0,0,0.0,,0.0,0,0,0.0,25000.0,0.0,0.0,0.0,0,0.0,1.0,0.0,0.0,0.0,0.0,,,Yes,11ee9925-95c3-4de8-8fcf-31370b19acfd
,,33.742259952889995,-84.50563952557503,Stage 5,DPA,Homeowner,1,1,2874,AH,,,,,AH_DPA,,,20000.0,0.0,0.0,20000.0,,2025-12-09 17:00:00,2026-01-13 17:00:00,,0.0,0.0,0.0,0,0,0,0,0,0.0,,0.0,0,0,0.0,20000.0,0.0,0.0,0.0,0,0.0,0.0,0.0,1.0,0.0,0.0,,,Yes,120333e4-e644-4e3f-8753-d6e134732aa6
,,33.691886952905854,-84.37842902560304,Stage 5,DPA,Homeowner,1,1,2875,AH,,,,,AH_DPA,,,19000.0,0.0,0.0,19000.0,,2025-12-10 17:00:00,2026-01-13 17:00:00,,0.0,0.0,0.0,0,0,0,0,0,0.0,,0.0,0,0,0.0,19000.0,0.0,0.0,0.0,0,0.0,1.0,0.0,0.0,0.0,0.0,,,Yes,4539fc22-6e80-4fea-84f8-8018137b3cb9
,,33.65895595289848,-84.38018402559265,Stage 5,DPA,Homeowner,1,1,2876,AH,,,,,AH_DPA,,,25000.0,0.0,0.0,25000.0,,2025-12-16 17:00:00,2026-01-14 17:00:00,,0.0,0.0,0.0,0,0,0,0,0,0.0,,0.0,0,0,0.0,25000.0,0.0,0.0,0.0,0,0.0,1.0,0.0,0.0,0.0,0.0,,,Yes,9c4a1434-8ce5-498e-8786-e02d9e06b23a
,,33.73038895290953,-84.39976352560728,Stage 5,DPA,Homeowner,1,1,2877,AH,,,,,AH_DPA,,,20000.0,0.0,0.0,20000.0,,2025-12-15 17:00:00,2026-01-21 17:00:00,,0.0,0.0,0.0,0,0,0,0,0,0.0,,0.0,0,0,0.0,20000.0,0.0,0.0,0.0,0,0.0,0.0,0.0,1.0,0.0,0.0,,,Yes,3342366f-d2b5-4cdf-89be-ba52e2a0b597
,,33.665656989284614,-84.38580967690133,Stage 5,DPA,Homeowner,1,1,2878,AH,,,,,AH_DPA,,,18750.0,0.0,0.0,18750.0,,2026-01-14 17:00:00,2026-01-29 17:00:00,,0.0,0.0,0.0,0,0,0,0,0,0.0,,0.0,0,0,0.0,18750.0,0.0,0.0,0.0,0,0.0,0.0,0.0,1.0,0.0,0.0,,,Yes,89a584b1-f253-4fc0-83ef-7d08eee285f5
,,33.648533952900785,-84.35856602559683,Stage 5,DPA,Homeowner,1,1,2879,AH,,,,,AH_DPA,,,25000.0,0.0,0.0,25000.0,,2026-01-05 17:00:00,2026-01-30 17:00:00,,0.0,0.0,0.0,0,0,0,0,0,0.0,,0.0,0,0,0.0,25000.0,0.0,0.0,0.0,0,0.0,1.0,0.0,0.0,0.0,0.0,,,Yes,d4739433-c8a1-426b-831d-e13e169a6bb8
,,33.700315446453324,-84.38240804913566,Stage 5,DPA,Homeowner,1,1,2880,IA,AH,,,,"AH_DPA,HOB",,Permanent,255013.0,210013.0,0.0,45000.0,2026-02-02 17:00:00,2026-02-02 17:00:00,2026-02-02 17:00:00,14 00580006099,206552.0,3461.0,0.0,0,0,0,0,0,0.0,,0.0,0,25000,0.0,20000.0,0.0,0.0,0.0,0,0.0,0.0,0.0,1.0,0.0,0.0,,,Yes,ca1c4a22-b7b0-4834-81d9-e5987ee6974e
,,33.736176329542026,-84.3989083284507,Stage 5,DPA,Homeowner,1,1,2881,IA,AH,,,,"AH_DPA,HOB",,Permanent,321137.0,271137.0,0.0,50000.0,2026-02-04 17:00:00,2026-02-04 17:00:00,2026-02-04 17:00:00,14-0086-0003-155-7,269637.0,1500.0,0.0,0,0,0,0,0,0.0,,0.0,0,25000,0.0,25000.0,0.0,0.0,0.0,0,0.0,0.0,0.0,0.0,1.0,0.0,,,Yes,5721fb7e-4395-4d1b-8b63-2c8e4335c8b7
,,33.748088313149324,-84.32706812598138,Stage 5,DPA,Homeowner,1,1,2882,IA,,,,,HOB,,Permanent,298354.0,273354.0,0.0,25000.0,2026-02-04 17:00:00,2026-02-04 17:00:00,2026-02-04 17:00:00,1520603134,268300.0,5054.0,0.0,0,0,0,0,0,0.0,,0.0,0,25000,0.0,0.0,0.0,0.0,0.0,0,0.0,0.0,0.0,0.0,1.0,0.0,,,Yes,10f1b5b8-d011-4dff-890c-f92c9d9fda4a
,,33.684100780488976,-84.38713368232695,Stage 5,DPA,Homeowner,1,1,2883,IA,,,,,HOB,,Permanent,358001.0,338001.0,0.0,20000.0,2026-02-12 17:00:00,2026-02-12 17:00:00,2026-02-12 17:00:00,14 006000040566,333841.0,4160.0,0.0,0,0,0,0,0,0.0,,0.0,0,20000,0.0,0.0,0.0,0.0,0.0,0,0.0,0.0,0.0,0.0,1.0,0.0,,,Yes,3cf9a99d-ae26-4906-8128-e516624021de
,,33.6929538304419,-84.37409085425274,Stage 5,DPA,Homeowner,1,1,2884,IA,AH,,,,"AH_DPA,HOB",,Permanent,321986.0,271986.0,0.0,50000.0,2026-02-13 17:00:00,2026-02-13 17:00:00,2026-02-13 17:00:00,14 006000040566,269637.0,2349.0,0.0,0,0,0,0,0,0.0,,0.0,0,25000,0.0,25000.0,0.0,0.0,0.0,0,0.0,0.0,0.0,0.0,1.0,0.0,,,Yes,5ac4a22d-6ad7-4818-877e-19d299943b88
,,33.695003373406344,-84.52109803656167,Stage 5,DPA,Homeowner,1,1,2885,IA,AH,,,,"AH_DPA,HOB",,Permanent,176367.0,126367.0,0.0,50000.0,2026-02-13 17:00:00,2026-02-13 17:00:00,2026-02-13 17:00:00,14F0032LL102,123117.0,3250.0,0.0,0,0,0,0,0,0.0,,0.0,0,25000,0.0,25000.0,0.0,0.0,0.0,0,0.0,1.0,0.0,0.0,0.0,0.0,,,Yes,c9331d97-2f8c-4f62-8c29-caf3c92dddf9
,,33.74296738940429,-84.50188738503581,Stage 5,DPA,Homeowner,1,1,2886,IA,AH,,,,"AH_DPA,HOB",,Permanent,356857.0,311857.0,0.0,45000.0,2026-02-13 17:00:00,2026-02-13 17:00:00,2026-02-13 17:00:00,140245LL656,308302.0,3555.0,0.0,0,0,0,0,0,0.0,,0.0,0,25000,0.0,20000.0,0.0,0.0,0.0,0,0.0,0.0,0.0,1.0,0.0,0.0,,,Yes,c69c84f9-d8d8-43d8-8bcd-fc0825e69be9
,,33.68816005237781,-84.35888599807345,Stage 5,DPA,Homeowner,1,1,2887,IA,,,,,HOB,,Permanent,198807.0,178807.0,0.0,20000.0,2026-02-13 17:00:00,2026-02-13 17:00:00,2026-02-13 17:00:00,14 00050001047,176212.0,2595.0,0.0,0,0,0,0,0,0.0,,0.0,0,20000,0.0,0.0,0.0,0.0,0.0,0,0.0,0.0,0.0,1.0,0.0,0.0,,,Yes,5ae0de0e-d8a2-4493-890a-7ea58f63d0be
,,33.76659186732331,-84.44454527667006,Stage 5,DPA,Homeowner,1,1,2888,IA,AH,,,,"AH_DPA,TAD",,Permanent,255111.0,225111.0,0.0,30000.0,2026-02-18 17:00:00,2026-02-18 17:00:00,2026-02-18 17:00:00,14 01460014026,223341.0,1770.0,0.0,0,0,0,0,0,0.0,,0.0,10000,0,0.0,20000.0,0.0,0.0,0.0,0,0.0,0.0,0.0,0.0,1.0,0.0,,,Yes,36c55bca-e02e-4949-8dd7-9477f9e1baf7
,,33.70824552313809,-84.4141397552631,Stage 5,DPA,Homeowner,1,1,2889,IA,,,,,HOB,,Permanent,281023.0,256023.0,0.0,25000.0,2026-02-19 17:00:00,2026-02-19 17:00:00,2026-02-19 17:00:00,14 01040004022,252848.0,3175.0,0.0,0,0,0,0,0,0.0,,0.0,0,25000,0.0,0.0,0.0,0.0,0.0,0,0.0,0.0,0.0,0.0,1.0,0.0,,,Yes,ff134064-57ba-40a3-8a6b-4adb47c58d69
,,33.769651848715554,-84.41476504523995,Stage 5,DPA,Homeowner,1,1,2890,IA,Other,,,WESTSIDE FUTURE FUNDS,"TAD,Other",WESTSIDE FUTURE FUNDS,Permanent,319670.0,239670.0,0.0,80000.0,2026-02-26 17:00:00,2026-02-26 17:00:00,2026-02-26 17:00:00,14 01110001108,238095.0,1575.0,0.0,0,0,0,0,0,0.0,,0.0,20000,0,0.0,0.0,0.0,0.0,60000.0,0,0.0,0.0,0.0,1.0,0.0,0.0,,,Yes,16d34b1b-a0e7-4d67-8e86-2f37fdc6a95f
,,33.6940408375552,-84.3727408649273,Stage 5,DPA,Homeowner,1,1,2891,IA,,,,,HOB,,Permanent,191166.0,171166.0,0.0,20000.0,2026-02-26 17:00:00,2026-02-26 17:00:00,2026-02-26 17:00:00,14 003800030426,168752.0,2414.0,0.0,0,0,0,0,0,0.0,,0.0,0,20000,0.0,0.0,0.0,0.0,0.0,0,0.0,0.0,1.0,0.0,0.0,0.0,,,Yes,05df907a-7936-41f9-8bfe-e9898f4a6956
,,33.661933580256026,-84.51200090558827,Stage 5,DPA,Homeowner,1,1,2892,IA,AH,,,,"AH_DPA,HOB",,Permanent,321740.0,277557.0,0.0,44183.0,2026-02-27 17:00:00,2026-02-27 17:00:00,2026-02-27 17:00:00,14F-0002-LL-082-2,271977.0,5580.0,0.0,0,0,0,0,0,0.0,,0.0,0,19183,0.0,25000.0,0.0,0.0,0.0,0,0.0,0.0,0.0,1.0,0.0,0.0,,,Yes,b81e5830-e174-4301-87b9-f41ce760359d
,,33.77204095290187,-84.47898152559294,Stage 5,Rehab_HomeFlex,Homeowner,1,1,2893,IA,,,,,HOB,,Permanent,29875.0,0.0,0.0,29875.0,2025-10-23 16:00:00,2025-10-23 16:00:00,2025-12-08 17:00:00,14 020900020412,0.0,0.0,0.0,0,0,0,0,0,0.0,,0.0,0,29875,0.0,0.0,0.0,0.0,0.0,0,0.0,0.0,1.0,0.0,0.0,0.0,,,Yes,9c210962-1804-4c71-864b-570b2a755566
,,33.73890295290179,-84.44556002559438,Stage 5,Rehab_HomeFlex,Homeowner,1,1,2894,IA,,,,,HOB,,Permanent,30000.0,0.0,0.0,30000.0,,2025-09-18 16:00:00,2025-12-11 17:00:00,14 014900090335,0.0,0.0,0.0,0,0,0,0,0,0.0,,0.0,0,30000,0.0,0.0,0.0,0.0,0.0,0,1.0,0.0,0.0,0.0,0.0,0.0,,,Yes,be7ebed0-a500-4c95-85f1-98c11dfc077e
,,33.752843952920514,-84.36996002562407,Stage 5,Rehab_HomeFlex,Homeowner,1,1,2895,IA,,,,,HOB,,Permanent,30000.0,0.0,0.0,30000.0,2025-09-11 16:00:00,2025-09-11 16:00:00,2025-12-29 17:00:00,14 004500030468,0.0,0.0,0.0,0,0,0,0,0,0.0,,0.0,0,30000,0.0,0.0,0.0,0.0,0.0,0,1.0,0.0,0.0,0.0,0.0,0.0,,,Yes,58f12541-c28c-4047-8170-e28a0b9a4ca8
,,33.7587209529013,-84.46801952559268,Stage 5,Rehab_HomeFlex,Homeowner,1,1,2896,IA,,,,,HOB,,Permanent,30000.0,0.0,0.0,30000.0,2025-09-25 16:00:00,2025-09-25 16:00:00,2026-01-03 17:00:00,14 020600040280,0.0,0.0,0.0,0,0,0,0,0,0.0,,0.0,0,30000,0.0,0.0,0.0,0.0,0.0,0,0.0,1.0,0.0,0.0,0.0,0.0,,,Yes,04a4a145-343b-4a59-8c71-ef3989c0fa4b
,,33.733133952906016,-84.41942852560146,Stage 5,Rehab_HomeFlex,Homeowner,1,1,2897,IA,,,,,HOB,,Permanent,30000.0,0.0,0.0,30000.0,2025-11-17 17:00:00,2025-11-17 17:00:00,2026-01-07 17:00:00,14 011800070052,0.0,0.0,0.0,0,0,0,0,0,0.0,,0.0,0,30000,0.0,0.0,0.0,0.0,0.0,0,0.0,0.0,1.0,0.0,0.0,0.0,,,Yes,085590d4-0550-4658-8401-e74e976b02ee
,,33.76202029351239,-84.41305589136346,Stage 5,DPA,Homeowner,1,1,2898,IA,AH,,,,"AH_DPA,TAD",,Permanent,288222.0,243222.0,0.0,45000.0,2026-03-03 17:00:00,2026-03-03 17:00:00,2026-03-03 17:00:00,14 01100002018,238499.0,4723.0,0.0,0,0,0,0,0,0.0,,0.0,20000,0,0.0,25000.0,0.0,0.0,0.0,0,0.0,0.0,0.0,1.0,0.0,0.0,,,Yes,cc852070-b493-4e57-82be-e0ed1f43e502
,,33.71594933034662,-84.44649784101476,Stage 5,DPA,Homeowner,1,1,2899,IA,AH,,,,"AH_DPA,HOB",,Permanent,203265.0,163265.0,0.0,40000.0,2026-03-03 17:00:00,2026-03-03 17:00:00,2026-03-03 17:00:00,14 01690008065,159350.0,3915.0,0.0,0,0,0,0,0,0.0,,0.0,0,20000,0.0,20000.0,0.0,0.0,0.0,0,0.0,0.0,0.0,1.0,0.0,0.0,,,Yes,1f9b01e1-ce47-4080-879d-02d547bc5624
,,33.75906839676156,-84.40610779654519,Stage 5,DPA,Homeowner,1,1,2900,IA,AH,,,,"AH_DPA,TAD",,Permanent,206925.0,166925.0,0.0,40000.0,2026-03-04 17:00:00,2026-03-04 17:00:00,2026-03-04 17:00:00,14 00830004094,164750.0,2175.0,0.0,0,0,0,0,0,0.0,,0.0,20000,0,0.0,20000.0,0.0,0.0,0.0,0,0.0,0.0,0.0,1.0,0.0,0.0,,,Yes,03c3989d-c194-4a07-848f-416cb1a9b215
,,33.724542750848705,-84.42346261088898,Stage 5,DPA,Homeowner,1,1,2901,IA,,,,,HOB,,Permanent,141935.0,121935.0,0.0,20000.0,2026-03-13 16:00:00,2026-03-13 16:00:00,2026-03-13 16:00:00,14-0119-0005-134-1,120000.0,1935.0,0.0,0,0,0,0,0,0.0,,0.0,0,20000,0.0,0.0,0.0,0.0,0.0,0,0.0,0.0,1.0,0.0,0.0,0.0,,,Yes,57fd7c7d-114b-4e9f-82ed-abf3e6dd1091
,,33.67044607348295,-84.37885479274154,Stage 5,DPA,Homeowner,1,1,2902,IA,AH,,,,"AH_DPA,HOB",,Permanent,325280.0,280280.0,0.0,45000.0,2026-03-27 16:00:00,2026-03-27 16:00:00,2026-03-27 16:00:00,14 00350004029,278693.0,1587.0,0.0,0,0,0,0,0,0.0,,0.0,0,25000,0.0,20000.0,0.0,0.0,0.0,0,0.0,0.0,0.0,0.0,1.0,0.0,,,Yes,2645c124-8937-4c00-8efe-4218fc6ec476
,,33.77939300321945,-84.50258903415063,Stage 5,DPA,Homeowner,1,1,2903,IA,AH,,,,"AH_DPA,HOB",,Permanent,278655.0,233655.0,0.0,45000.0,2026-03-31 16:00:00,2026-03-31 16:00:00,2026-03-31 16:00:00,14F006400040632,231455.0,2200.0,0.0,0,0,0,0,0,0.0,,0.0,0,20000,0.0,25000.0,0.0,0.0,0.0,0,0.0,0.0,0.0,1.0,0.0,0.0,,,Yes,ec7dc23e-babe-4dcf-8ea1-de417dc09523
,,33.75955320604124,-84.48565742209816,Stage 5,DPA,Homeowner,1,1,2904,IA,,,,,HOB,,Permanent,317168.0,297638.0,0.0,19530.0,2026-03-31 16:00:00,2026-03-31 16:00:00,2026-03-31 16:00:00,14 023800030614,294566.0,3072.0,0.0,0,0,0,0,0,0.0,,0.0,0,19530,0.0,0.0,0.0,0.0,0.0,0,0.0,0.0,0.0,1.0,0.0,0.0,,,Yes,e2e68142-b88a-4677-88fa-c09667c71031
Magnolia Perimeter - Quest,883 Spencer St. NW,33.75993595291228,-84.41646752561046,Stage 4,New_Construction,Homeowner,12,12,2905,AH,,,,,AH_Development_Funds,,,3732859.0,2832859.0,0.0,900000.0,2026-02-17 17:00:00,2026-02-17 17:00:00,,,2832859.0,0.0,0.0,0,0,0,0,0,0.0,,0.0,0,0,0.0,0.0,900000.0,0.0,0.0,0,0.0,0.0,12.0,0.0,0.0,0.0,,,Yes,51a81137-b150-42de-807a-4fba03210b17
,,33.65696695290402,-84.35156402560169,Stage 5,DPA,Homeowner,1,1,2906,AH,,,,,AH_DPA,,,20000.0,0.0,0.0,20000.0,,2025-12-09 17:00:00,2026-02-02 17:00:00,,0.0,0.0,0.0,0,0,0,0,0,0.0,,0.0,0,0,0.0,20000.0,0.0,0.0,0.0,0,0.0,0.0,0.0,1.0,0.0,0.0,,,Yes,8441f844-bccf-49c2-8cbd-3a1666af90cd
,,33.692903952906875,-84.3743250256047,Stage 5,DPA,Homeowner,1,1,2907,AH,,,,,AH_DPA,,,25000.0,0.0,0.0,25000.0,,2026-01-15 17:00:00,2026-02-13 17:00:00,,0.0,0.0,0.0,0,0,0,0,0,0.0,,0.0,0,0,0.0,25000.0,0.0,0.0,0.0,0,0.0,0.0,0.0,1.0,0.0,0.0,,,Yes,55bc795f-8198-4877-8e2b-8d4372039ecd
,,33.67413895287399,-84.51351002555212,Stage 5,DPA,Homeowner,1,1,2908,AH,,,,,AH_DPA,,,20000.0,0.0,0.0,20000.0,,2026-01-23 17:00:00,2026-02-13 17:00:00,,0.0,0.0,0.0,0,0,0,0,0,0.0,,0.0,0,0,0.0,20000.0,0.0,0.0,0.0,0,0.0,0.0,1.0,0.0,0.0,0.0,,,Yes,84bf7654-f8d6-48f3-8150-7886fe4391b1
,,33.65627981892614,-84.35150472649909,Stage 5,DPA,Homeowner,1,1,2909,IA,,,,,HOB,,Permanent,299926.0,274926.0,0.0,25000.0,2026-04-01 16:00:00,2026-04-01 16:00:00,2026-04-01 16:00:00,140002LL052,270756.0,4170.0,0.0,0,0,0,0,0,0.0,,0.0,0,25000,0.0,0.0,0.0,0.0,0.0,0,0.0,0.0,0.0,0.0,1.0,0.0,,,Yes,7e7a16a2-5d6a-4fa7-8acd-431805413baf
,,33.67342198438636,-84.4120392503273,Stage 5,DPA,Homeowner,1,1,2910,IA,AH,,,,"AH_DPA,HOB",,,236508.0,196508.0,0.0,40000.0,2026-04-02 16:00:00,2026-04-02 16:00:00,2026-04-02 16:00:00,14 010000011205,193833.0,2675.0,0.0,0,0,0,0,0,0.0,,0.0,0,20000,0.0,20000.0,0.0,0.0,0.0,0,0.0,0.0,0.0,0.0,1.0,0.0,,,Yes,fbc50ab0-d13a-41c4-859b-633f0a78cecb
,,33.765881165753036,-84.40932150204169,Stage 5,DPA,Homeowner,1,1,2911,IA,"AH,Other",,,ANDP,"AH_DPA,Housing_Trust_Fund,Other",ANDP,Permanent,206950.0,149450.0,0.0,57500.0,2026-04-10 16:00:00,2026-04-10 16:00:00,2026-04-10 16:00:00,14 011100090347,147250.0,2200.0,0.0,0,0,0,0,0,0.0,,0.0,0,0,20000.0,20000.0,0.0,0.0,17500.0,0,0.0,0.0,0.0,1.0,0.0,0.0,,,Yes,eb246b4d-e316-4025-8e7c-656ee6a6c4e5
,,33.68864813059972,-84.41612785887725,Stage 5,DPA,Homeowner,1,1,2912,IA,AH,,,,"AH_DPA,HOB",,Permanent,65182.0,20182.0,0.0,45000.0,2026-04-10 16:00:00,2026-04-10 16:00:00,2026-04-10 16:00:00,14-0101-0005-027-7,15308.0,4874.0,0.0,0,0,0,0,0,0.0,,0.0,0,20000,0.0,25000.0,0.0,0.0,0.0,0,0.0,0.0,0.0,1.0,0.0,0.0,,,Yes,c94b5c4e-b665-4c78-84b6-1d8f9722d972
,,33.769948819545064,-84.4139255138179,Stage 5,DPA,Homeowner,1,1,2913,IA,"AH,Other",,,"Westside Future Funds, Federal Home Loans Bank","AH_DPA,Housing_Trust_Fund",,,,,0.0,125000.0,2026-04-14 16:00:00,2026-04-14 16:00:00,2026-04-14 16:00:00,14 011100011350,247500.0,2087.0,,0,0,0,0,0,0.0,,0.0,0,0,20000.0,25000.0,0.0,0.0,80000.0,0,0.0,0.0,0.0,1.0,0.0,0.0,,,Yes,0cf48494-87c5-4e72-83cd-36ae135946e1
,,33.703242029856526,-84.38030905294248,Stage 5,DPA,Homeowner,1,1,2914,IA,AH,,,,"AH_DPA,HOB",,Permanent,402257.0,357257.0,0.0,45000.0,2026-04-15 16:00:00,2026-04-15 16:00:00,2026-04-15 16:00:00,14005800040172,353072.0,4185.0,0.0,0,0,0,0,0,0.0,,0.0,0,20000,0.0,25000.0,0.0,0.0,0.0,0,0.0,0.0,0.0,0.0,1.0,0.0,,,Yes,2dd0a5c4-097c-418d-8f8e-bf08e882649c
,,33.78330219999999,-84.4347214,Stage 5,"DPA,New_Construction",Homeowner,1,1,2915,IA,AH,,,,"AH_DPA,HOB",,Permanent,373860.0,333860.0,0.0,40000.0,2026-04-24 16:00:00,2026-04-24 16:00:00,2026-04-24 16:00:00,NOT ASSESSED YET,332112.0,1748.0,0.0,0,0,0,0,0,0.0,,0.0,0,20000,0.0,20000.0,0.0,0.0,0.0,0,0.0,0.0,0.0,0.0,1.0,0.0,,,Yes,5f4393e4-6850-4563-8e12-91d5eb0d0f15
,,33.695268283456215,-84.51918394515253,Stage 5,DPA,Homeowner,1,1,2916,IA,AH,,,,"AH_DPA,HOB",,Permanent,194152.0,149152.0,0.0,45000.0,2026-04-24 16:00:00,2026-04-24 16:00:00,2026-04-24 16:00:00,14F0032LL1873,144000.0,5152.0,0.0,0,0,0,0,0,0.0,,0.0,0,20000,0.0,25000.0,0.0,0.0,0.0,0,0.0,0.0,0.0,1.0,0.0,0.0,,,Yes,cd01621c-5391-43be-82e0-63384685f905
,,33.75824571296491,-84.43805089427067,Stage 5,DPA,Homeowner,1,1,2917,IA,AH,,,,"AH_DPA,HOB",,Permanent,199574.0,159574.0,0.0,40000.0,2026-04-30 16:00:00,2026-04-30 16:00:00,2026-04-30 16:00:00,14 01470005043,156949.0,2625.0,0.0,0,0,0,0,0,0.0,,0.0,0,20000,0.0,20000.0,0.0,0.0,0.0,0,0.0,0.0,0.0,1.0,0.0,0.0,,,Yes,61067729-2129-41f4-8a33-73533b5e73f4
,,33.774128958477704,-84.5110971687879,Stage 5,DPA,Homeowner,1,1,2918,IA,AH,,,,"AH_DPA,HOB",,Permanent,248521.0,205407.0,0.0,43114.0,2026-04-30 16:00:00,2026-04-30 16:00:00,2026-04-30 16:00:00,14F001600020500,202482.0,2925.0,0.0,0,0,0,0,0,0.0,,0.0,0,18114,0.0,25000.0,0.0,0.0,0.0,0,0.0,0.0,0.0,1.0,0.0,0.0,,,Yes,c575eb3b-bbda-4ba1-883e-3e7bda5bd724
North Block Apartments,"640 Boulevard NE, Atlanta, GA 30308",33.77196118443261,-84.37218647655388,Stage 4,New_Construction,Renter,187,187,2919,IA,Other,,,"DCA, HUD (HAP contract)","Lease_Purchase_Bond,HOB",,Construction,80349303.0,8021195.0,68219433.0,4108675.0,,2025-01-14 17:00:00,,14 004800110242,1568195.0,1453000.0,5000000.0,33219433,0,0,0,0,0.0,,35000000.0,0,1500000,0.0,0.0,0.0,0.0,0.0,2608675,0.0,0.0,187.0,0.0,0.0,0.0,Both,4%,Yes,658e6f05-a0e0-41e9-83da-bcee376e90e6
,,33.785779007610735,-84.46854861661258,Stage 5,DPA,Renter,1,1,2920,IA,"AH,Other",,,ANDP AND APF,"AH_DPA,TAD,Other",ANDP and APF,Permanent,328183.0,263183.0,0.0,65000.0,2026-05-07 16:00:00,2026-05-07 16:00:00,2026-05-07 16:00:00,17 024900080619,257935.0,5248.0,0.0,0,0,0,0,0,0.0,,0.0,20000,0,0.0,25000.0,0.0,0.0,20000.0,0,0.0,0.0,0.0,0.0,1.0,0.0,,,Yes,59d26cf2-add6-4f66-8615-03c319823324
,,33.67363287307027,-84.40314345266816,Stage 5,DPA,Renter,1,1,2921,IA,"AH,Other",,,Federal Home Loans Bank,"AH_DPA,HOB,Other",Federal Home Loans Bank,Permanent,196533.0,139033.0,0.0,57500.0,2026-05-13 16:00:00,2026-05-13 16:00:00,2026-05-13 16:00:00,14 009300031814,136471.0,2562.0,0.0,0,0,0,0,0,0.0,,0.0,0,20000,0.0,20000.0,0.0,0.0,17500.0,0,0.0,0.0,0.0,0.0,1.0,0.0,,,Yes,f66ed7f9-656f-47f3-84de-86ebdf98e97f
,,33.76858323987974,-84.41671333481405,Stage 5,DPA,Renter,1,1,2922,IA,"AH,Other",,,"Westside Future Funds, ANDP","AH_DPA,TAD,Other",WESTSIDE FUTURE FUNDS and ANDP,Permanent,363700.0,268700.0,0.0,95000.0,2026-05-20 16:00:00,2026-05-20 16:00:00,2026-05-20 16:00:00,14 011100010725,266600.0,2100.0,0.0,0,0,0,0,0,0.0,,0.0,20000,0,0.0,20000.0,0.0,0.0,55000.0,0,0.0,0.0,0.0,0.0,1.0,0.0,,,Yes,37106a2f-9c09-4268-8f4e-6d784ea30954
,,33.70871214368785,-84.38193061593078,Stage 5,DPA,Renter,1,1,2923,IA,AH,,,,"AH_DPA,HOB",,Permanent,212551.0,177551.0,0.0,35000.0,2026-05-22 16:00:00,2026-05-22 16:00:00,2026-05-22 16:00:00,14-0057-0015-036-0,174857.0,2694.0,0.0,0,0,0,0,0,0.0,,0.0,0,10000,0.0,25000.0,0.0,0.0,0.0,0,0.0,0.0,0.0,0.0,1.0,0.0,,,Yes,c1d14269-d26d-4f15-8148-5527294b5454
,,33.68546497714028,-84.41307433155043,Stage 5,DPA,Renter,1,1,2924,IA,"AH,Other",,,Federal Home Loans Bank,"AH_DPA,HOB,Other",Federal Home Loans Bank,Permanent,223782.0,163782.0,0.0,60000.0,2026-05-22 16:00:00,2026-05-22 16:00:00,2026-05-22 16:00:00,14010100090992,161782.0,2000.0,0.0,0,0,0,0,0,0.0,,0.0,0,20000,0.0,25000.0,0.0,0.0,15000.0,0,0.0,0.0,0.0,0.0,1.0,0.0,,,Yes,1add2eaa-d869-4c21-8d65-88e0a9f08891
,,33.79030640879195,-84.39976856317361,Stage 5,DPA,Renter,1,1,2925,IA,AH,,,,"AH_DPA,HOB",,Permanent,213525.0,173525.0,0.0,40000.0,2026-05-19 16:00:00,2026-05-19 16:00:00,2026-05-19 16:00:00,17 000300050196,165000.0,8525.0,0.0,0,0,0,0,0,0.0,,0.0,0,20000,0.0,20000.0,0.0,0.0,0.0,0,0.0,0.0,0.0,0.0,1.0,0.0,,,Yes,b6619a3b-edc1-4a6d-8c1d-71e73a2873f8
Brownsville Pointe,"105 McDonough Blvd SE, Atlanta, GA 30315",33.71876497408105,-84.38470303983402,Stage 4,New_Construction,Renter,18,12,2926,IA,"ABI,COA",,,"FCS, Low Income Investment Fund, State of Georgia","CDBG,Housing_Trust_Fund",,,7462243.0,6622243.0,0.0,840000.0,,2026-03-26 16:00:00,,14 005600050611,3600000.0,522243.0,2500000.0,0,0,0,0,0,140000.0,,0.0,0,0,700000.0,0.0,0.0,0.0,0.0,0,0.0,0.0,12.0,0.0,0.0,6.0,,,Yes,35350ca7-caae-413a-802f-d9912aabf796
Lofts at Twenty25,"2025 Peachtree Rd NE, Atlanta, GA 30309",33.80966089399941,-84.39144290299858,Stage 5,Rental_Assistance,Renter,623,187,2927,Other,COA,,,"AUD, Atlantica Properties, EQ Housing Advisors, Partners for Home","AH_DPA,Housing_Trust_Fund",,Permanent,100877500.0,90877500.0,0.0,10000000.0,2025-12-17 17:00:00,2025-12-01 17:00:00,2026-01-09 17:00:00,17 0110 LL0333,65000000.0,1627500.0,24250000.0,0,0,0,0,0,0.0,,0.0,0,0,10000000.0,0.0,0.0,0.0,0.0,0,0.0,125.0,0.0,62.0,0.0,436.0,Both,,Yes,9dd250c9-bffd-43f9-819a-c06148de7d0d
,,33.67608993897969,-84.37564404651039,Stage 5,DPA,Homeowner,1,1,2928,AH,,,,,AH_DPA,,,20000.0,0.0,0.0,20000.0,,2026-03-06 17:00:00,2026-03-27 16:00:00,,0.0,0.0,0.0,0,0,0,0,0,0.0,,0.0,0,0,0.0,20000.0,0.0,0.0,0.0,0,0.0,0.0,1.0,0.0,0.0,0.0,,,Yes,e259d4a3-c534-4af8-8937-52f20e008d4b
,,33.69931908962284,-84.49624510691326,Stage 5,DPA,Homeowner,1,1,2929,AH,,,,,AH_DPA,,,25000.0,0.0,0.0,25000.0,,2026-02-09 17:00:00,2026-03-05 17:00:00,,0.0,0.0,0.0,0,0,0,0,0,0.0,,0.0,0,0,0.0,25000.0,0.0,0.0,0.0,0,0.0,0.0,1.0,0.0,0.0,0.0,,,Yes,e31022e8-a1d5-448d-8f31-991e8c03cf7d
,,33.69939297089593,-84.47611406417197,Stage 5,DPA,Homeowner,1,1,2930,AH,,,,,AH_DPA,,,20000.0,0.0,0.0,20000.0,,2026-02-02 17:00:00,2026-03-04 17:00:00,,0.0,0.0,0.0,0,0,0,0,0,0.0,,0.0,0,0,0.0,20000.0,0.0,0.0,0.0,0,0.0,0.0,1.0,0.0,0.0,0.0,,,Yes,772e2ea1-0ee5-42f4-81a4-18cb1756578f
,,33.77220593515432,-84.47309406448059,Stage 5,DPA,Homeowner,1,1,2931,AH,,,,,AH_DPA,,,25000.0,0.0,0.0,25000.0,,2026-02-11 17:00:00,2026-03-04 17:00:00,,0.0,0.0,0.0,0,0,0,0,0,0.0,,0.0,0,0,0.0,25000.0,0.0,0.0,0.0,0,0.0,0.0,0.0,1.0,0.0,0.0,,,Yes,d6803c9c-bcf2-4788-8a67-3e480efad0e3
,,33.759065960833446,-84.40610505613084,Stage 5,DPA,Homeowner,1,1,2932,AH,,,,,AH_DPA,,,20000.0,0.0,0.0,20000.0,,2026-02-07 17:00:00,2026-03-03 17:00:00,,0.0,0.0,0.0,0,0,0,0,0,0.0,,0.0,0,0,0.0,20000.0,0.0,0.0,0.0,0,0.0,1.0,0.0,0.0,0.0,0.0,,,Yes,ce4e022b-8ef0-4e99-8862-417008d350e0
,,33.69394297361859,-84.53624801682545,Stage 5,DPA,Homeowner,1,1,2933,AH,,,,,AH_DPA,,,20000.0,0.0,0.0,20000.0,,2026-03-18 16:00:00,2026-03-31 16:00:00,,0.0,0.0,0.0,0,0,0,0,0,0.0,,0.0,0,0,0.0,20000.0,0.0,0.0,0.0,0,0.0,1.0,0.0,0.0,0.0,0.0,,,Yes,2ed217ce-c62a-42a3-8186-b5a4734b0eb0
,,33.71687393290024,-84.40867503145002,Stage 5,DPA,Homeowner,1,1,2934,AH,,,,,AH_DPA,,,20000.0,0.0,0.0,20000.0,,2026-03-04 17:00:00,2026-04-01 16:00:00,,0.0,0.0,0.0,0,0,0,0,0,0.0,,0.0,0,0,0.0,20000.0,0.0,0.0,0.0,0,0.0,0.0,0.0,1.0,0.0,0.0,,,Yes,aac93a17-dc95-4251-8283-2e229e4d6a39
,,33.86319195515299,-84.4480350238688,Stage 5,DPA,Homeowner,1,1,2935,AH,,,,,AH_DPA,,,20000.0,0.0,0.0,20000.0,,2026-03-23 16:00:00,2026-04-08 16:00:00,,0.0,0.0,0.0,0,0,0,0,0,0.0,,0.0,0,0,0.0,20000.0,0.0,0.0,0.0,0,0.0,0.0,1.0,0.0,0.0,0.0,,,Yes,d3392cc3-e9b1-4610-866a-4ddff5ad232d
,,33.69004794515072,-84.39635606453022,Stage 5,DPA,Homeowner,1,1,2936,AH,,,,,AH_DPA,,,20000.0,0.0,0.0,20000.0,,2026-03-29 16:00:00,2026-04-15 16:00:00,,0.0,0.0,0.0,0,0,0,0,0,0.0,,0.0,0,0,0.0,20000.0,0.0,0.0,0.0,0,0.0,1.0,0.0,0.0,0.0,0.0,,,Yes,41c872da-72ca-40d3-869e-e80531e87ce4
,,33.69442895636486,-84.5359230504396,Stage 5,DPA,Homeowner,1,1,2937,AH,,,,,AH_DPA,,,20000.0,0.0,0.0,20000.0,,2026-03-25 16:00:00,2026-04-15 16:00:00,,0.0,0.0,0.0,0,0,0,0,0,0.0,,0.0,0,0,0.0,20000.0,0.0,0.0,0.0,0,0.0,0.0,0.0,1.0,0.0,0.0,,,Yes,a0425dda-d6f3-4873-88de-79d922e062d1
,,33.703382966375784,-84.3804280177543,Stage 5,DPA,Homeowner,1,1,2938,AH,,,,,AH_DPA,,,25000.0,0.0,0.0,25000.0,,2026-03-16 16:00:00,2026-04-15 16:00:00,,0.0,0.0,0.0,0,0,0,0,0,0.0,,0.0,0,0,0.0,25000.0,0.0,0.0,0.0,0,0.0,0.0,0.0,1.0,0.0,0.0,,,Yes,aa33bcd3-1fd0-4cd5-8c6b-63d2586e1a98
,,33.727627956591924,-84.38083604880796,Stage 5,DPA,Homeowner,1,1,2939,AH,,,,,AH_DPA,,,20000.0,0.0,0.0,20000.0,,2026-03-23 16:00:00,2026-04-24 16:00:00,,0.0,0.0,0.0,0,0,0,0,0,0.0,,0.0,0,0,0.0,20000.0,0.0,0.0,0.0,0,0.0,1.0,0.0,0.0,0.0,0.0,,,Yes,5fd07f6b-c3b8-4fa4-8e5d-00fc1c54c205
,,33.69217397295316,-84.53558903159748,Stage 5,DPA,Homeowner,1,1,2940,AH,,,,,AH_DPA,,,20000.0,0.0,0.0,20000.0,,2026-04-02 16:00:00,2026-04-29 16:00:00,,0.0,0.0,0.0,0,0,0,0,0,0.0,,0.0,0,0,0.0,20000.0,0.0,0.0,0.0,0,0.0,1.0,0.0,0.0,0.0,0.0,,,Yes,99b3a573-2a3a-4e1b-8449-c14788bf477d
,,33.672343940720175,-84.38050202995007,Stage 5,DPA,Homeowner,1,1,2941,AH,,,,,AH_DPA,,,25000.0,0.0,0.0,25000.0,,2026-02-20 17:00:00,2026-04-07 16:00:00,,0.0,0.0,0.0,0,0,0,0,0,0.0,,0.0,0,0,0.0,25000.0,0.0,0.0,0.0,0,0.0,0.0,0.0,1.0,0.0,0.0,,,Yes,4b76143e-d7cd-43b7-8c0b-2ee135b8849c
,,33.747325973856675,-84.50287898975895,Stage 5,DPA,Homeowner,1,1,2942,AH,,,,,AH_DPA,,,25000.0,0.0,0.0,25000.0,,2026-04-16 16:00:00,2026-05-01 16:00:00,,0.0,0.0,0.0,0,0,0,0,0,0.0,,0.0,0,0,0.0,25000.0,0.0,0.0,0.0,0,0.0,1.0,0.0,0.0,0.0,0.0,,,Yes,202b3416-66dc-40bb-8432-9d88a8689c19
,,33.76126097172234,-84.43323803107253,Stage 5,DPA,Homeowner,1,1,2943,AH,,,,,AH_DPA,,,25000.0,0.0,0.0,25000.0,,2026-04-29 16:00:00,2026-05-14 16:00:00,,0.0,0.0,0.0,0,0,0,0,0,0.0,,0.0,0,0,0.0,25000.0,0.0,0.0,0.0,0,0.0,1.0,0.0,0.0,0.0,0.0,,,Yes,dedc3109-91e4-4784-85d6-c4490356e880
,,33.69203194161004,-84.5057870072292,Stage 5,DPA,Homeowner,1,1,2944,AH,,,,,AH_DPA,,,25000.0,0.0,0.0,25000.0,,2026-04-13 16:00:00,2026-05-18 16:00:00,,0.0,0.0,0.0,0,0,0,0,0,0.0,,0.0,0,0,0.0,25000.0,0.0,0.0,0.0,0,0.0,0.0,0.0,1.0,0.0,0.0,,,Yes,f0a58aad-ef8d-41e1-89f0-d5abfca72bd3
,,33.67417274626381,-84.38586049682984,Stage 5,DPA,Homeowner,1,1,2945,AH,,,,,AH_DPA,,,20000.0,0.0,0.0,20000.0,,2026-05-01 16:00:00,2026-05-12 16:00:00,,0.0,0.0,0.0,0,0,0,0,0,0.0,,0.0,0,0,0.0,20000.0,0.0,0.0,0.0,0,0.0,0.0,1.0,0.0,0.0,0.0,,,Yes,598d0190-0c03-4583-8ac6-2def1177f0d3
,,33.76483434986548,-84.41365184467922,Stage 5,DPA,Both,1,1,2946,IA,AH,,,,"AH_DPA,TAD,Other",WESTSIDE FUTURE FUNDS,Permanent,380322.0,270322.0,0.0,110000.0,2026-06-04 16:00:00,2026-06-04 16:00:00,2026-06-04 16:00:00,14 011100080736,264550.0,5772.0,0.0,0,0,0,0,0,0.0,,0.0,20000,0,0.0,20000.0,0.0,0.0,70000.0,0,0.0,0.0,0.0,0.0,1.0,0.0,,,Yes,c85cdf94-1dd3-4403-81a8-7f1f7e54a9ba
,,33.72447372587606,-84.42331684959275,Stage 5,DPA,Both,1,1,2947,IA,AH,,,,"AH_DPA,HOB",,Permanent,228097.0,193097.0,0.0,35000.0,2026-06-05 16:00:00,2026-06-05 16:00:00,2026-06-05 16:00:00,14011900051374,190000.0,3097.0,0.0,0,0,0,0,0,0.0,,0.0,0,10000,0.0,25000.0,0.0,0.0,0.0,0,0.0,0.0,0.0,1.0,0.0,0.0,,,Yes,697bbfae-c79e-45b0-8ebd-037fe9d618dd
,,33.829745693984314,-84.35694039070836,Stage 5,DPA,Both,1,1,2948,IA,AH,,,,"AH_DPA,HOB",,Permanent,164137.0,129137.0,0.0,35000.0,2026-06-05 16:00:00,2026-06-05 16:00:00,2026-06-05 16:00:00,17 000700011145,126000.0,3137.0,0.0,0,0,0,0,0,0.0,,0.0,0,10000,0.0,25000.0,0.0,0.0,0.0,0,0.0,0.0,0.0,0.0,1.0,0.0,,,Yes,1658d392-09ef-40b3-834c-1de0d1431a70
,,33.68975873277044,-84.38784396480203,Stage 5,DPA,Both,1,1,2949,IA,AH,,,,"AH_DPA,HOB",,Permanent,333604.0,298604.0,0.0,35000.0,2026-06-05 16:00:00,2026-06-05 16:00:00,2026-06-05 16:00:00,14 005900030156,296092.0,2512.0,0.0,0,0,0,0,0,0.0,,0.0,0,10000,0.0,25000.0,0.0,0.0,0.0,0,0.0,0.0,0.0,0.0,1.0,0.0,,,Yes,e5fec44b-3731-4d14-8afe-9b8fc0fb743d
,,33.76968261030022,-84.41282463465484,Stage 5,DPA,Both,1,1,2950,IA,"AH,Other",,,WESTSIDE FUTURE FUNDS; ANDP,"AH_DPA,TAD,Other",,Permanent,357000.0,252000.0,0.0,105000.0,2026-06-09 16:00:00,2026-06-09 16:00:00,2026-06-09 16:00:00,14 011100020641,0.0,252000.0,0.0,0,0,0,0,0,0.0,,0.0,20000,0,0.0,25000.0,0.0,0.0,60000.0,0,0.0,0.0,0.0,1.0,0.0,0.0,,,Yes,2112c012-29f3-43a2-8285-d4a4cc8ce187
,,33.80187599165452,-84.39415528643605,Stage 5,DPA,Both,1,1,2951,IA,AH,,,,"AH_DPA,HOB",,Permanent,147825.0,112825.0,0.0,35000.0,2026-06-09 16:00:00,2026-06-09 16:00:00,2026-06-09 16:00:00,17-0109-0013-021-5,109000.0,3825.0,0.0,0,0,0,0,0,0.0,,0.0,0,10000,0.0,25000.0,0.0,0.0,0.0,0,0.0,0.0,0.0,0.0,1.0,0.0,,,Yes,3f1b2615-a1c8-46e8-86da-b3d8ba2628d9
,,33.79003701442389,-84.41940149498144,Stage 5,DPA,Both,1,1,2952,IA,AH,,,,"AH_DPA,HOB",,Permanent,282024.0,252024.0,0.0,30000.0,2026-06-11 16:00:00,2026-06-11 16:00:00,2026-06-11 16:00:00,17 018800041259,247252.0,4772.0,0.0,0,0,0,0,0,0.0,,0.0,0,10000,0.0,20000.0,0.0,0.0,0.0,0,0.0,0.0,0.0,0.0,1.0,0.0,,,Yes,87f0a18f-c878-4944-8fbb-c97d3a7de456
,,33.778224943102444,-84.3466267941271,Stage 5,DPA,Both,1,1,2953,IA,AH,,,,"AH_DPA,HOB",,Permanent,196024.0,161024.0,0.0,35000.0,2026-06-11 16:00:00,2026-06-11 16:00:00,2026-06-11 16:00:00,1524103051,153000.0,8024.0,0.0,0,0,0,0,0,0.0,,0.0,0,10000,0.0,25000.0,0.0,0.0,0.0,0,0.0,0.0,0.0,0.0,1.0,0.0,,,Yes,90fc0f37-e00d-401a-8f4c-a5bff3cb2337
,,33.73317091433944,-84.5121894984097,Stage 5,DPA,Both,1,1,2954,IA,AH,,,,"AH_DPA,HOB",,Permanent,246194.0,211194.0,0.0,35000.0,2026-06-11 16:00:00,2026-06-11 16:00:00,2026-06-11 16:00:00,14F001100010589,197749.0,13445.0,0.0,0,0,0,0,0,0.0,,0.0,0,10000,0.0,25000.0,0.0,0.0,0.0,0,0.0,0.0,0.0,0.0,1.0,0.0,,,Yes,ea2e61c4-81f8-40f6-8fec-180f8358ead5
,,33.75209075573464,-84.50147466012345,Stage 5,DPA,Both,1,1,2955,IA,AH,,,,"AH_DPA,HOB",,Permanent,266468.0,221468.0,0.0,45000.0,2026-06-11 16:00:00,2026-06-11 16:00:00,2026-06-11 16:00:00,14 024400050697,219271.0,2197.0,0.0,0,0,0,0,0,0.0,,0.0,0,20000,0.0,25000.0,0.0,0.0,0.0,0,0.0,0.0,0.0,0.0,1.0,0.0,,,Yes,cb5fb833-e1f2-46b1-8796-115ca3150f13
,,33.69194389492829,-84.40027055535478,Stage 5,DPA,Both,1,1,2956,IA,AH,,,,"AH_DPA,HOB",,Permanent,271470.0,241470.0,0.0,30000.0,2026-06-18 16:00:00,2026-06-18 16:00:00,2026-06-18 16:00:00,17 025800010044,238095.0,3375.0,0.0,0,0,0,0,0,0.0,,0.0,0,10000,0.0,20000.0,0.0,0.0,0.0,0,0.0,0.0,0.0,0.0,1.0,0.0,,,Yes,b81ca572-8382-4af4-8caa-0d01d7d3c9e1
,,33.759209589920566,-84.51563596935739,Stage 5,DPA,Both,1,1,2957,IA,AH,,,,"AH_DPA,HOB",,Permanent,227068.0,197068.0,0.0,30000.0,2026-06-23 16:00:00,2026-06-23 16:00:00,2026-06-23 16:00:00,14F002400010360,0.0,175518.0,21550.0,0,0,0,0,0,0.0,,0.0,0,10000,0.0,20000.0,0.0,0.0,0.0,0,0.0,0.0,0.0,1.0,0.0,0.0,,,Yes,d62da330-cd41-4e3d-851d-be63b13f9430
,,33.694742402850984,-84.49063811660307,Stage 5,DPA,Both,1,1,2958,IA,AH,,,,"AH_DPA,HOB",,Permanent,199005.0,169005.0,0.0,30000.0,2026-06-23 16:00:00,2026-06-23 16:00:00,2026-06-23 16:00:00,14023000060130,166361.0,2644.0,0.0,0,0,0,0,0,0.0,,0.0,0,10000,0.0,20000.0,0.0,0.0,0.0,0,0.0,0.0,1.0,0.0,0.0,0.0,,,Yes,e99ad2f9-8cb9-4ff7-85dc-e247463f6ef6
,,33.778243592837,-84.34578541868636,Stage 5,DPA,Homeowner,1,1,2959,IA,AH,,,,"AH_DPA,HOB",,Permanent,292315.0,262315.0,0.0,30000.0,2026-06-30 16:00:00,2026-06-30 16:00:00,2026-06-30 16:00:00,15 241 08 017,256715.0,5600.0,0.0,0,0,0,0,0,0.0,,0.0,0,10000,0.0,20000.0,0.0,0.0,0.0,0,0.0,0.0,0.0,0.0,1.0,0.0,,,Yes,12bef117-ca4f-4980-890e-aefa1e3e6ce0
,,33.6886507708992,-84.41253805738526,Stage 5,DPA,Homeowner,1,1,2960,IA,AH,,,,"AH_DPA,HOB",,Permanent,189300.0,159300.0,0.0,30000.0,2026-07-08 16:00:00,2026-07-08 16:00:00,2026-07-08 16:00:00,14 010100090471,156900.0,2400.0,0.0,0,0,0,0,0,0.0,,0.0,0,10000,0.0,20000.0,0.0,0.0,0.0,0,0.0,0.0,0.0,1.0,0.0,0.0,,,Yes,9817e792-34c7-4113-860a-e6889380f7b1
,,33.77018187836286,-84.45433986580667,Stage 5,DPA,Homeowner,1,1,2961,IA,AH,,,,"AH_DPA,HOB",,Permanent,215229.0,180229.0,0.0,35000.0,2026-07-10 16:00:00,2026-07-10 16:00:00,2026-07-10 16:00:00,14 01750013021,178011.0,2218.0,0.0,0,0,10000,0,0,0.0,,0.0,0,0,0.0,25000.0,0.0,0.0,0.0,0,0.0,0.0,0.0,1.0,0.0,0.0,,,Yes,64d49e96-ac24-4727-83c2-cc44fc77a6fd
,,33.74177481222048,-84.48230399027574,Stage 5,DPA,Homeowner,1,1,2962,IA,,,,,HOB,,Permanent,303000.0,293000.0,0.0,10000.0,2026-07-15 16:00:00,2026-07-15 16:00:00,2026-07-15 16:00:00,14 021300010011,290000.0,3000.0,0.0,0,0,0,0,0,0.0,,0.0,0,10000,0.0,0.0,0.0,0.0,0.0,0,0.0,0.0,0.0,0.0,1.0,0.0,,,Yes,a6707466-2471-48a1-81b3-79d78c53d19a
,,33.810647527599066,-84.42214614917624,Stage 5,DPA,Homeowner,1,1,2963,IA,,,,,HOB,,Permanent,255765.0,245765.0,0.0,10000.0,2026-07-17 16:00:00,2026-07-17 16:00:00,2026-07-17 16:00:00,17018600011965,240070.0,5695.0,0.0,0,0,0,0,0,0.0,,0.0,0,10000,0.0,0.0,0.0,0.0,0.0,0,0.0,0.0,0.0,0.0,1.0,0.0,,,Yes,454fb1f6-d1d0-44c3-8f62-55a29be5bf7e
,,33.704889283378094,-84.50495222793191,Stage 5,DPA,Homeowner,1,1,2964,IA,AH,,,,"AH_DPA,HOB",,Permanent,170897.0,140897.0,0.0,30000.0,2026-07-17 16:00:00,2026-07-17 16:00:00,2026-07-17 16:00:00,14 025000030336,136424.0,4473.0,0.0,0,0,0,0,0,0.0,,0.0,0,10000,0.0,20000.0,0.0,0.0,0.0,0,0.0,0.0,0.0,1.0,0.0,0.0,,,Yes,d834f4c2-f412-4e0f-8aeb-21d9bf4f614d
,,33.71057988317242,-84.3573102840955,Stage 5,DPA,Homeowner,1,1,2965,IA,Other,,,LENDER'S GRANT,HOB,,Permanent,192782.0,182782.0,0.0,10000.0,2026-07-22 16:00:00,2026-07-22 16:00:00,2026-07-22 16:00:00,14-00080008-036-9,170000.0,2782.0,10000.0,0,0,0,0,0,0.0,,0.0,0,10000,0.0,0.0,0.0,0.0,0.0,0,0.0,0.0,0.0,1.0,0.0,0.0,,,Yes,e90da2b8-b89c-4170-8388-19b443b9def9
,,33.72814520901448,-84.4141229914567,Stage 5,DPA,Homeowner,1,1,2966,IA,AH,,,,"AH_DPA,HOB",,Permanent,301515.0,266515.0,0.0,35000.0,2026-07-22 16:00:00,2026-07-22 16:00:00,2026-07-22 16:00:00,14-0106-0006-006-5,259461.0,7054.0,0.0,0,0,0,0,0,0.0,,0.0,0,10000,0.0,25000.0,0.0,0.0,0.0,0,0.0,0.0,0.0,0.0,1.0,0.0,,,Yes,de7757f2-8cee-404f-88e1-a6d1a42dcd20
,,33.71383051095243,-84.44869021160933,Stage 5,DPA,Homeowner,1,1,2967,IA,AH,,,,"AH_DPA,HOB",,Permanent,250974.0,220974.0,0.0,30000.0,2026-07-23 16:00:00,2026-07-23 16:00:00,2026-07-23 16:00:00,14016800010412,207500.0,13474.0,0.0,0,0,0,0,0,0.0,,0.0,0,10000,0.0,20000.0,0.0,0.0,0.0,0,0.0,0.0,0.0,0.0,1.0,0.0,,,Yes,8e077b98-2b9d-4316-8a45-d186cf0e405f
,,33.733947371940104,-84.49327112384759,Stage 5,DPA,Homeowner,1,1,2968,IA,AH,,,,"AH_DPA,HOB",,Permanent,274555.0,239555.0,0.0,35000.0,2026-07-28 16:00:00,2026-07-28 16:00:00,2026-07-28 16:00:00,14 023500010072,237382.0,2173.0,0.0,0,0,0,0,0,0.0,,0.0,0,10000,0.0,25000.0,0.0,0.0,0.0,0,0.0,0.0,0.0,0.0,1.0,0.0,,,Yes,8fa3c8dd-072d-4e6a-873b-bc8e591ed5a5
,,33.763243422733275,-84.41229908932574,Stage 5,DPA,Homeowner,1,1,2969,IA,Other,,,URBAN LEAGUE OF GREATER ATLANTA,"TAD,Other",URBAN LEAGUE OF GREATER ATLANTA,Permanent,288456.0,256456.0,0.0,32000.0,2026-07-29 16:00:00,2026-07-29 16:00:00,2026-07-29 16:00:00,14 011000021491,252000.0,4456.0,0.0,0,0,0,0,0,0.0,,0.0,20000,0,0.0,0.0,0.0,0.0,12000.0,0,0.0,0.0,0.0,1.0,0.0,0.0,,,Yes,157adc7e-aeeb-4230-86b7-69da10a3d620
,,33.65746652877771,-84.35637578571048,Stage 5,DPA,Homeowner,1,1,2970,IA,AH,,,,"AH_DPA,HOB",,Permanent,216535.0,186535.0,0.0,30000.0,2026-07-31 16:00:00,2026-07-31 16:00:00,2026-07-31 16:00:00,14 000200020585,172466.0,14069.0,0.0,0,0,0,0,0,0.0,,0.0,0,10000,0.0,20000.0,0.0,0.0,0.0,0,0.0,0.0,1.0,0.0,0.0,0.0,,,Yes,41ddc6e0-42c7-45bd-80d2-281a31763cf5
,,33.72681152249072,-84.42440691610072,Stage 5,DPA,Homeowner,1,1,2971,IA,AH,,,,"AH_DPA,HOB",,Permanent,218069.0,183069.0,0.0,35000.0,2026-07-31 16:00:00,2026-07-31 16:00:00,2026-07-31 16:00:00,14 01190003137,169000.0,14069.0,0.0,0,0,0,0,0,0.0,,0.0,0,10000,0.0,25000.0,0.0,0.0,0.0,0,0.0,0.0,0.0,1.0,0.0,0.0,,,Yes,d8b0494e-b6b6-4948-8751-9c34cca6e438
390 Sunset,"390 Sunset Ave NW, Atlanta, GA 30314",33.76509679646926,-84.41022067765765,Stage 4,Rehab_HomeFlex,Renter,26,26,2972,IA,Other,,,Westside Future Fund,TAD,,,8600165.0,6100165.0,0.0,2500000.0,,2025-09-05 16:00:00,,,3900000.0,2200165.0,0.0,0,0,0,0,0,0.0,,0.0,2500000,0,0.0,0.0,0.0,0.0,0.0,0,5.0,0.0,8.0,13.0,0.0,0.0,,,Yes,4cf528b3-32fe-4551-8450-8ca9f802bd95
356 James P Brawley,"356 James P Brawley Dr NW, Atlanta, GA 30314",33.76439194783941,-84.41292800913398,Stage 5,Rehab_HomeFlex,Renter,8,8,2973,AH,,,,,AH_DPA,,,0.0,0.0,0.0,0.0,,2022-04-05 16:00:00,2023-10-16 16:00:00,,0.0,0.0,0.0,0,0,0,0,0,0.0,,0.0,0,0,0.0,0.0,0.0,0.0,0.0,0,0.0,0.0,8.0,0.0,0.0,0.0,,,Yes,e4e3d77f-a458-4a73-8ea7-629ba022c164
English Commons,"392 & 396 James P Brawley Dr NW, Atlanta, GA 30314",33.76548293635694,-84.41287704716302,Stage 4,Rehab_HomeFlex,Renter,20,16,2974,IA,,,,,"Housing_Trust_Fund,TAD","VCHTF, Westside TAD Resurgens Fund",,4530000.0,2930000.0,0.0,1600000.0,,2025-12-12 17:00:00,,,1500000.0,1430000.0,0.0,0,0,0,0,0,0.0,,0.0,1000000,0,600000.0,0.0,0.0,0.0,0.0,0,0.0,0.0,6.0,10.0,0.0,4.0,PSO,,Yes,fc3cfdf1-2edf-4cd8-8a3c-5a6f77786f79
